dataset,split,variant,metric,mean_value,valid_n,total_scene_count,metric_direction,note
glossy_synthetic,train,base,mean_reflection_consistency,0.17661746013909574,8,8,lower,mean over 8/8 valid scene rows
glossy_synthetic,train,base,reflective_region_psnr,26.481285572052002,8,8,higher,mean over 8/8 valid scene rows
glossy_synthetic,train,base,full_psnr,33.005992668015615,8,8,higher,mean over 8/8 valid scene rows
glossy_synthetic,train,base,full_ssim,0.9740527807734907,8,8,higher,mean over 8/8 valid scene rows
glossy_synthetic,train,base,full_lpips,0.03442330975043916,8,8,lower,mean over 8/8 valid scene rows
glossy_synthetic,train,base,reflective_psnr,34.23461346115385,8,8,higher,mean over 8/8 valid scene rows
glossy_synthetic,train,base,reflective_ssim,0.9802816402433174,8,8,higher,mean over 8/8 valid scene rows
glossy_synthetic,train,base,reflective_lpips,0.02360313355165995,8,8,lower,mean over 8/8 valid scene rows
glossy_synthetic,train,base,valid_pair_count,10.0,8,8,count,mean over 8/8 valid scene rows
glossy_synthetic,train,rc,mean_reflection_consistency,0.15684435935690996,8,8,lower,mean over 8/8 valid scene rows
glossy_synthetic,train,rc,reflective_region_psnr,26.38684096336365,8,8,higher,mean over 8/8 valid scene rows
glossy_synthetic,train,rc,full_psnr,33.00418025893825,8,8,higher,mean over 8/8 valid scene rows
glossy_synthetic,train,rc,full_ssim,0.9744548842177859,8,8,higher,mean over 8/8 valid scene rows
glossy_synthetic,train,rc,full_lpips,0.034053431038046214,8,8,lower,mean over 8/8 valid scene rows
glossy_synthetic,train,rc,reflective_psnr,34.13231866274561,8,8,higher,mean over 8/8 valid scene rows
glossy_synthetic,train,rc,reflective_ssim,0.9802358129194805,8,8,higher,mean over 8/8 valid scene rows
glossy_synthetic,train,rc,reflective_lpips,0.023735924434731662,8,8,lower,mean over 8/8 valid scene rows
glossy_synthetic,train,rc,valid_pair_count,10.0,8,8,count,mean over 8/8 valid scene rows
glossy_synthetic,train,wo_ref,mean_reflection_consistency,0.17445868374779816,8,8,lower,mean over 8/8 valid scene rows
glossy_synthetic,train,wo_ref,reflective_region_psnr,26.341012358665466,8,8,higher,mean over 8/8 valid scene rows
glossy_synthetic,train,wo_ref,full_psnr,32.88893705180713,8,8,higher,mean over 8/8 valid scene rows
glossy_synthetic,train,wo_ref,full_ssim,0.9737142964399287,8,8,higher,mean over 8/8 valid scene rows
glossy_synthetic,train,wo_ref,full_lpips,0.035163897081344736,8,8,lower,mean over 8/8 valid scene rows
glossy_synthetic,train,wo_ref,reflective_psnr,34.14033387388502,8,8,higher,mean over 8/8 valid scene rows
glossy_synthetic,train,wo_ref,reflective_ssim,0.9801796419279916,8,8,higher,mean over 8/8 valid scene rows
glossy_synthetic,train,wo_ref,reflective_lpips,0.024096338972282937,8,8,lower,mean over 8/8 valid scene rows
glossy_synthetic,train,wo_ref,valid_pair_count,10.0,8,8,count,mean over 8/8 valid scene rows
glossy_synthetic,train,wo_ref,num_pairs,10.0,8,8,count,mean over 8/8 valid scene rows
glossy_synthetic,train,wo_ref,num_images,112.0,8,8,count,mean over 8/8 valid scene rows
glossy_synthetic,train,wo_conf,mean_reflection_consistency,0.1599284583702683,8,8,lower,mean over 8/8 valid scene rows
glossy_synthetic,train,wo_conf,reflective_region_psnr,26.352376079559328,8,8,higher,mean over 8/8 valid scene rows
glossy_synthetic,train,wo_conf,full_psnr,32.895391087446896,8,8,higher,mean over 8/8 valid scene rows
glossy_synthetic,train,wo_conf,full_ssim,0.9736595936119556,8,8,higher,mean over 8/8 valid scene rows
glossy_synthetic,train,wo_conf,full_lpips,0.03525113558758411,8,8,lower,mean over 8/8 valid scene rows
glossy_synthetic,train,wo_conf,reflective_psnr,34.176524439028334,8,8,higher,mean over 8/8 valid scene rows
glossy_synthetic,train,wo_conf,reflective_ssim,0.9800136812430408,8,8,higher,mean over 8/8 valid scene rows
glossy_synthetic,train,wo_conf,reflective_lpips,0.024235543362530164,8,8,lower,mean over 8/8 valid scene rows
glossy_synthetic,train,wo_conf,valid_pair_count,10.0,8,8,count,mean over 8/8 valid scene rows
glossy_synthetic,train,wo_conf,num_pairs,10.0,8,8,count,mean over 8/8 valid scene rows
glossy_synthetic,train,wo_conf,num_images,112.0,8,8,count,mean over 8/8 valid scene rows
glossy_synthetic,train,rough_only,mean_reflection_consistency,0.17558211507275698,8,8,lower,mean over 8/8 valid scene rows
glossy_synthetic,train,rough_only,reflective_region_psnr,26.264969444274904,8,8,higher,mean over 8/8 valid scene rows
glossy_synthetic,train,rough_only,full_psnr,32.928192785808015,8,8,higher,mean over 8/8 valid scene rows
glossy_synthetic,train,rough_only,full_ssim,0.9737364493443498,8,8,higher,mean over 8/8 valid scene rows
glossy_synthetic,train,rough_only,full_lpips,0.03522757993570324,8,8,lower,mean over 8/8 valid scene rows
glossy_synthetic,train,rough_only,reflective_psnr,34.039422599332674,8,8,higher,mean over 8/8 valid scene rows
glossy_synthetic,train,rough_only,reflective_ssim,0.9802237184319114,8,8,higher,mean over 8/8 valid scene rows
glossy_synthetic,train,rough_only,reflective_lpips,0.024260019639249127,8,8,lower,mean over 8/8 valid scene rows
glossy_synthetic,train,rough_only,valid_pair_count,10.0,8,8,count,mean over 8/8 valid scene rows
glossy_synthetic,train,rough_only,num_pairs,10.0,8,8,count,mean over 8/8 valid scene rows
glossy_synthetic,train,rough_only,num_images,112.0,8,8,count,mean over 8/8 valid scene rows
glossy_synthetic,test,base,mean_reflection_consistency,0.17961269919760522,8,8,lower,mean over 8/8 valid scene rows
glossy_synthetic,test,base,reflective_region_psnr,24.312145137786864,8,8,higher,mean over 8/8 valid scene rows
glossy_synthetic,test,base,full_psnr,30.18935777246952,8,8,higher,mean over 8/8 valid scene rows
glossy_synthetic,test,base,full_ssim,0.9567074188962579,8,8,higher,mean over 8/8 valid scene rows
glossy_synthetic,test,base,full_lpips,0.04345564357936376,8,8,lower,mean over 8/8 valid scene rows
glossy_synthetic,test,base,reflective_psnr,31.457174748182297,8,8,higher,mean over 8/8 valid scene rows
glossy_synthetic,test,base,reflective_ssim,0.9684194102883339,8,8,higher,mean over 8/8 valid scene rows
glossy_synthetic,test,base,reflective_lpips,0.031200014542264363,8,8,lower,mean over 8/8 valid scene rows
glossy_synthetic,test,base,valid_pair_count,10.0,8,8,count,mean over 8/8 valid scene rows
glossy_synthetic,test,rc,mean_reflection_consistency,0.1594663533382117,8,8,lower,mean over 8/8 valid scene rows
glossy_synthetic,test,rc,reflective_region_psnr,24.359107542037965,8,8,higher,mean over 8/8 valid scene rows
glossy_synthetic,test,rc,full_psnr,30.21937519311905,8,8,higher,mean over 8/8 valid scene rows
glossy_synthetic,test,rc,full_ssim,0.9574606386013329,8,8,higher,mean over 8/8 valid scene rows
glossy_synthetic,test,rc,full_lpips,0.042769070802023586,8,8,lower,mean over 8/8 valid scene rows
glossy_synthetic,test,rc,reflective_psnr,31.37676790356636,8,8,higher,mean over 8/8 valid scene rows
glossy_synthetic,test,rc,reflective_ssim,0.968180850148201,8,8,higher,mean over 8/8 valid scene rows
glossy_synthetic,test,rc,reflective_lpips,0.031232604051183402,8,8,lower,mean over 8/8 valid scene rows
glossy_synthetic,test,rc,valid_pair_count,10.0,8,8,count,mean over 8/8 valid scene rows
glossy_synthetic,test,wo_ref,mean_reflection_consistency,0.17987457509152588,8,8,lower,mean over 8/8 valid scene rows
glossy_synthetic,test,wo_ref,reflective_region_psnr,24.311390352249145,8,8,higher,mean over 8/8 valid scene rows
glossy_synthetic,test,wo_ref,full_psnr,30.163601741194725,8,8,higher,mean over 8/8 valid scene rows
glossy_synthetic,test,wo_ref,full_ssim,0.9567342675291002,8,8,higher,mean over 8/8 valid scene rows
glossy_synthetic,test,wo_ref,full_lpips,0.0437892408808693,8,8,lower,mean over 8/8 valid scene rows
glossy_synthetic,test,wo_ref,reflective_psnr,31.46579457819462,8,8,higher,mean over 8/8 valid scene rows
glossy_synthetic,test,wo_ref,reflective_ssim,0.968752515502274,8,8,higher,mean over 8/8 valid scene rows
glossy_synthetic,test,wo_ref,reflective_lpips,0.03114041945809726,8,8,lower,mean over 8/8 valid scene rows
glossy_synthetic,test,wo_ref,valid_pair_count,10.0,8,8,count,mean over 8/8 valid scene rows
glossy_synthetic,test,wo_ref,num_pairs,10.0,8,8,count,mean over 8/8 valid scene rows
glossy_synthetic,test,wo_ref,num_images,16.0,8,8,count,mean over 8/8 valid scene rows
glossy_synthetic,test,wo_conf,mean_reflection_consistency,0.1672663496341556,8,8,lower,mean over 8/8 valid scene rows
glossy_synthetic,test,wo_conf,reflective_region_psnr,24.291162776947022,8,8,higher,mean over 8/8 valid scene rows
glossy_synthetic,test,wo_conf,full_psnr,30.134391993284225,8,8,higher,mean over 8/8 valid scene rows
glossy_synthetic,test,wo_conf,full_ssim,0.9564330391585827,8,8,higher,mean over 8/8 valid scene rows
glossy_synthetic,test,wo_conf,full_lpips,0.04394954256713385,8,8,lower,mean over 8/8 valid scene rows
glossy_synthetic,test,wo_conf,reflective_psnr,31.42983829975128,8,8,higher,mean over 8/8 valid scene rows
glossy_synthetic,test,wo_conf,reflective_ssim,0.9682827927172184,8,8,higher,mean over 8/8 valid scene rows
glossy_synthetic,test,wo_conf,reflective_lpips,0.03148401039652522,8,8,lower,mean over 8/8 valid scene rows
glossy_synthetic,test,wo_conf,valid_pair_count,10.0,8,8,count,mean over 8/8 valid scene rows
glossy_synthetic,test,wo_conf,num_pairs,10.0,8,8,count,mean over 8/8 valid scene rows
glossy_synthetic,test,wo_conf,num_images,16.0,8,8,count,mean over 8/8 valid scene rows
glossy_synthetic,test,rough_only,mean_reflection_consistency,0.18067174167372282,8,8,lower,mean over 8/8 valid scene rows
glossy_synthetic,test,rough_only,reflective_region_psnr,24.24244463443756,8,8,higher,mean over 8/8 valid scene rows
glossy_synthetic,test,rough_only,full_psnr,30.186743333935738,8,8,higher,mean over 8/8 valid scene rows
glossy_synthetic,test,rough_only,full_ssim,0.9565872251987457,8,8,higher,mean over 8/8 valid scene rows
glossy_synthetic,test,rough_only,full_lpips,0.043953611500910435,8,8,lower,mean over 8/8 valid scene rows
glossy_synthetic,test,rough_only,reflective_psnr,31.342510998249054,8,8,higher,mean over 8/8 valid scene rows
glossy_synthetic,test,rough_only,reflective_ssim,0.9682444971986115,8,8,higher,mean over 8/8 valid scene rows
glossy_synthetic,test,rough_only,reflective_lpips,0.03142245165508935,8,8,lower,mean over 8/8 valid scene rows
glossy_synthetic,test,rough_only,valid_pair_count,10.0,8,8,count,mean over 8/8 valid scene rows
glossy_synthetic,test,rough_only,num_pairs,10.0,8,8,count,mean over 8/8 valid scene rows
glossy_synthetic,test,rough_only,num_images,16.0,8,8,count,mean over 8/8 valid scene rows
shiny_blender_synthetic,train,base,mean_reflection_consistency,0.24635287795681504,6,6,lower,mean over 6/6 valid scene rows
shiny_blender_synthetic,train,base,reflective_region_psnr,35.264261627197264,6,6,higher,mean over 6/6 valid scene rows
shiny_blender_synthetic,train,base,full_psnr,39.93250642776489,6,6,higher,mean over 6/6 valid scene rows
shiny_blender_synthetic,train,base,full_ssim,0.9885789423187573,6,6,higher,mean over 6/6 valid scene rows
shiny_blender_synthetic,train,base,full_lpips,0.017907702014102383,6,6,lower,mean over 6/6 valid scene rows
shiny_blender_synthetic,train,base,reflective_psnr,41.460931361516316,6,6,higher,mean over 6/6 valid scene rows
shiny_blender_synthetic,train,base,reflective_ssim,0.9929498086373011,6,6,higher,mean over 6/6 valid scene rows
shiny_blender_synthetic,train,base,reflective_lpips,0.009381933400776032,6,6,lower,mean over 6/6 valid scene rows
shiny_blender_synthetic,train,base,valid_pair_count,10.0,6,6,count,mean over 6/6 valid scene rows
shiny_blender_synthetic,train,rc,mean_reflection_consistency,0.09923632875240092,6,6,lower,mean over 6/6 valid scene rows
shiny_blender_synthetic,train,rc,reflective_region_psnr,35.44624354044596,6,6,higher,mean over 6/6 valid scene rows
shiny_blender_synthetic,train,rc,full_psnr,39.997352027893065,6,6,higher,mean over 6/6 valid scene rows
shiny_blender_synthetic,train,rc,full_ssim,0.9885230180621147,6,6,higher,mean over 6/6 valid scene rows
shiny_blender_synthetic,train,rc,full_lpips,0.018059345418102217,6,6,lower,mean over 6/6 valid scene rows
shiny_blender_synthetic,train,rc,reflective_psnr,41.4055595556895,6,6,higher,mean over 6/6 valid scene rows
shiny_blender_synthetic,train,rc,reflective_ssim,0.9927345309654871,6,6,higher,mean over 6/6 valid scene rows
shiny_blender_synthetic,train,rc,reflective_lpips,0.010082604786051233,6,6,lower,mean over 6/6 valid scene rows
shiny_blender_synthetic,train,rc,valid_pair_count,10.0,6,6,count,mean over 6/6 valid scene rows
shiny_blender_synthetic,train,wo_ref,mean_reflection_consistency,0.21180515233427286,6,6,lower,mean over 6/6 valid scene rows
shiny_blender_synthetic,train,wo_ref,reflective_region_psnr,35.50198593139648,6,6,higher,mean over 6/6 valid scene rows
shiny_blender_synthetic,train,wo_ref,full_psnr,39.9741341304779,6,6,higher,mean over 6/6 valid scene rows
shiny_blender_synthetic,train,wo_ref,full_ssim,0.9885532344381014,6,6,higher,mean over 6/6 valid scene rows
shiny_blender_synthetic,train,wo_ref,full_lpips,0.018039178367374266,6,6,lower,mean over 6/6 valid scene rows
shiny_blender_synthetic,train,wo_ref,reflective_psnr,41.602831020355225,6,6,higher,mean over 6/6 valid scene rows
shiny_blender_synthetic,train,wo_ref,reflective_ssim,0.9929313226540883,6,6,higher,mean over 6/6 valid scene rows
shiny_blender_synthetic,train,wo_ref,reflective_lpips,0.009892355656387084,6,6,lower,mean over 6/6 valid scene rows
shiny_blender_synthetic,train,wo_ref,valid_pair_count,10.0,6,6,count,mean over 6/6 valid scene rows
shiny_blender_synthetic,train,wo_ref,num_pairs,10.0,6,6,count,mean over 6/6 valid scene rows
shiny_blender_synthetic,train,wo_ref,num_images,100.0,6,6,count,mean over 6/6 valid scene rows
shiny_blender_synthetic,train,wo_conf,mean_reflection_consistency,0.10944761099138604,6,6,lower,mean over 6/6 valid scene rows
shiny_blender_synthetic,train,wo_conf,reflective_region_psnr,35.263858985900875,6,6,higher,mean over 6/6 valid scene rows
shiny_blender_synthetic,train,wo_conf,full_psnr,39.9104645729065,6,6,higher,mean over 6/6 valid scene rows
shiny_blender_synthetic,train,wo_conf,full_ssim,0.9885070237517356,6,6,higher,mean over 6/6 valid scene rows
shiny_blender_synthetic,train,wo_conf,full_lpips,0.018095650328517236,6,6,lower,mean over 6/6 valid scene rows
shiny_blender_synthetic,train,wo_conf,reflective_psnr,41.498613080978394,6,6,higher,mean over 6/6 valid scene rows
shiny_blender_synthetic,train,wo_conf,reflective_ssim,0.9929619072874387,6,6,higher,mean over 6/6 valid scene rows
shiny_blender_synthetic,train,wo_conf,reflective_lpips,0.009293798628689983,6,6,lower,mean over 6/6 valid scene rows
shiny_blender_synthetic,train,wo_conf,valid_pair_count,10.0,6,6,count,mean over 6/6 valid scene rows
shiny_blender_synthetic,train,wo_conf,num_pairs,10.0,6,6,count,mean over 6/6 valid scene rows
shiny_blender_synthetic,train,wo_conf,num_images,100.0,6,6,count,mean over 6/6 valid scene rows
shiny_blender_synthetic,train,rough_only,mean_reflection_consistency,0.19319159153383225,6,6,lower,mean over 6/6 valid scene rows
shiny_blender_synthetic,train,rough_only,reflective_region_psnr,35.31342045466105,6,6,higher,mean over 6/6 valid scene rows
shiny_blender_synthetic,train,rough_only,full_psnr,39.9627473449707,6,6,higher,mean over 6/6 valid scene rows
shiny_blender_synthetic,train,rough_only,full_ssim,0.9885861658056577,6,6,higher,mean over 6/6 valid scene rows
shiny_blender_synthetic,train,rough_only,full_lpips,0.017989290977420715,6,6,lower,mean over 6/6 valid scene rows
shiny_blender_synthetic,train,rough_only,reflective_psnr,41.36411877632141,6,6,higher,mean over 6/6 valid scene rows
shiny_blender_synthetic,train,rough_only,reflective_ssim,0.9928954441348711,6,6,higher,mean over 6/6 valid scene rows
shiny_blender_synthetic,train,rough_only,reflective_lpips,0.009786465628033767,6,6,lower,mean over 6/6 valid scene rows
shiny_blender_synthetic,train,rough_only,valid_pair_count,10.0,6,6,count,mean over 6/6 valid scene rows
shiny_blender_synthetic,train,rough_only,num_pairs,10.0,6,6,count,mean over 6/6 valid scene rows
shiny_blender_synthetic,train,rough_only,num_images,100.0,6,6,count,mean over 6/6 valid scene rows
shiny_blender_synthetic,test,base,mean_reflection_consistency,0.07812160021470234,6,6,lower,mean over 6/6 valid scene rows
shiny_blender_synthetic,test,base,reflective_region_psnr,31.259748204549155,6,6,higher,mean over 6/6 valid scene rows
shiny_blender_synthetic,test,base,full_psnr,35.6561815516154,6,6,higher,mean over 6/6 valid scene rows
shiny_blender_synthetic,test,base,full_ssim,0.9769594379762809,6,6,higher,mean over 6/6 valid scene rows
shiny_blender_synthetic,test,base,full_lpips,0.029423649980308202,6,6,lower,mean over 6/6 valid scene rows
shiny_blender_synthetic,test,base,reflective_psnr,36.84502084732056,6,6,higher,mean over 6/6 valid scene rows
shiny_blender_synthetic,test,base,reflective_ssim,0.9843464319904646,6,6,higher,mean over 6/6 valid scene rows
shiny_blender_synthetic,test,base,reflective_lpips,0.017286063092227133,6,6,lower,mean over 6/6 valid scene rows
shiny_blender_synthetic,test,base,valid_pair_count,10.0,6,6,count,mean over 6/6 valid scene rows
shiny_blender_synthetic,test,rc,mean_reflection_consistency,0.033585937484167445,6,6,lower,mean over 6/6 valid scene rows
shiny_blender_synthetic,test,rc,reflective_region_psnr,31.13203713099162,6,6,higher,mean over 6/6 valid scene rows
shiny_blender_synthetic,test,rc,full_psnr,35.73115963459015,6,6,higher,mean over 6/6 valid scene rows
shiny_blender_synthetic,test,rc,full_ssim,0.9770287356277306,6,6,higher,mean over 6/6 valid scene rows
shiny_blender_synthetic,test,rc,full_lpips,0.02950794291959022,6,6,lower,mean over 6/6 valid scene rows
shiny_blender_synthetic,test,rc,reflective_psnr,36.86138063589732,6,6,higher,mean over 6/6 valid scene rows
shiny_blender_synthetic,test,rc,reflective_ssim,0.9841835685571034,6,6,higher,mean over 6/6 valid scene rows
shiny_blender_synthetic,test,rc,reflective_lpips,0.018261763436651816,6,6,lower,mean over 6/6 valid scene rows
shiny_blender_synthetic,test,rc,valid_pair_count,10.0,6,6,count,mean over 6/6 valid scene rows
shiny_blender_synthetic,test,wo_ref,mean_reflection_consistency,0.07545600383697694,6,6,lower,mean over 6/6 valid scene rows
shiny_blender_synthetic,test,wo_ref,reflective_region_psnr,31.39551493326823,6,6,higher,mean over 6/6 valid scene rows
shiny_blender_synthetic,test,wo_ref,full_psnr,35.642333084742226,6,6,higher,mean over 6/6 valid scene rows
shiny_blender_synthetic,test,wo_ref,full_ssim,0.9770388684173424,6,6,higher,mean over 6/6 valid scene rows
shiny_blender_synthetic,test,wo_ref,full_lpips,0.029530830781101598,6,6,lower,mean over 6/6 valid scene rows
shiny_blender_synthetic,test,wo_ref,reflective_psnr,36.887973426183066,6,6,higher,mean over 6/6 valid scene rows
shiny_blender_synthetic,test,wo_ref,reflective_ssim,0.9844267472128073,6,6,higher,mean over 6/6 valid scene rows
shiny_blender_synthetic,test,wo_ref,reflective_lpips,0.017958168825110334,6,6,lower,mean over 6/6 valid scene rows
shiny_blender_synthetic,test,wo_ref,valid_pair_count,10.0,6,6,count,mean over 6/6 valid scene rows
shiny_blender_synthetic,test,wo_ref,num_pairs,10.0,6,6,count,mean over 6/6 valid scene rows
shiny_blender_synthetic,test,wo_ref,num_images,200.0,6,6,count,mean over 6/6 valid scene rows
shiny_blender_synthetic,test,wo_conf,mean_reflection_consistency,0.03864469725328183,6,6,lower,mean over 6/6 valid scene rows
shiny_blender_synthetic,test,wo_conf,reflective_region_psnr,31.467753442128497,6,6,higher,mean over 6/6 valid scene rows
shiny_blender_synthetic,test,wo_conf,full_psnr,35.64995491663615,6,6,higher,mean over 6/6 valid scene rows
shiny_blender_synthetic,test,wo_conf,full_ssim,0.9769110878308614,6,6,higher,mean over 6/6 valid scene rows
shiny_blender_synthetic,test,wo_conf,full_lpips,0.029732991878942464,6,6,lower,mean over 6/6 valid scene rows
shiny_blender_synthetic,test,wo_conf,reflective_psnr,36.874269989331566,6,6,higher,mean over 6/6 valid scene rows
shiny_blender_synthetic,test,wo_conf,reflective_ssim,0.984405638674895,6,6,higher,mean over 6/6 valid scene rows
shiny_blender_synthetic,test,wo_conf,reflective_lpips,0.017170109719954734,6,6,lower,mean over 6/6 valid scene rows
shiny_blender_synthetic,test,wo_conf,valid_pair_count,10.0,6,6,count,mean over 6/6 valid scene rows
shiny_blender_synthetic,test,wo_conf,num_pairs,10.0,6,6,count,mean over 6/6 valid scene rows
shiny_blender_synthetic,test,wo_conf,num_images,200.0,6,6,count,mean over 6/6 valid scene rows
shiny_blender_synthetic,test,rough_only,mean_reflection_consistency,0.06957012750208376,6,6,lower,mean over 6/6 valid scene rows
shiny_blender_synthetic,test,rough_only,reflective_region_psnr,31.617156887054445,6,6,higher,mean over 6/6 valid scene rows
shiny_blender_synthetic,test,rough_only,full_psnr,35.61654342969259,6,6,higher,mean over 6/6 valid scene rows
shiny_blender_synthetic,test,rough_only,full_ssim,0.9768282643953959,6,6,higher,mean over 6/6 valid scene rows
shiny_blender_synthetic,test,rough_only,full_lpips,0.029734810318089583,6,6,lower,mean over 6/6 valid scene rows
shiny_blender_synthetic,test,rough_only,reflective_psnr,36.64806939442953,6,6,higher,mean over 6/6 valid scene rows
shiny_blender_synthetic,test,rough_only,reflective_ssim,0.9839867821335794,6,6,higher,mean over 6/6 valid scene rows
shiny_blender_synthetic,test,rough_only,reflective_lpips,0.018113061523690663,6,6,lower,mean over 6/6 valid scene rows
shiny_blender_synthetic,test,rough_only,valid_pair_count,10.0,6,6,count,mean over 6/6 valid scene rows
shiny_blender_synthetic,test,rough_only,num_pairs,10.0,6,6,count,mean over 6/6 valid scene rows
shiny_blender_synthetic,test,rough_only,num_images,200.0,6,6,count,mean over 6/6 valid scene rows
