dataset,split,scene,variant,mean_reflection_consistency,reflective_region_psnr,full_psnr,full_ssim,full_lpips,reflective_psnr,reflective_ssim,reflective_lpips,valid_pair_count,num_pairs,num_images,notes
glossy_synthetic,train,angel,base,0.1161050170660018,25.86960678100586,32.8659302847726,0.9742000039134708,0.0325455718141581,34.376462493624004,0.9835989932928768,0.0160896331570776,10.0,NA,NA,missing entries are NA and excluded from averages
glossy_synthetic,train,angel,rc,0.0997577019035816,26.09582443237305,32.80772658756801,0.9744968760226456,0.0324710208057825,34.23360657691956,0.9837508334645204,0.0163719008227677,10.0,NA,NA,missing entries are NA and excluded from averages
glossy_synthetic,train,angel,wo_ref,0.1175509773194789,25.99390811920166,32.895416617393494,0.97448186523148,0.0323494809480117,34.56403170313154,0.9846151785126754,0.0157215853022145,10.0,10.0,112.0,missing entries are NA and excluded from averages
glossy_synthetic,train,angel,wo_conf,0.1043616481125354,26.048081970214845,32.88566199370793,0.9744018933602742,0.0322457009460777,34.51892679078238,0.9841542036405632,0.0157127853516223,10.0,10.0,112.0,missing entries are NA and excluded from averages
glossy_synthetic,train,angel,rough_only,0.1152371354401111,25.64068298339844,32.64003835405622,0.9738713891378472,0.0330251362008441,34.027350834437776,0.9840815556900842,0.0162402759222979,10.0,10.0,112.0,missing entries are NA and excluded from averages
glossy_synthetic,train,bell,base,0.1478155322372913,28.298690032958984,34.258189473833355,0.976869246257203,0.032542489834928,34.90486281258719,0.9790980273059436,0.0260024357786668,10.0,NA,NA,missing entries are NA and excluded from averages
glossy_synthetic,train,bell,rc,0.1433430403470993,28.27375888824463,34.27323712621416,0.9775770684438092,0.0309785973846114,34.9207432610648,0.9798789471387864,0.0244719251890533,10.0,NA,NA,missing entries are NA and excluded from averages
glossy_synthetic,train,bell,wo_ref,0.1472119845449924,28.287261962890625,34.103809288569856,0.9761554598808287,0.0333940191194415,34.78946573393686,0.9787812456488608,0.0266518970851653,10.0,10.0,112.0,missing entries are NA and excluded from averages
glossy_synthetic,train,bell,wo_conf,0.1432468637824058,28.281042098999023,34.23323018210275,0.9767290518752166,0.0328654090408235,34.86687840734209,0.9788906994674887,0.0265659605585304,10.0,10.0,112.0,missing entries are NA and excluded from averages
glossy_synthetic,train,bell,rough_only,0.150847277790308,28.27362060546875,34.232450008392334,0.976803178765944,0.0329372637206688,34.85300987107413,0.9793340042233468,0.0270949976319181,10.0,10.0,112.0,missing entries are NA and excluded from averages
glossy_synthetic,train,cat,base,0.1224585108458995,28.26777744293213,36.00860548019409,0.9855903860713754,0.0293366401788911,36.98094197681972,0.989677577146462,0.0180683377298659,10.0,NA,NA,missing entries are NA and excluded from averages
glossy_synthetic,train,cat,rc,0.1153977930545806,28.245301818847658,36.03758927753994,0.9857039712369442,0.0291747528826817,36.875485352107454,0.9890196302107402,0.0188038112329585,10.0,NA,NA,missing entries are NA and excluded from averages
glossy_synthetic,train,cat,wo_ref,0.1248512998223304,28.06360321044922,35.66708442143032,0.9846585802733898,0.0307441557524725,36.9030259677342,0.9897249191999437,0.0181388792033041,10.0,10.0,112.0,missing entries are NA and excluded from averages
glossy_synthetic,train,cat,wo_conf,0.1199806176126003,27.952320671081544,35.645037923540386,0.9847686061901706,0.0306130682168129,37.06301147597177,0.9900204672345092,0.0174814828289007,10.0,10.0,112.0,missing entries are NA and excluded from averages
glossy_synthetic,train,cat,rough_only,0.1237304925918579,28.029560089111328,35.88318872451782,0.9853117199880737,0.030163066478313,36.88422308649336,0.989500999982868,0.0187849057339397,10.0,10.0,112.0,missing entries are NA and excluded from averages
glossy_synthetic,train,horse,base,0.1993733793497085,24.13563022613525,30.47383063180106,0.9692279866763523,0.0293434990702995,32.955077852521626,0.980091870895454,0.0174163100808592,10.0,NA,NA,missing entries are NA and excluded from averages
glossy_synthetic,train,horse,rc,0.178480402380228,24.25545234680176,30.506667528833663,0.969814194632428,0.0291160381498879,33.067918624196736,0.980128502207143,0.0175319924850815,10.0,NA,NA,missing entries are NA and excluded from averages
glossy_synthetic,train,horse,wo_ref,0.1957314908504486,23.41133346557617,30.001469952719557,0.96853007376194,0.0315188622002356,32.242526922907146,0.9793699149574552,0.0194963315817793,10.0,10.0,112.0,missing entries are NA and excluded from averages
glossy_synthetic,train,horse,wo_conf,0.1814376354217529,24.006666946411134,30.35312044620514,0.968864472316844,0.0303609776310622,32.720366512026104,0.979630384594202,0.0184268125615614,10.0,10.0,112.0,missing entries are NA and excluded from averages
glossy_synthetic,train,horse,rough_only,0.1980418115854263,23.90645294189453,30.46162848813193,0.9691522062889169,0.0298955312963309,32.58050959450858,0.9808108982230936,0.0172223605830887,10.0,10.0,112.0,missing entries are NA and excluded from averages
glossy_synthetic,train,luyu,base,0.1188806600868701,25.514339637756347,32.07533998148782,0.966454624065331,0.0314378451855321,33.95423786980765,0.9796441426234586,0.0195913613008867,10.0,NA,NA,missing entries are NA and excluded from averages
glossy_synthetic,train,luyu,rc,0.1100398741662502,24.714074897766118,31.61531347887857,0.9660793345953737,0.0326743896751265,33.3053354876382,0.9789685202496392,0.0212975137983448,10.0,NA,NA,missing entries are NA and excluded from averages
glossy_synthetic,train,luyu,wo_ref,0.1222952775657177,25.654272842407227,32.102201563971384,0.9665356650948524,0.031281597529804,34.097303066934856,0.9801080647323812,0.0192210355307906,10.0,10.0,112.0,missing entries are NA and excluded from averages
glossy_synthetic,train,luyu,wo_conf,0.1096168525516986,25.221497535705566,31.85184618404933,0.9658277976725784,0.032344808219932,33.61810239723751,0.9785392044910364,0.0209630046738311,10.0,10.0,112.0,missing entries are NA and excluded from averages
glossy_synthetic,train,luyu,rough_only,0.1204022161662578,25.31834316253662,31.86562861715044,0.9654750595135349,0.0326713914816666,33.7397027185985,0.9791939721575804,0.0206093213969974,10.0,10.0,112.0,missing entries are NA and excluded from averages
glossy_synthetic,train,potion,base,0.0924010790884494,29.079368019104,34.99247983523777,0.9744603293282644,0.0493946124333888,36.19237075533186,0.9797775681529728,0.0328107241408101,10.0,NA,NA,missing entries are NA and excluded from averages
glossy_synthetic,train,potion,rc,0.0871635764837265,29.33946208953857,35.19222099440439,0.9750580276761736,0.048408713856978,36.31153321266174,0.9798827692866324,0.0320936947495543,10.0,NA,NA,missing entries are NA and excluded from averages
glossy_synthetic,train,potion,wo_ref,0.0920600324869155,29.271531105041504,34.98601012570517,0.9742263864193644,0.0499258520347731,36.04801133700779,0.979314211755991,0.0327925332322982,10.0,10.0,112.0,missing entries are NA and excluded from averages
glossy_synthetic,train,potion,wo_conf,0.0823602281510829,29.058702087402345,34.90818759373256,0.9732388550681728,0.0520599087633724,36.03151154518128,0.9786900973745756,0.0349031836127064,10.0,10.0,112.0,missing entries are NA and excluded from averages
glossy_synthetic,train,potion,rough_only,0.0931119829416275,29.025543212890625,35.05583388464792,0.9739726835063526,0.0515643032600304,36.101957593645366,0.9794507777052266,0.033674003190494,10.0,10.0,112.0,missing entries are NA and excluded from averages
glossy_synthetic,train,tbell,base,0.2808011561632156,27.632582473754884,33.503919754709514,0.9773495623043604,0.0321990284802658,34.00247841221945,0.9790906640035766,0.0259363891922735,10.0,NA,NA,missing entries are NA and excluded from averages
glossy_synthetic,train,tbell,rc,0.2262924328446388,27.312349319458008,33.58587271826608,0.977724187608276,0.0312498442695609,33.86807264600481,0.9787795426590102,0.0262398487123261,10.0,NA,NA,missing entries are NA and excluded from averages
glossy_synthetic,train,tbell,wo_ref,0.2685814380645752,27.079141235351564,33.35816713741848,0.976229769310781,0.0341686506123681,33.75583803653717,0.9776400088199548,0.0281978097544716,10.0,10.0,112.0,missing entries are NA and excluded from averages
glossy_synthetic,train,tbell,wo_conf,0.2394204065203666,27.229942321777344,33.460986154420034,0.9771923848560878,0.032538780194175,33.845629589898245,0.9785033932753971,0.0266861217761678,10.0,10.0,112.0,missing entries are NA and excluded from averages
glossy_synthetic,train,tbell,rough_only,0.2776206701993942,27.06384391784668,33.399973443576265,0.976953015795776,0.0327598777366802,33.65329018660954,0.9782428789351668,0.0271110051876998,10.0,10.0,112.0,missing entries are NA and excluded from averages
glossy_synthetic,train,teapot,base,0.3351043462753296,23.052289962768555,29.86964590208871,0.9682701075715678,0.0385867910060499,30.510475516319275,0.9712742785257952,0.0329098770328398,10.0,NA,NA,missing entries are NA and excluded from averages
glossy_synthetic,train,teapot,rc,0.2942800536751747,22.8585039138794,30.01481435980116,0.9691854135266372,0.0383540912797408,30.47585414137159,0.971477758139372,0.0330767084877671,10.0,NA,NA,missing entries are NA and excluded from averages
glossy_synthetic,train,teapot,wo_ref,0.3273869693279266,22.96704692840576,29.997337307248795,0.968896571546793,0.0379285584536514,30.72246822289058,0.9718835917966706,0.0325506400882399,10.0,10.0,112.0,missing entries are NA and excluded from averages
glossy_synthetic,train,teapot,wo_conf,0.2990034148097038,23.02075500488281,29.825058221817017,0.9682536875563008,0.0389804316884172,30.74776879378728,0.9716809998665538,0.0331449955369212,10.0,10.0,112.0,missing entries are NA and excluded from averages
glossy_synthetic,train,teapot,rough_only,0.3256653338670731,22.86170864105225,29.88680076599121,0.9683523417583534,0.0388040693110919,30.47533690929413,0.971174660537924,0.0333432874675574,10.0,10.0,112.0,missing entries are NA and excluded from averages
glossy_synthetic,test,angel,base,0.1224045969545841,22.186219787597658,29.736383318901066,0.9514805562794209,0.0395800936967134,31.02737820148468,0.9697593972086906,0.0227484803763218,10.0,NA,NA,missing entries are NA and excluded from averages
glossy_synthetic,test,angel,rc,0.1077954076230525,22.699249267578125,29.881834983825684,0.9524393528699876,0.0393520023208111,31.093984007835388,0.9696534723043442,0.022523145424202,10.0,NA,NA,missing entries are NA and excluded from averages
glossy_synthetic,test,angel,wo_ref,0.1236945025622844,22.452810096740723,29.867521286010746,0.952394612133503,0.0393029106780886,31.33213770389557,0.971696510910988,0.0216047034482471,10.0,10.0,16.0,missing entries are NA and excluded from averages
glossy_synthetic,test,angel,wo_conf,0.1122384257614612,22.418060111999512,29.8094334602356,0.9516350738704203,0.0394022548571229,31.226865768432617,0.9701294265687466,0.0225639516720548,10.0,10.0,16.0,missing entries are NA and excluded from averages
glossy_synthetic,test,angel,rough_only,0.1221361257135868,22.239760971069337,29.72672843933105,0.9512455835938454,0.0400116737000644,30.950470328330997,0.9699157811701298,0.0225148928002454,10.0,10.0,16.0,missing entries are NA and excluded from averages
glossy_synthetic,test,bell,base,0.109719630330801,25.546735572814946,31.637834668159485,0.9630710706114768,0.0417090912815183,32.164868116378784,0.9666688106954098,0.0347917609615251,10.0,NA,NA,missing entries are NA and excluded from averages
glossy_synthetic,test,bell,rc,0.1077431581914424,25.735924339294435,31.77191960811615,0.964034728705883,0.0390872552525252,32.3101943731308,0.9678541906177998,0.0321149375522509,10.0,NA,NA,missing entries are NA and excluded from averages
glossy_synthetic,test,bell,wo_ref,0.1117969542741775,25.678668403625487,31.574255228042603,0.962655782699585,0.0421106903813779,32.21199142932892,0.9672134891152382,0.0345979082630947,10.0,10.0,16.0,missing entries are NA and excluded from averages
glossy_synthetic,test,bell,wo_conf,0.1128917135298252,25.57769222259521,31.643195748329163,0.9627358689904212,0.0418135710060596,32.16130459308624,0.9663661271333694,0.0350380272138863,10.0,10.0,16.0,missing entries are NA and excluded from averages
glossy_synthetic,test,bell,rough_only,0.1119254238903522,25.62972640991211,31.678028106689453,0.9633947797119616,0.0416685105301439,32.194119930267334,0.9673179164528848,0.0348353659501299,10.0,10.0,16.0,missing entries are NA and excluded from averages
glossy_synthetic,test,cat,base,0.156605814397335,27.2645055770874,33.29552483558655,0.974674727767706,0.0384301677113398,34.4962375164032,0.9824726916849612,0.0237028880510479,10.0,NA,NA,missing entries are NA and excluded from averages
glossy_synthetic,test,cat,rc,0.1497700244188308,26.788152313232423,33.0527685880661,0.974432148039341,0.0385905808070674,33.952213168144226,0.9805249124765396,0.0251582667697221,10.0,NA,NA,missing entries are NA and excluded from averages
glossy_synthetic,test,cat,wo_ref,0.1589445292949676,26.87231731414795,32.86723029613495,0.9736723229289056,0.0398700373480096,34.25523626804352,0.9826172217726707,0.0236771934432908,10.0,10.0,16.0,missing entries are NA and excluded from averages
glossy_synthetic,test,cat,wo_conf,0.1544108361005783,27.06930446624756,32.92733561992645,0.9739789329469204,0.0390330023365095,34.46707510948181,0.9831671379506588,0.0223840569378808,10.0,10.0,16.0,missing entries are NA and excluded from averages
glossy_synthetic,test,cat,rough_only,0.1579545751214027,27.137519454956056,33.098987460136414,0.9745397232472895,0.0388774899765849,34.3738865852356,0.9822088107466698,0.0241583411116153,10.0,10.0,16.0,missing entries are NA and excluded from averages
glossy_synthetic,test,horse,base,0.2250296831130981,22.16110363006592,27.62704145908356,0.9448911026120186,0.0380590773420408,30.423553824424744,0.9688311144709588,0.0251725682755932,10.0,NA,NA,missing entries are NA and excluded from averages
glossy_synthetic,test,horse,rc,0.1946511507034301,22.394418716430664,27.702359437942505,0.9454795122146606,0.0376860084943473,30.55985558032989,0.9683698453009127,0.0254740713280625,10.0,NA,NA,missing entries are NA and excluded from averages
glossy_synthetic,test,horse,wo_ref,0.2232219293713569,22.0252893447876,27.470797419548035,0.9444305635988712,0.0398575395811349,30.09772682189941,0.9682388231158257,0.0273149516433477,10.0,10.0,16.0,missing entries are NA and excluded from averages
glossy_synthetic,test,horse,wo_conf,0.2074032217264175,22.150599098205568,27.64814138412476,0.945021454244852,0.0387174085481092,30.356438159942627,0.9686231166124344,0.025958523270674,10.0,10.0,16.0,missing entries are NA and excluded from averages
glossy_synthetic,test,horse,rough_only,0.2221041172742843,22.025045585632324,27.683650493621823,0.9451914578676224,0.0381889099953696,30.05325877666473,0.9693291038274764,0.0243693813681602,10.0,10.0,16.0,missing entries are NA and excluded from averages
glossy_synthetic,test,luyu,base,0.1244205117225647,23.33660182952881,29.47779715061188,0.947934940457344,0.037568500265479,31.369457006454468,0.9687906429171562,0.0247649874072521,10.0,NA,NA,missing entries are NA and excluded from averages
glossy_synthetic,test,luyu,rc,0.1195022352039814,22.59705638885498,29.056204080581665,0.9479799754917622,0.0391065921867266,30.713675141334534,0.9677977859973907,0.0271824040682986,10.0,NA,NA,missing entries are NA and excluded from averages
glossy_synthetic,test,luyu,wo_ref,0.1295338213443756,23.29527187347412,29.47066342830658,0.9482258781790732,0.0372335811844095,31.42476427555084,0.9692122228443624,0.0244530991185456,10.0,10.0,16.0,missing entries are NA and excluded from averages
glossy_synthetic,test,luyu,wo_conf,0.1201612651348114,22.987455940246583,29.301379561424252,0.9474608153104782,0.0384625310543924,31.102599024772644,0.9676886014640332,0.0262510775355622,10.0,10.0,16.0,missing entries are NA and excluded from averages
glossy_synthetic,test,luyu,rough_only,0.1268406495451927,23.070027923583982,29.3167017698288,0.9471549428999424,0.0384924695827066,31.206926226615906,0.9683474078774452,0.0256731513654813,10.0,10.0,16.0,missing entries are NA and excluded from averages
glossy_synthetic,test,potion,base,0.0858457002788782,27.773388862609863,32.73419630527496,0.9625495113432408,0.0588522602338343,34.02612376213074,0.9720447063446044,0.0395058401627466,10.0,NA,NA,missing entries are NA and excluded from averages
glossy_synthetic,test,potion,rc,0.08339374512434,28.10766887664795,32.87587833404541,0.9635882936418056,0.0569856108631938,34.19976258277893,0.9723633788526058,0.0392893520183861,10.0,NA,NA,missing entries are NA and excluded from averages
glossy_synthetic,test,potion,wo_ref,0.0851301420480012,27.63684673309326,32.6298588514328,0.962023414671421,0.0590314082801342,33.807382225990295,0.9710056222975254,0.0393853562418371,10.0,10.0,16.0,missing entries are NA and excluded from averages
glossy_synthetic,test,potion,wo_conf,0.0783917885273695,27.70726585388184,32.64493119716644,0.9612923823297024,0.0612347039859741,33.85101044178009,0.970986545085907,0.0415460877120494,10.0,10.0,16.0,missing entries are NA and excluded from averages
glossy_synthetic,test,potion,rough_only,0.0853285644203424,27.662607955932614,32.74109601974487,0.9621234461665154,0.0601726914756,33.911728858947754,0.9716345518827438,0.0394600396975874,10.0,10.0,16.0,missing entries are NA and excluded from averages
glossy_synthetic,test,tbell,base,0.3169427782297134,25.76476020812988,30.423270106315613,0.9641860984265804,0.0423441501334309,30.948215126991272,0.9675749987363816,0.0350554075557738,10.0,NA,NA,missing entries are NA and excluded from averages
glossy_synthetic,test,tbell,rc,0.2604417517781258,25.88907070159912,30.662683725357056,0.964991107583046,0.0412571588531136,30.975611805915836,0.967334058135748,0.0351045749848708,10.0,NA,NA,missing entries are NA and excluded from averages
glossy_synthetic,test,tbell,wo_ref,0.3090794920921326,25.925282859802245,30.67112278938293,0.9641624055802822,0.0432726014405489,31.150426983833317,0.9670906402170658,0.0360396899050101,10.0,10.0,16.0,missing entries are NA and excluded from averages
glossy_synthetic,test,tbell,wo_conf,0.2782286584377288,25.87096767425537,30.59528350830078,0.9648824259638786,0.0412438341882079,30.98583495616913,0.9678497165441512,0.0338687777984887,10.0,10.0,16.0,missing entries are NA and excluded from averages
glossy_synthetic,test,tbell,rough_only,0.3186626702547073,25.775622177124024,30.67210412025452,0.9646560847759248,0.0421135777141898,30.96902620792389,0.9671381674706936,0.0351635989500209,10.0,10.0,16.0,missing entries are NA and excluded from averages
glossy_synthetic,test,teapot,base,0.2959328785538673,20.463845634460448,26.58281433582306,0.9448713436722757,0.0511018079705536,27.20156443119049,0.9512129202485085,0.0438581835478544,10.0,NA,NA,missing entries are NA and excluded from averages
glossy_synthetic,test,teapot,rc,0.2524333536624908,20.661319732666016,26.751352787017822,0.9467399902641772,0.0500873576384037,27.20884656906128,0.951549157500267,0.0430140802636742,10.0,NA,NA,missing entries are NA and excluded from averages
glossy_synthetic,test,teapot,wo_ref,0.2975952297449112,20.604636192321777,26.75736463069916,0.9463091604411602,0.0496351581532508,27.44669091701508,0.9529455937445164,0.042050453601405,10.0,10.0,16.0,missing entries are NA and excluded from averages
glossy_synthetic,test,teapot,wo_conf,0.2744048878550529,20.54795684814453,26.50543546676636,0.944457359611988,0.0516890345606952,27.287578344345093,0.9514516703784466,0.0442615810316056,10.0,10.0,16.0,missing entries are NA and excluded from averages
glossy_synthetic,test,teapot,rough_only,0.3004218071699142,20.39924659729004,26.576650261878967,0.9443917833268642,0.0521035690326243,27.080671072006226,0.9500642381608486,0.0452048419974744,10.0,10.0,16.0,missing entries are NA and excluded from averages
shiny_blender_synthetic,train,ball,base,0.1712649494409561,37.80105285644531,40.85372295379639,0.9917829132080078,0.0318296349048614,41.106985206604,0.9923985570669174,0.0228039968013763,10.0,NA,NA,missing entries are NA and excluded from averages
shiny_blender_synthetic,train,ball,rc,0.1663990885019302,38.0914852142334,40.98823234558105,0.99187539935112,0.0314202127419412,41.21255100250245,0.9922647655010224,0.0255917888786643,10.0,NA,NA,missing entries are NA and excluded from averages
shiny_blender_synthetic,train,ball,wo_ref,0.1700018443167209,37.65805702209472,40.64434589385986,0.9916635847091676,0.0322284650057554,40.86597549438476,0.9920967197418212,0.0256662590336054,10.0,10.0,100.0,missing entries are NA and excluded from averages
shiny_blender_synthetic,train,ball,wo_conf,0.1672966547310352,37.18550491333008,40.4266792678833,0.9917367428541184,0.0323078977502882,40.71862602233887,0.9925452488660812,0.0220677410438656,10.0,10.0,100.0,missing entries are NA and excluded from averages
shiny_blender_synthetic,train,ball,rough_only,0.169089861959219,38.079153060913086,40.90653297424316,0.9917780125141143,0.0320588070526719,41.13626712799072,0.9921992123126984,0.0250911054667085,10.0,10.0,100.0,missing entries are NA and excluded from averages
shiny_blender_synthetic,train,car,base,0.3124761778861284,31.03232326507568,36.740454483032224,0.985656060576439,0.0090611342014744,38.13613090515137,0.9891319018602373,0.005930654965341,10.0,NA,NA,missing entries are NA and excluded from averages
shiny_blender_synthetic,train,car,rc,0.1426708940416574,30.994008827209477,36.506158142089845,0.985535243153572,0.0090828548045828,37.908733406066894,0.9888956397771836,0.0063235793309286,10.0,NA,NA,missing entries are NA and excluded from averages
shiny_blender_synthetic,train,car,wo_ref,0.3498593010008335,31.029361152648924,36.85416862487793,0.9858781731128692,0.0087959435395896,38.34574028015137,0.989543439745903,0.0056727218278683,10.0,10.0,100.0,missing entries are NA and excluded from averages
shiny_blender_synthetic,train,car,wo_conf,0.1872521694749593,30.91968936920166,36.74820766448975,0.985584386587143,0.0089572398038581,38.19850826263428,0.989311665892601,0.0056999484379775,10.0,10.0,100.0,missing entries are NA and excluded from averages
shiny_blender_synthetic,train,car,rough_only,0.329224394261837,31.09470157623291,36.83535648345947,0.9856621325016022,0.0089817107003182,37.97784103393555,0.9888836109638214,0.0063340073521248,10.0,10.0,100.0,missing entries are NA and excluded from averages
shiny_blender_synthetic,train,coffee,base,0.0538857832551002,35.920494079589844,39.01282356262207,0.9834073233604432,0.0344631484150886,42.35140979766846,0.9916090375185012,0.0098210799996741,10.0,NA,NA,missing entries are NA and excluded from averages
shiny_blender_synthetic,train,coffee,rc,0.0222299552522599,35.814023399353026,38.845851249694825,0.9832272011041642,0.0353838243335485,41.19879467010498,0.9904482960700988,0.0110690743150189,10.0,NA,NA,missing entries are NA and excluded from averages
shiny_blender_synthetic,train,coffee,wo_ref,0.0507707157172262,36.59847717285156,38.89383190155029,0.9832212567329408,0.0347800683043897,42.65813148498536,0.9913387393951416,0.0100726486323401,10.0,10.0,100.0,missing entries are NA and excluded from averages
shiny_blender_synthetic,train,coffee,wo_conf,0.0284632290247827,36.55188903808594,39.01072010040284,0.9833093690872192,0.0345479083806276,42.57434902191162,0.9913648015260696,0.0100301041221246,10.0,10.0,100.0,missing entries are NA and excluded from averages
shiny_blender_synthetic,train,coffee,rough_only,0.0530368885025382,35.97505683898926,39.12667953491211,0.9836577814817428,0.0340741444937884,42.25932460784912,0.991818020939827,0.0093772396724671,10.0,10.0,100.0,missing entries are NA and excluded from averages
shiny_blender_synthetic,train,helmet,base,0.6405774474143981,36.69405632019043,40.14170768737793,0.9934892982244492,0.0063313777325674,40.846081199646,0.9941075021028518,0.0049971154029481,10.0,NA,NA,missing entries are NA and excluded from averages
shiny_blender_synthetic,train,helmet,rc,0.0895418930798769,36.785546112060544,40.051305541992186,0.9932921969890596,0.0064590676967054,40.7701453781128,0.993927591443062,0.0051138574187643,10.0,NA,NA,missing entries are NA and excluded from averages
shiny_blender_synthetic,train,helmet,wo_ref,0.3578144133090973,37.10995674133301,40.08034572601319,0.99345099568367,0.0064006493985652,40.83029758453369,0.994104980826378,0.0050172709720209,10.0,10.0,100.0,missing entries are NA and excluded from averages
shiny_blender_synthetic,train,helmet,wo_conf,0.0956112124025821,37.15206108093262,40.16455848693848,0.9934597831964492,0.0064877544273622,40.93510696411133,0.9941192424297332,0.0050817839382216,10.0,10.0,100.0,missing entries are NA and excluded from averages
shiny_blender_synthetic,train,helmet,rough_only,0.3079697206616402,36.85917778015137,40.15184597015381,0.9934530931711196,0.0065242734644562,40.91071655273438,0.994114094376564,0.0051385109871625,10.0,10.0,100.0,missing entries are NA and excluded from averages
shiny_blender_synthetic,train,teapot,base,0.0217622350435704,39.03930854797363,49.087399368286135,0.998963303565979,0.0016857076023006,50.34840847015381,0.9993279641866684,0.0007178935914998,10.0,NA,NA,missing entries are NA and excluded from averages
shiny_blender_synthetic,train,teapot,rc,0.0124828554224222,39.777783966064455,49.77710113525391,0.999070611000061,0.0014377997926203,51.13564716339111,0.9994064688682556,0.0006102736102184,10.0,NA,NA,missing entries are NA and excluded from averages
shiny_blender_synthetic,train,teapot,wo_ref,0.0219285699538886,39.366471481323245,49.5283540725708,0.9990234237909316,0.0015530376712558,50.78903415679932,0.999377063512802,0.0006547610781854,10.0,10.0,100.0,missing entries are NA and excluded from averages
shiny_blender_synthetic,train,teapot,wo_conf,0.0160822139121592,38.9260555267334,49.347146110534666,0.9990009480714798,0.001625773118576,50.628013076782224,0.999374794960022,0.0006586430838797,10.0,10.0,100.0,missing entries are NA and excluded from averages
shiny_blender_synthetic,train,teapot,rough_only,0.0220735813025385,38.82027359008789,49.03115406036377,0.9989748108386992,0.0016511587979039,50.06737133026123,0.9993851572275162,0.0005814892670605,10.0,10.0,100.0,missing entries are NA and excluded from averages
shiny_blender_synthetic,train,toaster,base,0.278150674700737,31.09833469390869,33.75893051147461,0.9781747549772264,0.0240752092283219,35.976572589874266,0.9911238890886308,0.0120208596438169,10.0,NA,NA,missing entries are NA and excluded from averages
shiny_blender_synthetic,train,toaster,rc,0.162093286216259,31.214613723754884,33.81546375274658,0.9781374567747116,0.0245723131392151,36.20748571395874,0.9914644241333008,0.0117870551627129,10.0,NA,NA,missing entries are NA and excluded from averages
shiny_blender_synthetic,train,toaster,wo_ref,0.3204560697078705,31.24959201812744,33.84375856399536,0.9780819725990296,0.0244769062846899,36.12780712127685,0.9911269927024842,0.0122704723943024,10.0,10.0,100.0,missing entries are NA and excluded from averages
shiny_blender_synthetic,train,toaster,wo_conf,0.1619801864027977,30.84795398712158,33.765475807189944,0.9779509127140044,0.0246473284903913,35.93707513809204,0.9910556900501252,0.0122245711460709,10.0,10.0,100.0,missing entries are NA and excluded from averages
shiny_blender_synthetic,train,toaster,rough_only,0.2777551025152206,31.0521598815918,33.7249150466919,0.9779911643266678,0.0246456513553857,35.83319200515747,0.9909725689888,0.0121964410226792,10.0,10.0,100.0,missing entries are NA and excluded from averages
shiny_blender_synthetic,test,ball,base,0.0495509508997201,32.91583442687988,38.510990924835205,0.987964893579483,0.0366052108351141,38.670911960601806,0.9886962255835532,0.0266809061681851,10.0,NA,NA,missing entries are NA and excluded from averages
shiny_blender_synthetic,test,ball,rc,0.0481533735990524,32.86421661376953,38.56738069534302,0.9880351668596268,0.0363157899118959,38.69281721115112,0.9884553492069243,0.0309876635763794,10.0,NA,NA,missing entries are NA and excluded from averages
shiny_blender_synthetic,test,ball,wo_ref,0.0485579725354909,32.37107181549072,38.31283218383789,0.9878258275985716,0.0366775471530854,38.439133434295655,0.9882521271705628,0.0306451641861349,10.0,10.0,200.0,missing entries are NA and excluded from averages
shiny_blender_synthetic,test,ball,wo_conf,0.0471486095339059,33.35659484863281,38.35246768951416,0.988108543753624,0.036764082275331,38.53511009216309,0.989069338142872,0.0253172619128599,10.0,10.0,200.0,missing entries are NA and excluded from averages
shiny_blender_synthetic,test,ball,rough_only,0.0486237172037363,34.015917205810545,38.56359674453736,0.9880595237016678,0.0365031374059617,38.69833808898926,0.9885399156808852,0.0291259030345827,10.0,10.0,200.0,missing entries are NA and excluded from averages
shiny_blender_synthetic,test,car,base,0.0860734429210424,27.51102466583252,31.46817236900329,0.967081052660942,0.0188420040858909,32.816805353164675,0.9758946678042412,0.0131234041810967,10.0,NA,NA,missing entries are NA and excluded from averages
shiny_blender_synthetic,test,car,rc,0.0482423964887857,27.844405364990237,31.449704580307007,0.9674327671527864,0.018566444418393,32.916545209884646,0.9761832144856452,0.0138054104242473,10.0,NA,NA,missing entries are NA and excluded from averages
shiny_blender_synthetic,test,car,wo_ref,0.0875024583190679,27.554748153686525,31.58259790420532,0.9674293464422226,0.0185138156684115,33.09063928604126,0.9769742891192436,0.0127500054589472,10.0,10.0,200.0,missing entries are NA and excluded from averages
shiny_blender_synthetic,test,car,wo_conf,0.0709311157464981,27.5822566986084,31.541541261672972,0.967037899196148,0.0187422158336266,32.98028678894043,0.9764485362172128,0.0128800659556873,10.0,10.0,200.0,missing entries are NA and excluded from averages
shiny_blender_synthetic,test,car,rough_only,0.0896367944777011,27.827952575683597,31.557480535507203,0.967195815742016,0.0187261709244921,32.61608051300049,0.9751848185062408,0.0141695288335904,10.0,10.0,200.0,missing entries are NA and excluded from averages
shiny_blender_synthetic,test,coffee,base,0.0069127775728702,29.41759090423584,34.61283143043518,0.9741970217227937,0.0460944677796214,37.00081950187683,0.9853902697563172,0.0134853238495998,10.0,NA,NA,missing entries are NA and excluded from averages
shiny_blender_synthetic,test,coffee,rc,0.0092514680698513,28.612015342712404,34.87388124465942,0.9749140587449072,0.0458372793998569,36.74956224441528,0.9842551305890084,0.0143551868409849,10.0,NA,NA,missing entries are NA and excluded from averages
shiny_blender_synthetic,test,coffee,wo_ref,0.0074028920382261,30.352484893798827,34.538765602111816,0.974239036142826,0.04688316706568,37.21630874633789,0.9850527361035348,0.0140531189343892,10.0,10.0,200.0,missing entries are NA and excluded from averages
shiny_blender_synthetic,test,coffee,wo_conf,0.0063940855674445,30.762211036682128,34.82175147056579,0.97482027053833,0.0458341726940125,37.38252042770386,0.9856696113944052,0.0131575775751844,10.0,10.0,200.0,missing entries are NA and excluded from averages
shiny_blender_synthetic,test,coffee,rough_only,0.007932955538854,30.968200302124025,34.57540648460388,0.9745379665493964,0.0461195198725909,36.68429746627808,0.9852867868542672,0.0137482392368838,10.0,10.0,200.0,missing entries are NA and excluded from averages
shiny_blender_synthetic,test,helmet,base,0.2168389335274696,35.91402015686035,35.8392297744751,0.9850164332985878,0.014634082862176,36.46292031288147,0.9869083300232888,0.0113525103149004,10.0,NA,NA,missing entries are NA and excluded from averages
shiny_blender_synthetic,test,helmet,rc,0.0359569136053323,35.57592620849609,35.91236875534057,0.9850048306584358,0.014668049220927,36.55509870529175,0.9869203695654868,0.0113222172972746,10.0,NA,NA,missing entries are NA and excluded from averages
shiny_blender_synthetic,test,helmet,wo_ref,0.1689216241240501,35.8431396484375,35.72310401916504,0.9851257902383804,0.0146890003303997,36.36951149940491,0.9870846459269524,0.0112676450028084,10.0,10.0,200.0,missing entries are NA and excluded from averages
shiny_blender_synthetic,test,helmet,wo_conf,0.0363847307860851,36.1205493927002,35.9322752571106,0.9853404074907304,0.0146492218622006,36.57219030380249,0.987289719581604,0.0112373662670142,10.0,10.0,200.0,missing entries are NA and excluded from averages
shiny_blender_synthetic,test,helmet,rough_only,0.1554280206561088,36.006968307495114,35.84266832351685,0.9853764662146568,0.0144674034882336,36.49383394241333,0.9873621127009392,0.0111152664059773,10.0,10.0,200.0,missing entries are NA and excluded from averages
shiny_blender_synthetic,test,teapot,base,0.0038960183504968,39.41321983337402,46.16682685852051,0.9975094693899156,0.0034660034548141,47.423567085266114,0.9985236877202988,0.0013740400169626,10.0,NA,NA,missing entries are NA and excluded from averages
shiny_blender_synthetic,test,teapot,rc,0.0026982672978192,39.78558082580567,46.420437297821046,0.9976196816563606,0.003229380918492,47.71374229431152,0.9985905739665032,0.001337305807101,10.0,NA,NA,missing entries are NA and excluded from averages
shiny_blender_synthetic,test,teapot,wo_ref,0.0042457673233002,39.846435928344725,46.38084032058716,0.9975651583075524,0.0032931741609354,47.63656396865845,0.998547584414482,0.0013358622857776,10.0,10.0,200.0,missing entries are NA and excluded from averages
shiny_blender_synthetic,test,teapot,wo_conf,0.0038279443979263,39.253265380859375,46.29697006225586,0.9975512826442718,0.0033843434703885,47.63831825256348,0.998628890812397,0.0013113412530219,10.0,10.0,200.0,missing entries are NA and excluded from averages
shiny_blender_synthetic,test,teapot,rough_only,0.0039735382888466,39.31751365661621,46.19289987564087,0.9975529009103776,0.0033447947711101,47.279160861969,0.9986021715402604,0.0011491330778517,10.0,10.0,200.0,missing entries are NA and excluded from averages
shiny_blender_synthetic,test,toaster,base,0.1054574780166149,22.386799240112303,27.33903795242309,0.9499877572059632,0.0569001308642327,28.69510087013245,0.970665411055088,0.0377001940226182,10.0,NA,NA,missing entries are NA and excluded from averages
shiny_blender_synthetic,test,toaster,rc,0.0572132058441638,22.110078430175783,27.163185234069825,0.9491659086942672,0.0584307136479765,28.54051815032959,0.9706967735290528,0.0377627966739237,10.0,NA,NA,missing entries are NA and excluded from averages
shiny_blender_synthetic,test,toaster,wo_ref,0.1361053086817264,22.40520915985108,27.315858478546144,0.9500480517745018,0.0571282803080976,28.57568362236023,0.9706491005420684,0.0376972170826047,10.0,10.0,200.0,missing entries are NA and excluded from averages
shiny_blender_synthetic,test,toaster,wo_conf,0.0671816974878311,21.731643295288087,26.95472375869751,0.9486081233620643,0.0590239151380956,28.13719407081604,0.969327735900879,0.0391170453559607,10.0,10.0,200.0,missing entries are NA and excluded from averages
shiny_blender_synthetic,test,toaster,rough_only,0.1118257388472557,21.566389274597167,26.967208614349364,0.948246913254261,0.0592478354461491,28.116705493927,0.9689448875188827,0.0393702985532581,10.0,10.0,200.0,missing entries are NA and excluded from averages
