dataset,dataset_label,scene,split,metric,better_direction,rc_minus_base_delta,improvement,winner,quality_tradeoff_summary
shiny_blender_synthetic,Shiny-Syn.,ball,train,mean_reflection_consistency,lower,-0.004866,0.004866,RC,"train: worsened=reflective_ssim, reflective_lpips; test: worsened=reflective_region_psnr, reflective_ssim, reflective_lpips"
shiny_blender_synthetic,Shiny-Syn.,ball,train,full_psnr,higher,0.134509,0.134509,RC,"train: worsened=reflective_ssim, reflective_lpips; test: worsened=reflective_region_psnr, reflective_ssim, reflective_lpips"
shiny_blender_synthetic,Shiny-Syn.,ball,train,full_ssim,higher,9.2e-05,9.2e-05,RC,"train: worsened=reflective_ssim, reflective_lpips; test: worsened=reflective_region_psnr, reflective_ssim, reflective_lpips"
shiny_blender_synthetic,Shiny-Syn.,ball,train,full_lpips,lower,-0.000409,0.000409,RC,"train: worsened=reflective_ssim, reflective_lpips; test: worsened=reflective_region_psnr, reflective_ssim, reflective_lpips"
shiny_blender_synthetic,Shiny-Syn.,ball,train,reflective_psnr,higher,0.105566,0.105566,RC,"train: worsened=reflective_ssim, reflective_lpips; test: worsened=reflective_region_psnr, reflective_ssim, reflective_lpips"
shiny_blender_synthetic,Shiny-Syn.,ball,train,reflective_ssim,higher,-0.000134,-0.000134,base,"train: worsened=reflective_ssim, reflective_lpips; test: worsened=reflective_region_psnr, reflective_ssim, reflective_lpips"
shiny_blender_synthetic,Shiny-Syn.,ball,train,reflective_lpips,lower,0.002788,-0.002788,base,"train: worsened=reflective_ssim, reflective_lpips; test: worsened=reflective_region_psnr, reflective_ssim, reflective_lpips"
shiny_blender_synthetic,Shiny-Syn.,ball,test,mean_reflection_consistency,lower,-0.001398,0.001398,RC,"train: worsened=reflective_ssim, reflective_lpips; test: worsened=reflective_region_psnr, reflective_ssim, reflective_lpips"
shiny_blender_synthetic,Shiny-Syn.,ball,test,full_psnr,higher,0.05639,0.05639,RC,"train: worsened=reflective_ssim, reflective_lpips; test: worsened=reflective_region_psnr, reflective_ssim, reflective_lpips"
shiny_blender_synthetic,Shiny-Syn.,ball,test,full_ssim,higher,7e-05,7e-05,RC,"train: worsened=reflective_ssim, reflective_lpips; test: worsened=reflective_region_psnr, reflective_ssim, reflective_lpips"
shiny_blender_synthetic,Shiny-Syn.,ball,test,full_lpips,lower,-0.000289,0.000289,RC,"train: worsened=reflective_ssim, reflective_lpips; test: worsened=reflective_region_psnr, reflective_ssim, reflective_lpips"
shiny_blender_synthetic,Shiny-Syn.,ball,test,reflective_psnr,higher,0.021905,0.021905,RC,"train: worsened=reflective_ssim, reflective_lpips; test: worsened=reflective_region_psnr, reflective_ssim, reflective_lpips"
shiny_blender_synthetic,Shiny-Syn.,ball,test,reflective_ssim,higher,-0.000241,-0.000241,base,"train: worsened=reflective_ssim, reflective_lpips; test: worsened=reflective_region_psnr, reflective_ssim, reflective_lpips"
shiny_blender_synthetic,Shiny-Syn.,ball,test,reflective_lpips,lower,0.004307,-0.004307,base,"train: worsened=reflective_ssim, reflective_lpips; test: worsened=reflective_region_psnr, reflective_ssim, reflective_lpips"
shiny_blender_synthetic,Shiny-Syn.,car,train,mean_reflection_consistency,lower,-0.169805,0.169805,RC,"train: worsened=reflective_region_psnr, full_psnr, full_ssim, full_lpips, reflective_psnr, reflective_ssim, reflective_lpips; test: worsened=full_psnr, reflective_lpips"
shiny_blender_synthetic,Shiny-Syn.,car,train,full_psnr,higher,-0.234296,-0.234296,base,"train: worsened=reflective_region_psnr, full_psnr, full_ssim, full_lpips, reflective_psnr, reflective_ssim, reflective_lpips; test: worsened=full_psnr, reflective_lpips"
shiny_blender_synthetic,Shiny-Syn.,car,train,full_ssim,higher,-0.000121,-0.000121,base,"train: worsened=reflective_region_psnr, full_psnr, full_ssim, full_lpips, reflective_psnr, reflective_ssim, reflective_lpips; test: worsened=full_psnr, reflective_lpips"
shiny_blender_synthetic,Shiny-Syn.,car,train,full_lpips,lower,2.2e-05,-2.2e-05,base,"train: worsened=reflective_region_psnr, full_psnr, full_ssim, full_lpips, reflective_psnr, reflective_ssim, reflective_lpips; test: worsened=full_psnr, reflective_lpips"
shiny_blender_synthetic,Shiny-Syn.,car,train,reflective_psnr,higher,-0.227397,-0.227397,base,"train: worsened=reflective_region_psnr, full_psnr, full_ssim, full_lpips, reflective_psnr, reflective_ssim, reflective_lpips; test: worsened=full_psnr, reflective_lpips"
shiny_blender_synthetic,Shiny-Syn.,car,train,reflective_ssim,higher,-0.000236,-0.000236,base,"train: worsened=reflective_region_psnr, full_psnr, full_ssim, full_lpips, reflective_psnr, reflective_ssim, reflective_lpips; test: worsened=full_psnr, reflective_lpips"
shiny_blender_synthetic,Shiny-Syn.,car,train,reflective_lpips,lower,0.000393,-0.000393,base,"train: worsened=reflective_region_psnr, full_psnr, full_ssim, full_lpips, reflective_psnr, reflective_ssim, reflective_lpips; test: worsened=full_psnr, reflective_lpips"
shiny_blender_synthetic,Shiny-Syn.,car,test,mean_reflection_consistency,lower,-0.037831,0.037831,RC,"train: worsened=reflective_region_psnr, full_psnr, full_ssim, full_lpips, reflective_psnr, reflective_ssim, reflective_lpips; test: worsened=full_psnr, reflective_lpips"
shiny_blender_synthetic,Shiny-Syn.,car,test,full_psnr,higher,-0.018468,-0.018468,base,"train: worsened=reflective_region_psnr, full_psnr, full_ssim, full_lpips, reflective_psnr, reflective_ssim, reflective_lpips; test: worsened=full_psnr, reflective_lpips"
shiny_blender_synthetic,Shiny-Syn.,car,test,full_ssim,higher,0.000352,0.000352,RC,"train: worsened=reflective_region_psnr, full_psnr, full_ssim, full_lpips, reflective_psnr, reflective_ssim, reflective_lpips; test: worsened=full_psnr, reflective_lpips"
shiny_blender_synthetic,Shiny-Syn.,car,test,full_lpips,lower,-0.000276,0.000276,RC,"train: worsened=reflective_region_psnr, full_psnr, full_ssim, full_lpips, reflective_psnr, reflective_ssim, reflective_lpips; test: worsened=full_psnr, reflective_lpips"
shiny_blender_synthetic,Shiny-Syn.,car,test,reflective_psnr,higher,0.09974,0.09974,RC,"train: worsened=reflective_region_psnr, full_psnr, full_ssim, full_lpips, reflective_psnr, reflective_ssim, reflective_lpips; test: worsened=full_psnr, reflective_lpips"
shiny_blender_synthetic,Shiny-Syn.,car,test,reflective_ssim,higher,0.000289,0.000289,RC,"train: worsened=reflective_region_psnr, full_psnr, full_ssim, full_lpips, reflective_psnr, reflective_ssim, reflective_lpips; test: worsened=full_psnr, reflective_lpips"
shiny_blender_synthetic,Shiny-Syn.,car,test,reflective_lpips,lower,0.000682,-0.000682,base,"train: worsened=reflective_region_psnr, full_psnr, full_ssim, full_lpips, reflective_psnr, reflective_ssim, reflective_lpips; test: worsened=full_psnr, reflective_lpips"
shiny_blender_synthetic,Shiny-Syn.,coffee,train,mean_reflection_consistency,lower,-0.031656,0.031656,RC,"train: worsened=reflective_region_psnr, full_psnr, full_ssim, full_lpips, reflective_psnr, reflective_ssim, reflective_lpips; test: worsened=mean_reflection_consistency, reflective_region_psnr, reflective_psnr, reflective_ssim, reflective_lpips"
shiny_blender_synthetic,Shiny-Syn.,coffee,train,full_psnr,higher,-0.166972,-0.166972,base,"train: worsened=reflective_region_psnr, full_psnr, full_ssim, full_lpips, reflective_psnr, reflective_ssim, reflective_lpips; test: worsened=mean_reflection_consistency, reflective_region_psnr, reflective_psnr, reflective_ssim, reflective_lpips"
shiny_blender_synthetic,Shiny-Syn.,coffee,train,full_ssim,higher,-0.00018,-0.00018,base,"train: worsened=reflective_region_psnr, full_psnr, full_ssim, full_lpips, reflective_psnr, reflective_ssim, reflective_lpips; test: worsened=mean_reflection_consistency, reflective_region_psnr, reflective_psnr, reflective_ssim, reflective_lpips"
shiny_blender_synthetic,Shiny-Syn.,coffee,train,full_lpips,lower,0.000921,-0.000921,base,"train: worsened=reflective_region_psnr, full_psnr, full_ssim, full_lpips, reflective_psnr, reflective_ssim, reflective_lpips; test: worsened=mean_reflection_consistency, reflective_region_psnr, reflective_psnr, reflective_ssim, reflective_lpips"
shiny_blender_synthetic,Shiny-Syn.,coffee,train,reflective_psnr,higher,-1.152615,-1.152615,base,"train: worsened=reflective_region_psnr, full_psnr, full_ssim, full_lpips, reflective_psnr, reflective_ssim, reflective_lpips; test: worsened=mean_reflection_consistency, reflective_region_psnr, reflective_psnr, reflective_ssim, reflective_lpips"
shiny_blender_synthetic,Shiny-Syn.,coffee,train,reflective_ssim,higher,-0.001161,-0.001161,base,"train: worsened=reflective_region_psnr, full_psnr, full_ssim, full_lpips, reflective_psnr, reflective_ssim, reflective_lpips; test: worsened=mean_reflection_consistency, reflective_region_psnr, reflective_psnr, reflective_ssim, reflective_lpips"
shiny_blender_synthetic,Shiny-Syn.,coffee,train,reflective_lpips,lower,0.001248,-0.001248,base,"train: worsened=reflective_region_psnr, full_psnr, full_ssim, full_lpips, reflective_psnr, reflective_ssim, reflective_lpips; test: worsened=mean_reflection_consistency, reflective_region_psnr, reflective_psnr, reflective_ssim, reflective_lpips"
shiny_blender_synthetic,Shiny-Syn.,coffee,test,mean_reflection_consistency,lower,0.002339,-0.002339,base,"train: worsened=reflective_region_psnr, full_psnr, full_ssim, full_lpips, reflective_psnr, reflective_ssim, reflective_lpips; test: worsened=mean_reflection_consistency, reflective_region_psnr, reflective_psnr, reflective_ssim, reflective_lpips"
shiny_blender_synthetic,Shiny-Syn.,coffee,test,full_psnr,higher,0.26105,0.26105,RC,"train: worsened=reflective_region_psnr, full_psnr, full_ssim, full_lpips, reflective_psnr, reflective_ssim, reflective_lpips; test: worsened=mean_reflection_consistency, reflective_region_psnr, reflective_psnr, reflective_ssim, reflective_lpips"
shiny_blender_synthetic,Shiny-Syn.,coffee,test,full_ssim,higher,0.000717,0.000717,RC,"train: worsened=reflective_region_psnr, full_psnr, full_ssim, full_lpips, reflective_psnr, reflective_ssim, reflective_lpips; test: worsened=mean_reflection_consistency, reflective_region_psnr, reflective_psnr, reflective_ssim, reflective_lpips"
shiny_blender_synthetic,Shiny-Syn.,coffee,test,full_lpips,lower,-0.000257,0.000257,RC,"train: worsened=reflective_region_psnr, full_psnr, full_ssim, full_lpips, reflective_psnr, reflective_ssim, reflective_lpips; test: worsened=mean_reflection_consistency, reflective_region_psnr, reflective_psnr, reflective_ssim, reflective_lpips"
shiny_blender_synthetic,Shiny-Syn.,coffee,test,reflective_psnr,higher,-0.251257,-0.251257,base,"train: worsened=reflective_region_psnr, full_psnr, full_ssim, full_lpips, reflective_psnr, reflective_ssim, reflective_lpips; test: worsened=mean_reflection_consistency, reflective_region_psnr, reflective_psnr, reflective_ssim, reflective_lpips"
shiny_blender_synthetic,Shiny-Syn.,coffee,test,reflective_ssim,higher,-0.001135,-0.001135,base,"train: worsened=reflective_region_psnr, full_psnr, full_ssim, full_lpips, reflective_psnr, reflective_ssim, reflective_lpips; test: worsened=mean_reflection_consistency, reflective_region_psnr, reflective_psnr, reflective_ssim, reflective_lpips"
shiny_blender_synthetic,Shiny-Syn.,coffee,test,reflective_lpips,lower,0.00087,-0.00087,base,"train: worsened=reflective_region_psnr, full_psnr, full_ssim, full_lpips, reflective_psnr, reflective_ssim, reflective_lpips; test: worsened=mean_reflection_consistency, reflective_region_psnr, reflective_psnr, reflective_ssim, reflective_lpips"
shiny_blender_synthetic,Shiny-Syn.,helmet,train,mean_reflection_consistency,lower,-0.551036,0.551036,RC,"train: worsened=full_psnr, full_ssim, full_lpips, reflective_psnr, reflective_ssim, reflective_lpips; test: worsened=reflective_region_psnr, full_ssim, full_lpips"
shiny_blender_synthetic,Shiny-Syn.,helmet,train,full_psnr,higher,-0.090402,-0.090402,base,"train: worsened=full_psnr, full_ssim, full_lpips, reflective_psnr, reflective_ssim, reflective_lpips; test: worsened=reflective_region_psnr, full_ssim, full_lpips"
shiny_blender_synthetic,Shiny-Syn.,helmet,train,full_ssim,higher,-0.000197,-0.000197,base,"train: worsened=full_psnr, full_ssim, full_lpips, reflective_psnr, reflective_ssim, reflective_lpips; test: worsened=reflective_region_psnr, full_ssim, full_lpips"
shiny_blender_synthetic,Shiny-Syn.,helmet,train,full_lpips,lower,0.000128,-0.000128,base,"train: worsened=full_psnr, full_ssim, full_lpips, reflective_psnr, reflective_ssim, reflective_lpips; test: worsened=reflective_region_psnr, full_ssim, full_lpips"
shiny_blender_synthetic,Shiny-Syn.,helmet,train,reflective_psnr,higher,-0.075936,-0.075936,base,"train: worsened=full_psnr, full_ssim, full_lpips, reflective_psnr, reflective_ssim, reflective_lpips; test: worsened=reflective_region_psnr, full_ssim, full_lpips"
shiny_blender_synthetic,Shiny-Syn.,helmet,train,reflective_ssim,higher,-0.00018,-0.00018,base,"train: worsened=full_psnr, full_ssim, full_lpips, reflective_psnr, reflective_ssim, reflective_lpips; test: worsened=reflective_region_psnr, full_ssim, full_lpips"
shiny_blender_synthetic,Shiny-Syn.,helmet,train,reflective_lpips,lower,0.000117,-0.000117,base,"train: worsened=full_psnr, full_ssim, full_lpips, reflective_psnr, reflective_ssim, reflective_lpips; test: worsened=reflective_region_psnr, full_ssim, full_lpips"
shiny_blender_synthetic,Shiny-Syn.,helmet,test,mean_reflection_consistency,lower,-0.180882,0.180882,RC,"train: worsened=full_psnr, full_ssim, full_lpips, reflective_psnr, reflective_ssim, reflective_lpips; test: worsened=reflective_region_psnr, full_ssim, full_lpips"
shiny_blender_synthetic,Shiny-Syn.,helmet,test,full_psnr,higher,0.073139,0.073139,RC,"train: worsened=full_psnr, full_ssim, full_lpips, reflective_psnr, reflective_ssim, reflective_lpips; test: worsened=reflective_region_psnr, full_ssim, full_lpips"
shiny_blender_synthetic,Shiny-Syn.,helmet,test,full_ssim,higher,-1.2e-05,-1.2e-05,base,"train: worsened=full_psnr, full_ssim, full_lpips, reflective_psnr, reflective_ssim, reflective_lpips; test: worsened=reflective_region_psnr, full_ssim, full_lpips"
shiny_blender_synthetic,Shiny-Syn.,helmet,test,full_lpips,lower,3.4e-05,-3.4e-05,base,"train: worsened=full_psnr, full_ssim, full_lpips, reflective_psnr, reflective_ssim, reflective_lpips; test: worsened=reflective_region_psnr, full_ssim, full_lpips"
shiny_blender_synthetic,Shiny-Syn.,helmet,test,reflective_psnr,higher,0.092178,0.092178,RC,"train: worsened=full_psnr, full_ssim, full_lpips, reflective_psnr, reflective_ssim, reflective_lpips; test: worsened=reflective_region_psnr, full_ssim, full_lpips"
shiny_blender_synthetic,Shiny-Syn.,helmet,test,reflective_ssim,higher,1.2e-05,1.2e-05,RC,"train: worsened=full_psnr, full_ssim, full_lpips, reflective_psnr, reflective_ssim, reflective_lpips; test: worsened=reflective_region_psnr, full_ssim, full_lpips"
shiny_blender_synthetic,Shiny-Syn.,helmet,test,reflective_lpips,lower,-3e-05,3e-05,RC,"train: worsened=full_psnr, full_ssim, full_lpips, reflective_psnr, reflective_ssim, reflective_lpips; test: worsened=reflective_region_psnr, full_ssim, full_lpips"
shiny_blender_synthetic,Shiny-Syn.,teapot,train,mean_reflection_consistency,lower,-0.009279,0.009279,RC,train: worsened=none; test: worsened=none
shiny_blender_synthetic,Shiny-Syn.,teapot,train,full_psnr,higher,0.689702,0.689702,RC,train: worsened=none; test: worsened=none
shiny_blender_synthetic,Shiny-Syn.,teapot,train,full_ssim,higher,0.000107,0.000107,RC,train: worsened=none; test: worsened=none
shiny_blender_synthetic,Shiny-Syn.,teapot,train,full_lpips,lower,-0.000248,0.000248,RC,train: worsened=none; test: worsened=none
shiny_blender_synthetic,Shiny-Syn.,teapot,train,reflective_psnr,higher,0.787239,0.787239,RC,train: worsened=none; test: worsened=none
shiny_blender_synthetic,Shiny-Syn.,teapot,train,reflective_ssim,higher,7.9e-05,7.9e-05,RC,train: worsened=none; test: worsened=none
shiny_blender_synthetic,Shiny-Syn.,teapot,train,reflective_lpips,lower,-0.000108,0.000108,RC,train: worsened=none; test: worsened=none
shiny_blender_synthetic,Shiny-Syn.,teapot,test,mean_reflection_consistency,lower,-0.001198,0.001198,RC,train: worsened=none; test: worsened=none
shiny_blender_synthetic,Shiny-Syn.,teapot,test,full_psnr,higher,0.25361,0.25361,RC,train: worsened=none; test: worsened=none
shiny_blender_synthetic,Shiny-Syn.,teapot,test,full_ssim,higher,0.00011,0.00011,RC,train: worsened=none; test: worsened=none
shiny_blender_synthetic,Shiny-Syn.,teapot,test,full_lpips,lower,-0.000237,0.000237,RC,train: worsened=none; test: worsened=none
shiny_blender_synthetic,Shiny-Syn.,teapot,test,reflective_psnr,higher,0.290175,0.290175,RC,train: worsened=none; test: worsened=none
shiny_blender_synthetic,Shiny-Syn.,teapot,test,reflective_ssim,higher,6.7e-05,6.7e-05,RC,train: worsened=none; test: worsened=none
shiny_blender_synthetic,Shiny-Syn.,teapot,test,reflective_lpips,lower,-3.7e-05,3.7e-05,RC,train: worsened=none; test: worsened=none
shiny_blender_synthetic,Shiny-Syn.,toaster,train,mean_reflection_consistency,lower,-0.116057,0.116057,RC,"train: worsened=full_ssim, full_lpips; test: worsened=reflective_region_psnr, full_psnr, full_ssim, full_lpips, reflective_psnr, reflective_lpips"
shiny_blender_synthetic,Shiny-Syn.,toaster,train,full_psnr,higher,0.056533,0.056533,RC,"train: worsened=full_ssim, full_lpips; test: worsened=reflective_region_psnr, full_psnr, full_ssim, full_lpips, reflective_psnr, reflective_lpips"
shiny_blender_synthetic,Shiny-Syn.,toaster,train,full_ssim,higher,-3.7e-05,-3.7e-05,base,"train: worsened=full_ssim, full_lpips; test: worsened=reflective_region_psnr, full_psnr, full_ssim, full_lpips, reflective_psnr, reflective_lpips"
shiny_blender_synthetic,Shiny-Syn.,toaster,train,full_lpips,lower,0.000497,-0.000497,base,"train: worsened=full_ssim, full_lpips; test: worsened=reflective_region_psnr, full_psnr, full_ssim, full_lpips, reflective_psnr, reflective_lpips"
shiny_blender_synthetic,Shiny-Syn.,toaster,train,reflective_psnr,higher,0.230913,0.230913,RC,"train: worsened=full_ssim, full_lpips; test: worsened=reflective_region_psnr, full_psnr, full_ssim, full_lpips, reflective_psnr, reflective_lpips"
shiny_blender_synthetic,Shiny-Syn.,toaster,train,reflective_ssim,higher,0.000341,0.000341,RC,"train: worsened=full_ssim, full_lpips; test: worsened=reflective_region_psnr, full_psnr, full_ssim, full_lpips, reflective_psnr, reflective_lpips"
shiny_blender_synthetic,Shiny-Syn.,toaster,train,reflective_lpips,lower,-0.000234,0.000234,RC,"train: worsened=full_ssim, full_lpips; test: worsened=reflective_region_psnr, full_psnr, full_ssim, full_lpips, reflective_psnr, reflective_lpips"
shiny_blender_synthetic,Shiny-Syn.,toaster,test,mean_reflection_consistency,lower,-0.048244,0.048244,RC,"train: worsened=full_ssim, full_lpips; test: worsened=reflective_region_psnr, full_psnr, full_ssim, full_lpips, reflective_psnr, reflective_lpips"
shiny_blender_synthetic,Shiny-Syn.,toaster,test,full_psnr,higher,-0.175853,-0.175853,base,"train: worsened=full_ssim, full_lpips; test: worsened=reflective_region_psnr, full_psnr, full_ssim, full_lpips, reflective_psnr, reflective_lpips"
shiny_blender_synthetic,Shiny-Syn.,toaster,test,full_ssim,higher,-0.000822,-0.000822,base,"train: worsened=full_ssim, full_lpips; test: worsened=reflective_region_psnr, full_psnr, full_ssim, full_lpips, reflective_psnr, reflective_lpips"
shiny_blender_synthetic,Shiny-Syn.,toaster,test,full_lpips,lower,0.001531,-0.001531,base,"train: worsened=full_ssim, full_lpips; test: worsened=reflective_region_psnr, full_psnr, full_ssim, full_lpips, reflective_psnr, reflective_lpips"
shiny_blender_synthetic,Shiny-Syn.,toaster,test,reflective_psnr,higher,-0.154583,-0.154583,base,"train: worsened=full_ssim, full_lpips; test: worsened=reflective_region_psnr, full_psnr, full_ssim, full_lpips, reflective_psnr, reflective_lpips"
shiny_blender_synthetic,Shiny-Syn.,toaster,test,reflective_ssim,higher,3.1e-05,3.1e-05,RC,"train: worsened=full_ssim, full_lpips; test: worsened=reflective_region_psnr, full_psnr, full_ssim, full_lpips, reflective_psnr, reflective_lpips"
shiny_blender_synthetic,Shiny-Syn.,toaster,test,reflective_lpips,lower,6.3e-05,-6.3e-05,base,"train: worsened=full_ssim, full_lpips; test: worsened=reflective_region_psnr, full_psnr, full_ssim, full_lpips, reflective_psnr, reflective_lpips"
glossy_synthetic,Glossy-Syn.,angel,train,mean_reflection_consistency,lower,-0.016347,0.016347,RC,"train: worsened=full_psnr, reflective_psnr, reflective_lpips; test: worsened=reflective_ssim"
glossy_synthetic,Glossy-Syn.,angel,train,full_psnr,higher,-0.058204,-0.058204,base,"train: worsened=full_psnr, reflective_psnr, reflective_lpips; test: worsened=reflective_ssim"
glossy_synthetic,Glossy-Syn.,angel,train,full_ssim,higher,0.000297,0.000297,RC,"train: worsened=full_psnr, reflective_psnr, reflective_lpips; test: worsened=reflective_ssim"
glossy_synthetic,Glossy-Syn.,angel,train,full_lpips,lower,-7.5e-05,7.5e-05,RC,"train: worsened=full_psnr, reflective_psnr, reflective_lpips; test: worsened=reflective_ssim"
glossy_synthetic,Glossy-Syn.,angel,train,reflective_psnr,higher,-0.142856,-0.142856,base,"train: worsened=full_psnr, reflective_psnr, reflective_lpips; test: worsened=reflective_ssim"
glossy_synthetic,Glossy-Syn.,angel,train,reflective_ssim,higher,0.000152,0.000152,RC,"train: worsened=full_psnr, reflective_psnr, reflective_lpips; test: worsened=reflective_ssim"
glossy_synthetic,Glossy-Syn.,angel,train,reflective_lpips,lower,0.000282,-0.000282,base,"train: worsened=full_psnr, reflective_psnr, reflective_lpips; test: worsened=reflective_ssim"
glossy_synthetic,Glossy-Syn.,angel,test,mean_reflection_consistency,lower,-0.014609,0.014609,RC,"train: worsened=full_psnr, reflective_psnr, reflective_lpips; test: worsened=reflective_ssim"
glossy_synthetic,Glossy-Syn.,angel,test,full_psnr,higher,0.145452,0.145452,RC,"train: worsened=full_psnr, reflective_psnr, reflective_lpips; test: worsened=reflective_ssim"
glossy_synthetic,Glossy-Syn.,angel,test,full_ssim,higher,0.000959,0.000959,RC,"train: worsened=full_psnr, reflective_psnr, reflective_lpips; test: worsened=reflective_ssim"
glossy_synthetic,Glossy-Syn.,angel,test,full_lpips,lower,-0.000228,0.000228,RC,"train: worsened=full_psnr, reflective_psnr, reflective_lpips; test: worsened=reflective_ssim"
glossy_synthetic,Glossy-Syn.,angel,test,reflective_psnr,higher,0.066606,0.066606,RC,"train: worsened=full_psnr, reflective_psnr, reflective_lpips; test: worsened=reflective_ssim"
glossy_synthetic,Glossy-Syn.,angel,test,reflective_ssim,higher,-0.000106,-0.000106,base,"train: worsened=full_psnr, reflective_psnr, reflective_lpips; test: worsened=reflective_ssim"
glossy_synthetic,Glossy-Syn.,angel,test,reflective_lpips,lower,-0.000225,0.000225,RC,"train: worsened=full_psnr, reflective_psnr, reflective_lpips; test: worsened=reflective_ssim"
glossy_synthetic,Glossy-Syn.,bell,train,mean_reflection_consistency,lower,-0.004472,0.004472,RC,train: worsened=reflective_region_psnr; test: worsened=none
glossy_synthetic,Glossy-Syn.,bell,train,full_psnr,higher,0.015048,0.015048,RC,train: worsened=reflective_region_psnr; test: worsened=none
glossy_synthetic,Glossy-Syn.,bell,train,full_ssim,higher,0.000708,0.000708,RC,train: worsened=reflective_region_psnr; test: worsened=none
glossy_synthetic,Glossy-Syn.,bell,train,full_lpips,lower,-0.001564,0.001564,RC,train: worsened=reflective_region_psnr; test: worsened=none
glossy_synthetic,Glossy-Syn.,bell,train,reflective_psnr,higher,0.01588,0.01588,RC,train: worsened=reflective_region_psnr; test: worsened=none
glossy_synthetic,Glossy-Syn.,bell,train,reflective_ssim,higher,0.000781,0.000781,RC,train: worsened=reflective_region_psnr; test: worsened=none
glossy_synthetic,Glossy-Syn.,bell,train,reflective_lpips,lower,-0.001531,0.001531,RC,train: worsened=reflective_region_psnr; test: worsened=none
glossy_synthetic,Glossy-Syn.,bell,test,mean_reflection_consistency,lower,-0.001976,0.001976,RC,train: worsened=reflective_region_psnr; test: worsened=none
glossy_synthetic,Glossy-Syn.,bell,test,full_psnr,higher,0.134085,0.134085,RC,train: worsened=reflective_region_psnr; test: worsened=none
glossy_synthetic,Glossy-Syn.,bell,test,full_ssim,higher,0.000964,0.000964,RC,train: worsened=reflective_region_psnr; test: worsened=none
glossy_synthetic,Glossy-Syn.,bell,test,full_lpips,lower,-0.002622,0.002622,RC,train: worsened=reflective_region_psnr; test: worsened=none
glossy_synthetic,Glossy-Syn.,bell,test,reflective_psnr,higher,0.145326,0.145326,RC,train: worsened=reflective_region_psnr; test: worsened=none
glossy_synthetic,Glossy-Syn.,bell,test,reflective_ssim,higher,0.001185,0.001185,RC,train: worsened=reflective_region_psnr; test: worsened=none
glossy_synthetic,Glossy-Syn.,bell,test,reflective_lpips,lower,-0.002677,0.002677,RC,train: worsened=reflective_region_psnr; test: worsened=none
glossy_synthetic,Glossy-Syn.,cat,train,mean_reflection_consistency,lower,-0.007061,0.007061,RC,"train: worsened=reflective_region_psnr, reflective_psnr, reflective_ssim, reflective_lpips; test: worsened=reflective_region_psnr, full_psnr, full_ssim, full_lpips, reflective_psnr, reflective_ssim, reflective_lpips"
glossy_synthetic,Glossy-Syn.,cat,train,full_psnr,higher,0.028984,0.028984,RC,"train: worsened=reflective_region_psnr, reflective_psnr, reflective_ssim, reflective_lpips; test: worsened=reflective_region_psnr, full_psnr, full_ssim, full_lpips, reflective_psnr, reflective_ssim, reflective_lpips"
glossy_synthetic,Glossy-Syn.,cat,train,full_ssim,higher,0.000114,0.000114,RC,"train: worsened=reflective_region_psnr, reflective_psnr, reflective_ssim, reflective_lpips; test: worsened=reflective_region_psnr, full_psnr, full_ssim, full_lpips, reflective_psnr, reflective_ssim, reflective_lpips"
glossy_synthetic,Glossy-Syn.,cat,train,full_lpips,lower,-0.000162,0.000162,RC,"train: worsened=reflective_region_psnr, reflective_psnr, reflective_ssim, reflective_lpips; test: worsened=reflective_region_psnr, full_psnr, full_ssim, full_lpips, reflective_psnr, reflective_ssim, reflective_lpips"
glossy_synthetic,Glossy-Syn.,cat,train,reflective_psnr,higher,-0.105457,-0.105457,base,"train: worsened=reflective_region_psnr, reflective_psnr, reflective_ssim, reflective_lpips; test: worsened=reflective_region_psnr, full_psnr, full_ssim, full_lpips, reflective_psnr, reflective_ssim, reflective_lpips"
glossy_synthetic,Glossy-Syn.,cat,train,reflective_ssim,higher,-0.000658,-0.000658,base,"train: worsened=reflective_region_psnr, reflective_psnr, reflective_ssim, reflective_lpips; test: worsened=reflective_region_psnr, full_psnr, full_ssim, full_lpips, reflective_psnr, reflective_ssim, reflective_lpips"
glossy_synthetic,Glossy-Syn.,cat,train,reflective_lpips,lower,0.000735,-0.000735,base,"train: worsened=reflective_region_psnr, reflective_psnr, reflective_ssim, reflective_lpips; test: worsened=reflective_region_psnr, full_psnr, full_ssim, full_lpips, reflective_psnr, reflective_ssim, reflective_lpips"
glossy_synthetic,Glossy-Syn.,cat,test,mean_reflection_consistency,lower,-0.006836,0.006836,RC,"train: worsened=reflective_region_psnr, reflective_psnr, reflective_ssim, reflective_lpips; test: worsened=reflective_region_psnr, full_psnr, full_ssim, full_lpips, reflective_psnr, reflective_ssim, reflective_lpips"
glossy_synthetic,Glossy-Syn.,cat,test,full_psnr,higher,-0.242756,-0.242756,base,"train: worsened=reflective_region_psnr, reflective_psnr, reflective_ssim, reflective_lpips; test: worsened=reflective_region_psnr, full_psnr, full_ssim, full_lpips, reflective_psnr, reflective_ssim, reflective_lpips"
glossy_synthetic,Glossy-Syn.,cat,test,full_ssim,higher,-0.000243,-0.000243,base,"train: worsened=reflective_region_psnr, reflective_psnr, reflective_ssim, reflective_lpips; test: worsened=reflective_region_psnr, full_psnr, full_ssim, full_lpips, reflective_psnr, reflective_ssim, reflective_lpips"
glossy_synthetic,Glossy-Syn.,cat,test,full_lpips,lower,0.00016,-0.00016,base,"train: worsened=reflective_region_psnr, reflective_psnr, reflective_ssim, reflective_lpips; test: worsened=reflective_region_psnr, full_psnr, full_ssim, full_lpips, reflective_psnr, reflective_ssim, reflective_lpips"
glossy_synthetic,Glossy-Syn.,cat,test,reflective_psnr,higher,-0.544024,-0.544024,base,"train: worsened=reflective_region_psnr, reflective_psnr, reflective_ssim, reflective_lpips; test: worsened=reflective_region_psnr, full_psnr, full_ssim, full_lpips, reflective_psnr, reflective_ssim, reflective_lpips"
glossy_synthetic,Glossy-Syn.,cat,test,reflective_ssim,higher,-0.001948,-0.001948,base,"train: worsened=reflective_region_psnr, reflective_psnr, reflective_ssim, reflective_lpips; test: worsened=reflective_region_psnr, full_psnr, full_ssim, full_lpips, reflective_psnr, reflective_ssim, reflective_lpips"
glossy_synthetic,Glossy-Syn.,cat,test,reflective_lpips,lower,0.001455,-0.001455,base,"train: worsened=reflective_region_psnr, reflective_psnr, reflective_ssim, reflective_lpips; test: worsened=reflective_region_psnr, full_psnr, full_ssim, full_lpips, reflective_psnr, reflective_ssim, reflective_lpips"
glossy_synthetic,Glossy-Syn.,horse,train,mean_reflection_consistency,lower,-0.020893,0.020893,RC,"train: worsened=reflective_lpips; test: worsened=reflective_ssim, reflective_lpips"
glossy_synthetic,Glossy-Syn.,horse,train,full_psnr,higher,0.032837,0.032837,RC,"train: worsened=reflective_lpips; test: worsened=reflective_ssim, reflective_lpips"
glossy_synthetic,Glossy-Syn.,horse,train,full_ssim,higher,0.000586,0.000586,RC,"train: worsened=reflective_lpips; test: worsened=reflective_ssim, reflective_lpips"
glossy_synthetic,Glossy-Syn.,horse,train,full_lpips,lower,-0.000227,0.000227,RC,"train: worsened=reflective_lpips; test: worsened=reflective_ssim, reflective_lpips"
glossy_synthetic,Glossy-Syn.,horse,train,reflective_psnr,higher,0.112841,0.112841,RC,"train: worsened=reflective_lpips; test: worsened=reflective_ssim, reflective_lpips"
glossy_synthetic,Glossy-Syn.,horse,train,reflective_ssim,higher,3.7e-05,3.7e-05,RC,"train: worsened=reflective_lpips; test: worsened=reflective_ssim, reflective_lpips"
glossy_synthetic,Glossy-Syn.,horse,train,reflective_lpips,lower,0.000116,-0.000116,base,"train: worsened=reflective_lpips; test: worsened=reflective_ssim, reflective_lpips"
glossy_synthetic,Glossy-Syn.,horse,test,mean_reflection_consistency,lower,-0.030379,0.030379,RC,"train: worsened=reflective_lpips; test: worsened=reflective_ssim, reflective_lpips"
glossy_synthetic,Glossy-Syn.,horse,test,full_psnr,higher,0.075318,0.075318,RC,"train: worsened=reflective_lpips; test: worsened=reflective_ssim, reflective_lpips"
glossy_synthetic,Glossy-Syn.,horse,test,full_ssim,higher,0.000588,0.000588,RC,"train: worsened=reflective_lpips; test: worsened=reflective_ssim, reflective_lpips"
glossy_synthetic,Glossy-Syn.,horse,test,full_lpips,lower,-0.000373,0.000373,RC,"train: worsened=reflective_lpips; test: worsened=reflective_ssim, reflective_lpips"
glossy_synthetic,Glossy-Syn.,horse,test,reflective_psnr,higher,0.136302,0.136302,RC,"train: worsened=reflective_lpips; test: worsened=reflective_ssim, reflective_lpips"
glossy_synthetic,Glossy-Syn.,horse,test,reflective_ssim,higher,-0.000461,-0.000461,base,"train: worsened=reflective_lpips; test: worsened=reflective_ssim, reflective_lpips"
glossy_synthetic,Glossy-Syn.,horse,test,reflective_lpips,lower,0.000302,-0.000302,base,"train: worsened=reflective_lpips; test: worsened=reflective_ssim, reflective_lpips"
glossy_synthetic,Glossy-Syn.,luyu,train,mean_reflection_consistency,lower,-0.008841,0.008841,RC,"train: worsened=reflective_region_psnr, full_psnr, full_ssim, full_lpips, reflective_psnr, reflective_ssim, reflective_lpips; test: worsened=reflective_region_psnr, full_psnr, full_lpips, reflective_psnr, reflective_ssim, reflective_lpips"
glossy_synthetic,Glossy-Syn.,luyu,train,full_psnr,higher,-0.460027,-0.460027,base,"train: worsened=reflective_region_psnr, full_psnr, full_ssim, full_lpips, reflective_psnr, reflective_ssim, reflective_lpips; test: worsened=reflective_region_psnr, full_psnr, full_lpips, reflective_psnr, reflective_ssim, reflective_lpips"
glossy_synthetic,Glossy-Syn.,luyu,train,full_ssim,higher,-0.000375,-0.000375,base,"train: worsened=reflective_region_psnr, full_psnr, full_ssim, full_lpips, reflective_psnr, reflective_ssim, reflective_lpips; test: worsened=reflective_region_psnr, full_psnr, full_lpips, reflective_psnr, reflective_ssim, reflective_lpips"
glossy_synthetic,Glossy-Syn.,luyu,train,full_lpips,lower,0.001237,-0.001237,base,"train: worsened=reflective_region_psnr, full_psnr, full_ssim, full_lpips, reflective_psnr, reflective_ssim, reflective_lpips; test: worsened=reflective_region_psnr, full_psnr, full_lpips, reflective_psnr, reflective_ssim, reflective_lpips"
glossy_synthetic,Glossy-Syn.,luyu,train,reflective_psnr,higher,-0.648902,-0.648902,base,"train: worsened=reflective_region_psnr, full_psnr, full_ssim, full_lpips, reflective_psnr, reflective_ssim, reflective_lpips; test: worsened=reflective_region_psnr, full_psnr, full_lpips, reflective_psnr, reflective_ssim, reflective_lpips"
glossy_synthetic,Glossy-Syn.,luyu,train,reflective_ssim,higher,-0.000676,-0.000676,base,"train: worsened=reflective_region_psnr, full_psnr, full_ssim, full_lpips, reflective_psnr, reflective_ssim, reflective_lpips; test: worsened=reflective_region_psnr, full_psnr, full_lpips, reflective_psnr, reflective_ssim, reflective_lpips"
glossy_synthetic,Glossy-Syn.,luyu,train,reflective_lpips,lower,0.001706,-0.001706,base,"train: worsened=reflective_region_psnr, full_psnr, full_ssim, full_lpips, reflective_psnr, reflective_ssim, reflective_lpips; test: worsened=reflective_region_psnr, full_psnr, full_lpips, reflective_psnr, reflective_ssim, reflective_lpips"
glossy_synthetic,Glossy-Syn.,luyu,test,mean_reflection_consistency,lower,-0.004918,0.004918,RC,"train: worsened=reflective_region_psnr, full_psnr, full_ssim, full_lpips, reflective_psnr, reflective_ssim, reflective_lpips; test: worsened=reflective_region_psnr, full_psnr, full_lpips, reflective_psnr, reflective_ssim, reflective_lpips"
glossy_synthetic,Glossy-Syn.,luyu,test,full_psnr,higher,-0.421593,-0.421593,base,"train: worsened=reflective_region_psnr, full_psnr, full_ssim, full_lpips, reflective_psnr, reflective_ssim, reflective_lpips; test: worsened=reflective_region_psnr, full_psnr, full_lpips, reflective_psnr, reflective_ssim, reflective_lpips"
glossy_synthetic,Glossy-Syn.,luyu,test,full_ssim,higher,4.5e-05,4.5e-05,RC,"train: worsened=reflective_region_psnr, full_psnr, full_ssim, full_lpips, reflective_psnr, reflective_ssim, reflective_lpips; test: worsened=reflective_region_psnr, full_psnr, full_lpips, reflective_psnr, reflective_ssim, reflective_lpips"
glossy_synthetic,Glossy-Syn.,luyu,test,full_lpips,lower,0.001538,-0.001538,base,"train: worsened=reflective_region_psnr, full_psnr, full_ssim, full_lpips, reflective_psnr, reflective_ssim, reflective_lpips; test: worsened=reflective_region_psnr, full_psnr, full_lpips, reflective_psnr, reflective_ssim, reflective_lpips"
glossy_synthetic,Glossy-Syn.,luyu,test,reflective_psnr,higher,-0.655782,-0.655782,base,"train: worsened=reflective_region_psnr, full_psnr, full_ssim, full_lpips, reflective_psnr, reflective_ssim, reflective_lpips; test: worsened=reflective_region_psnr, full_psnr, full_lpips, reflective_psnr, reflective_ssim, reflective_lpips"
glossy_synthetic,Glossy-Syn.,luyu,test,reflective_ssim,higher,-0.000993,-0.000993,base,"train: worsened=reflective_region_psnr, full_psnr, full_ssim, full_lpips, reflective_psnr, reflective_ssim, reflective_lpips; test: worsened=reflective_region_psnr, full_psnr, full_lpips, reflective_psnr, reflective_ssim, reflective_lpips"
glossy_synthetic,Glossy-Syn.,luyu,test,reflective_lpips,lower,0.002417,-0.002417,base,"train: worsened=reflective_region_psnr, full_psnr, full_ssim, full_lpips, reflective_psnr, reflective_ssim, reflective_lpips; test: worsened=reflective_region_psnr, full_psnr, full_lpips, reflective_psnr, reflective_ssim, reflective_lpips"
glossy_synthetic,Glossy-Syn.,potion,train,mean_reflection_consistency,lower,-0.005238,0.005238,RC,train: worsened=none; test: worsened=none
glossy_synthetic,Glossy-Syn.,potion,train,full_psnr,higher,0.199741,0.199741,RC,train: worsened=none; test: worsened=none
glossy_synthetic,Glossy-Syn.,potion,train,full_ssim,higher,0.000598,0.000598,RC,train: worsened=none; test: worsened=none
glossy_synthetic,Glossy-Syn.,potion,train,full_lpips,lower,-0.000986,0.000986,RC,train: worsened=none; test: worsened=none
glossy_synthetic,Glossy-Syn.,potion,train,reflective_psnr,higher,0.119162,0.119162,RC,train: worsened=none; test: worsened=none
glossy_synthetic,Glossy-Syn.,potion,train,reflective_ssim,higher,0.000105,0.000105,RC,train: worsened=none; test: worsened=none
glossy_synthetic,Glossy-Syn.,potion,train,reflective_lpips,lower,-0.000717,0.000717,RC,train: worsened=none; test: worsened=none
glossy_synthetic,Glossy-Syn.,potion,test,mean_reflection_consistency,lower,-0.002452,0.002452,RC,train: worsened=none; test: worsened=none
glossy_synthetic,Glossy-Syn.,potion,test,full_psnr,higher,0.141682,0.141682,RC,train: worsened=none; test: worsened=none
glossy_synthetic,Glossy-Syn.,potion,test,full_ssim,higher,0.001039,0.001039,RC,train: worsened=none; test: worsened=none
glossy_synthetic,Glossy-Syn.,potion,test,full_lpips,lower,-0.001867,0.001867,RC,train: worsened=none; test: worsened=none
glossy_synthetic,Glossy-Syn.,potion,test,reflective_psnr,higher,0.173639,0.173639,RC,train: worsened=none; test: worsened=none
glossy_synthetic,Glossy-Syn.,potion,test,reflective_ssim,higher,0.000319,0.000319,RC,train: worsened=none; test: worsened=none
glossy_synthetic,Glossy-Syn.,potion,test,reflective_lpips,lower,-0.000216,0.000216,RC,train: worsened=none; test: worsened=none
glossy_synthetic,Glossy-Syn.,tbell,train,mean_reflection_consistency,lower,-0.054509,0.054509,RC,"train: worsened=reflective_region_psnr, reflective_psnr, reflective_ssim, reflective_lpips; test: worsened=reflective_ssim, reflective_lpips"
glossy_synthetic,Glossy-Syn.,tbell,train,full_psnr,higher,0.081953,0.081953,RC,"train: worsened=reflective_region_psnr, reflective_psnr, reflective_ssim, reflective_lpips; test: worsened=reflective_ssim, reflective_lpips"
glossy_synthetic,Glossy-Syn.,tbell,train,full_ssim,higher,0.000375,0.000375,RC,"train: worsened=reflective_region_psnr, reflective_psnr, reflective_ssim, reflective_lpips; test: worsened=reflective_ssim, reflective_lpips"
glossy_synthetic,Glossy-Syn.,tbell,train,full_lpips,lower,-0.000949,0.000949,RC,"train: worsened=reflective_region_psnr, reflective_psnr, reflective_ssim, reflective_lpips; test: worsened=reflective_ssim, reflective_lpips"
glossy_synthetic,Glossy-Syn.,tbell,train,reflective_psnr,higher,-0.134406,-0.134406,base,"train: worsened=reflective_region_psnr, reflective_psnr, reflective_ssim, reflective_lpips; test: worsened=reflective_ssim, reflective_lpips"
glossy_synthetic,Glossy-Syn.,tbell,train,reflective_ssim,higher,-0.000311,-0.000311,base,"train: worsened=reflective_region_psnr, reflective_psnr, reflective_ssim, reflective_lpips; test: worsened=reflective_ssim, reflective_lpips"
glossy_synthetic,Glossy-Syn.,tbell,train,reflective_lpips,lower,0.000303,-0.000303,base,"train: worsened=reflective_region_psnr, reflective_psnr, reflective_ssim, reflective_lpips; test: worsened=reflective_ssim, reflective_lpips"
glossy_synthetic,Glossy-Syn.,tbell,test,mean_reflection_consistency,lower,-0.056501,0.056501,RC,"train: worsened=reflective_region_psnr, reflective_psnr, reflective_ssim, reflective_lpips; test: worsened=reflective_ssim, reflective_lpips"
glossy_synthetic,Glossy-Syn.,tbell,test,full_psnr,higher,0.239414,0.239414,RC,"train: worsened=reflective_region_psnr, reflective_psnr, reflective_ssim, reflective_lpips; test: worsened=reflective_ssim, reflective_lpips"
glossy_synthetic,Glossy-Syn.,tbell,test,full_ssim,higher,0.000805,0.000805,RC,"train: worsened=reflective_region_psnr, reflective_psnr, reflective_ssim, reflective_lpips; test: worsened=reflective_ssim, reflective_lpips"
glossy_synthetic,Glossy-Syn.,tbell,test,full_lpips,lower,-0.001087,0.001087,RC,"train: worsened=reflective_region_psnr, reflective_psnr, reflective_ssim, reflective_lpips; test: worsened=reflective_ssim, reflective_lpips"
glossy_synthetic,Glossy-Syn.,tbell,test,reflective_psnr,higher,0.027397,0.027397,RC,"train: worsened=reflective_region_psnr, reflective_psnr, reflective_ssim, reflective_lpips; test: worsened=reflective_ssim, reflective_lpips"
glossy_synthetic,Glossy-Syn.,tbell,test,reflective_ssim,higher,-0.000241,-0.000241,base,"train: worsened=reflective_region_psnr, reflective_psnr, reflective_ssim, reflective_lpips; test: worsened=reflective_ssim, reflective_lpips"
glossy_synthetic,Glossy-Syn.,tbell,test,reflective_lpips,lower,4.9e-05,-4.9e-05,base,"train: worsened=reflective_region_psnr, reflective_psnr, reflective_ssim, reflective_lpips; test: worsened=reflective_ssim, reflective_lpips"
glossy_synthetic,Glossy-Syn.,teapot,train,mean_reflection_consistency,lower,-0.040824,0.040824,RC,"train: worsened=reflective_region_psnr, reflective_psnr, reflective_lpips; test: worsened=none"
glossy_synthetic,Glossy-Syn.,teapot,train,full_psnr,higher,0.145168,0.145168,RC,"train: worsened=reflective_region_psnr, reflective_psnr, reflective_lpips; test: worsened=none"
glossy_synthetic,Glossy-Syn.,teapot,train,full_ssim,higher,0.000915,0.000915,RC,"train: worsened=reflective_region_psnr, reflective_psnr, reflective_lpips; test: worsened=none"
glossy_synthetic,Glossy-Syn.,teapot,train,full_lpips,lower,-0.000233,0.000233,RC,"train: worsened=reflective_region_psnr, reflective_psnr, reflective_lpips; test: worsened=none"
glossy_synthetic,Glossy-Syn.,teapot,train,reflective_psnr,higher,-0.034621,-0.034621,base,"train: worsened=reflective_region_psnr, reflective_psnr, reflective_lpips; test: worsened=none"
glossy_synthetic,Glossy-Syn.,teapot,train,reflective_ssim,higher,0.000203,0.000203,RC,"train: worsened=reflective_region_psnr, reflective_psnr, reflective_lpips; test: worsened=none"
glossy_synthetic,Glossy-Syn.,teapot,train,reflective_lpips,lower,0.000167,-0.000167,base,"train: worsened=reflective_region_psnr, reflective_psnr, reflective_lpips; test: worsened=none"
glossy_synthetic,Glossy-Syn.,teapot,test,mean_reflection_consistency,lower,-0.0435,0.0435,RC,"train: worsened=reflective_region_psnr, reflective_psnr, reflective_lpips; test: worsened=none"
glossy_synthetic,Glossy-Syn.,teapot,test,full_psnr,higher,0.168538,0.168538,RC,"train: worsened=reflective_region_psnr, reflective_psnr, reflective_lpips; test: worsened=none"
glossy_synthetic,Glossy-Syn.,teapot,test,full_ssim,higher,0.001869,0.001869,RC,"train: worsened=reflective_region_psnr, reflective_psnr, reflective_lpips; test: worsened=none"
glossy_synthetic,Glossy-Syn.,teapot,test,full_lpips,lower,-0.001014,0.001014,RC,"train: worsened=reflective_region_psnr, reflective_psnr, reflective_lpips; test: worsened=none"
glossy_synthetic,Glossy-Syn.,teapot,test,reflective_psnr,higher,0.007282,0.007282,RC,"train: worsened=reflective_region_psnr, reflective_psnr, reflective_lpips; test: worsened=none"
glossy_synthetic,Glossy-Syn.,teapot,test,reflective_ssim,higher,0.000336,0.000336,RC,"train: worsened=reflective_region_psnr, reflective_psnr, reflective_lpips; test: worsened=none"
glossy_synthetic,Glossy-Syn.,teapot,test,reflective_lpips,lower,-0.000844,0.000844,RC,"train: worsened=reflective_region_psnr, reflective_psnr, reflective_lpips; test: worsened=none"
