dataset,split,scene,variant,geometry_proxy_vertex_count,geometry_proxy_bbox_diag,geometry_proxy_vertex_count_delta_from_input,notes
glossy_synthetic,all,angel,base,170191,2.056682494393122,70191,Model-level proxy metrics; no train/test-specific geometry.
glossy_synthetic,all,angel,rc,170763,2.058790774944899,70763,Model-level proxy metrics; no train/test-specific geometry.
glossy_synthetic,all,angel,rough_only,176446,2.0549225174282704,76446,Model-level proxy metrics; no train/test-specific geometry.
glossy_synthetic,all,angel,wo_conf,169871,2.055448768531236,69871,Model-level proxy metrics; no train/test-specific geometry.
glossy_synthetic,all,angel,wo_ref,172037,2.057549267309314,72037,Model-level proxy metrics; no train/test-specific geometry.
glossy_synthetic,all,bell,base,72881,2.363923631903748,-27119,Model-level proxy metrics; no train/test-specific geometry.
glossy_synthetic,all,bell,rc,75282,2.36548100361723,-24718,Model-level proxy metrics; no train/test-specific geometry.
glossy_synthetic,all,bell,rough_only,72595,2.363209222038035,-27405,Model-level proxy metrics; no train/test-specific geometry.
glossy_synthetic,all,bell,wo_conf,74147,2.3640387518995896,-25853,Model-level proxy metrics; no train/test-specific geometry.
glossy_synthetic,all,bell,wo_ref,72372,2.363211477971693,-27628,Model-level proxy metrics; no train/test-specific geometry.
glossy_synthetic,all,cat,base,69090,2.5151492232977146,-30910,Model-level proxy metrics; no train/test-specific geometry.
glossy_synthetic,all,cat,rc,66158,2.41639425476256,-33842,Model-level proxy metrics; no train/test-specific geometry.
glossy_synthetic,all,cat,rough_only,66287,2.4046892002019464,-33713,Model-level proxy metrics; no train/test-specific geometry.
glossy_synthetic,all,cat,wo_conf,64912,2.387071753666876,-35088,Model-level proxy metrics; no train/test-specific geometry.
glossy_synthetic,all,cat,wo_ref,67411,2.399666656987033,-32589,Model-level proxy metrics; no train/test-specific geometry.
glossy_synthetic,all,horse,base,211650,2.1712656735729152,111650,Model-level proxy metrics; no train/test-specific geometry.
glossy_synthetic,all,horse,rc,204831,2.1716356365311995,104831,Model-level proxy metrics; no train/test-specific geometry.
glossy_synthetic,all,horse,rough_only,209885,2.173598688919253,109885,Model-level proxy metrics; no train/test-specific geometry.
glossy_synthetic,all,horse,wo_conf,215860,2.1737159651165734,115860,Model-level proxy metrics; no train/test-specific geometry.
glossy_synthetic,all,horse,wo_ref,220993,2.188253219300951,120993,Model-level proxy metrics; no train/test-specific geometry.
glossy_synthetic,all,luyu,base,155704,2.436008983017052,55704,Model-level proxy metrics; no train/test-specific geometry.
glossy_synthetic,all,luyu,rc,166906,2.4309956207289236,66906,Model-level proxy metrics; no train/test-specific geometry.
glossy_synthetic,all,luyu,rough_only,158786,2.434508931875418,58786,Model-level proxy metrics; no train/test-specific geometry.
glossy_synthetic,all,luyu,wo_conf,167209,2.4456391231890358,67209,Model-level proxy metrics; no train/test-specific geometry.
glossy_synthetic,all,luyu,wo_ref,151098,2.436123109476403,51098,Model-level proxy metrics; no train/test-specific geometry.
glossy_synthetic,all,potion,base,71997,2.764447009146561,-28003,Model-level proxy metrics; no train/test-specific geometry.
glossy_synthetic,all,potion,rc,73966,2.7665411157337596,-26034,Model-level proxy metrics; no train/test-specific geometry.
glossy_synthetic,all,potion,rough_only,71316,2.7434846394146866,-28684,Model-level proxy metrics; no train/test-specific geometry.
glossy_synthetic,all,potion,wo_conf,71475,2.7639083480204154,-28525,Model-level proxy metrics; no train/test-specific geometry.
glossy_synthetic,all,potion,wo_ref,71966,2.7614530272132285,-28034,Model-level proxy metrics; no train/test-specific geometry.
glossy_synthetic,all,tbell,base,80006,2.657179025665908,-19994,Model-level proxy metrics; no train/test-specific geometry.
glossy_synthetic,all,tbell,rc,79138,2.6540723335520098,-20862,Model-level proxy metrics; no train/test-specific geometry.
glossy_synthetic,all,tbell,rough_only,75437,2.655336428387932,-24563,Model-level proxy metrics; no train/test-specific geometry.
glossy_synthetic,all,tbell,wo_conf,76147,2.6533107271082463,-23853,Model-level proxy metrics; no train/test-specific geometry.
glossy_synthetic,all,tbell,wo_ref,77475,2.6546349041171298,-22525,Model-level proxy metrics; no train/test-specific geometry.
glossy_synthetic,all,teapot,base,142774,2.489675449725394,42774,Model-level proxy metrics; no train/test-specific geometry.
glossy_synthetic,all,teapot,rc,135908,2.4811154043492603,35908,Model-level proxy metrics; no train/test-specific geometry.
glossy_synthetic,all,teapot,rough_only,144652,2.4808395008627313,44652,Model-level proxy metrics; no train/test-specific geometry.
glossy_synthetic,all,teapot,wo_conf,232212,2.4804766210371643,132212,Model-level proxy metrics; no train/test-specific geometry.
glossy_synthetic,all,teapot,wo_ref,136217,2.479064429694438,36217,Model-level proxy metrics; no train/test-specific geometry.
shiny_blender_synthetic,all,ball,base,43555,3.457995544554162,-56445,Model-level proxy metrics; no train/test-specific geometry.
shiny_blender_synthetic,all,ball,rc,43856,3.458759631915073,-56144,Model-level proxy metrics; no train/test-specific geometry.
shiny_blender_synthetic,all,ball,rough_only,43762,3.4582584431648624,-56238,Model-level proxy metrics; no train/test-specific geometry.
shiny_blender_synthetic,all,ball,wo_conf,42960,3.458720298606879,-57040,Model-level proxy metrics; no train/test-specific geometry.
shiny_blender_synthetic,all,ball,wo_ref,43633,3.457157423867815,-56367,Model-level proxy metrics; no train/test-specific geometry.
shiny_blender_synthetic,all,car,base,106794,2.7522671465756106,6794,Model-level proxy metrics; no train/test-specific geometry.
shiny_blender_synthetic,all,car,rc,102952,2.7454865590772584,2952,Model-level proxy metrics; no train/test-specific geometry.
shiny_blender_synthetic,all,car,rough_only,108858,2.745244111521943,8858,Model-level proxy metrics; no train/test-specific geometry.
shiny_blender_synthetic,all,car,wo_conf,109036,2.753331664782458,9036,Model-level proxy metrics; no train/test-specific geometry.
shiny_blender_synthetic,all,car,wo_ref,109099,2.7517665104705227,9099,Model-level proxy metrics; no train/test-specific geometry.
shiny_blender_synthetic,all,coffee,base,49223,3.215523413427645,-50777,Model-level proxy metrics; no train/test-specific geometry.
shiny_blender_synthetic,all,coffee,rc,50156,3.2141837518307477,-49844,Model-level proxy metrics; no train/test-specific geometry.
shiny_blender_synthetic,all,coffee,rough_only,51961,3.214956507957017,-48039,Model-level proxy metrics; no train/test-specific geometry.
shiny_blender_synthetic,all,coffee,wo_conf,48051,3.2152379249299683,-51949,Model-level proxy metrics; no train/test-specific geometry.
shiny_blender_synthetic,all,coffee,wo_ref,48741,3.2221016406572267,-51259,Model-level proxy metrics; no train/test-specific geometry.
shiny_blender_synthetic,all,helmet,base,60619,3.1117898624991978,-39381,Model-level proxy metrics; no train/test-specific geometry.
shiny_blender_synthetic,all,helmet,rc,60312,3.1134405101621865,-39688,Model-level proxy metrics; no train/test-specific geometry.
shiny_blender_synthetic,all,helmet,rough_only,60097,3.1226822920540855,-39903,Model-level proxy metrics; no train/test-specific geometry.
shiny_blender_synthetic,all,helmet,wo_conf,59625,3.113733249886007,-40375,Model-level proxy metrics; no train/test-specific geometry.
shiny_blender_synthetic,all,helmet,wo_ref,58882,3.1140957244512726,-41118,Model-level proxy metrics; no train/test-specific geometry.
shiny_blender_synthetic,all,teapot,base,21759,1.7836245357420664,-78241,Model-level proxy metrics; no train/test-specific geometry.
shiny_blender_synthetic,all,teapot,rc,20536,1.7852552131712587,-79464,Model-level proxy metrics; no train/test-specific geometry.
shiny_blender_synthetic,all,teapot,rough_only,23506,1.7841004357067165,-76494,Model-level proxy metrics; no train/test-specific geometry.
shiny_blender_synthetic,all,teapot,wo_conf,23113,1.7835085630372476,-76887,Model-level proxy metrics; no train/test-specific geometry.
shiny_blender_synthetic,all,teapot,wo_ref,21935,1.7883428934868313,-78065,Model-level proxy metrics; no train/test-specific geometry.
shiny_blender_synthetic,all,toaster,base,139788,3.1264621081231807,39788,Model-level proxy metrics; no train/test-specific geometry.
shiny_blender_synthetic,all,toaster,rc,138856,3.131009540219261,38856,Model-level proxy metrics; no train/test-specific geometry.
shiny_blender_synthetic,all,toaster,rough_only,139449,3.125558773619028,39449,Model-level proxy metrics; no train/test-specific geometry.
shiny_blender_synthetic,all,toaster,wo_conf,139029,3.125317826772291,39029,Model-level proxy metrics; no train/test-specific geometry.
shiny_blender_synthetic,all,toaster,wo_ref,139509,3.125224502915332,39509,Model-level proxy metrics; no train/test-specific geometry.
