dataset,split,scene,method,variant,metric,value,metric_direction,geometry_gt_type,evaluation_level,mesh_file,gt_file,aligned_flag,valid_flag,source_file,note
glossy_synthetic,all,angel,base,base,geometry_proxy_vertex_count,170191.0,diagnostic,none,level3_proxy,,nan,False,True,/tmp/rc_refgs_full_dataset_base_rc_i31000_20260527/glossy_synthetic/angel/base/seed_0/point_cloud/iteration_31000/point_cloud.ply,Proxy-only point-cloud artifact diagnostics; not a mesh/surface quality metric.
glossy_synthetic,all,angel,base,base,geometry_proxy_bbox_diag,2.056682494393122,diagnostic,none,level3_proxy,,nan,False,True,/tmp/rc_refgs_full_dataset_base_rc_i31000_20260527/glossy_synthetic/angel/base/seed_0/point_cloud/iteration_31000/point_cloud.ply,Proxy-only point-cloud artifact diagnostics; not a mesh/surface quality metric.
glossy_synthetic,all,angel,base,base,geometry_proxy_vertex_count_delta_from_input,70191.0,diagnostic,none,level3_proxy,,nan,False,True,/tmp/rc_refgs_full_dataset_base_rc_i31000_20260527/glossy_synthetic/angel/base/seed_0/point_cloud/iteration_31000/point_cloud.ply,Proxy-only point-cloud artifact diagnostics; not a mesh/surface quality metric.
glossy_synthetic,all,angel,rc,rc,geometry_proxy_vertex_count,170763.0,diagnostic,none,level3_proxy,,nan,False,True,/tmp/rc_refgs_full_dataset_base_rc_i31000_20260527/glossy_synthetic/angel/rc/seed_0/point_cloud/iteration_31000/point_cloud.ply,Proxy-only point-cloud artifact diagnostics; not a mesh/surface quality metric.
glossy_synthetic,all,angel,rc,rc,geometry_proxy_bbox_diag,2.058790774944899,diagnostic,none,level3_proxy,,nan,False,True,/tmp/rc_refgs_full_dataset_base_rc_i31000_20260527/glossy_synthetic/angel/rc/seed_0/point_cloud/iteration_31000/point_cloud.ply,Proxy-only point-cloud artifact diagnostics; not a mesh/surface quality metric.
glossy_synthetic,all,angel,rc,rc,geometry_proxy_vertex_count_delta_from_input,70763.0,diagnostic,none,level3_proxy,,nan,False,True,/tmp/rc_refgs_full_dataset_base_rc_i31000_20260527/glossy_synthetic/angel/rc/seed_0/point_cloud/iteration_31000/point_cloud.ply,Proxy-only point-cloud artifact diagnostics; not a mesh/surface quality metric.
glossy_synthetic,all,angel,wo_ref,wo_ref,geometry_proxy_vertex_count,172037.0,diagnostic,none,level3_proxy,,nan,False,True,/tmp/rc_refgs_full_dataset_ablations_i31000_20260528/glossy_synthetic/angel/wo_ref/seed_0/angel_blender_wo_ref/point_cloud/iteration_31000/point_cloud.ply,Proxy-only point-cloud artifact diagnostics; not a mesh/surface quality metric.
glossy_synthetic,all,angel,wo_ref,wo_ref,geometry_proxy_bbox_diag,2.057549267309314,diagnostic,none,level3_proxy,,nan,False,True,/tmp/rc_refgs_full_dataset_ablations_i31000_20260528/glossy_synthetic/angel/wo_ref/seed_0/angel_blender_wo_ref/point_cloud/iteration_31000/point_cloud.ply,Proxy-only point-cloud artifact diagnostics; not a mesh/surface quality metric.
glossy_synthetic,all,angel,wo_ref,wo_ref,geometry_proxy_vertex_count_delta_from_input,72037.0,diagnostic,none,level3_proxy,,nan,False,True,/tmp/rc_refgs_full_dataset_ablations_i31000_20260528/glossy_synthetic/angel/wo_ref/seed_0/angel_blender_wo_ref/point_cloud/iteration_31000/point_cloud.ply,Proxy-only point-cloud artifact diagnostics; not a mesh/surface quality metric.
glossy_synthetic,all,angel,wo_conf,wo_conf,geometry_proxy_vertex_count,169871.0,diagnostic,none,level3_proxy,,nan,False,True,/tmp/rc_refgs_full_dataset_ablations_i31000_20260528/glossy_synthetic/angel/wo_conf/seed_0/angel_blender_wo_conf/point_cloud/iteration_31000/point_cloud.ply,Proxy-only point-cloud artifact diagnostics; not a mesh/surface quality metric.
glossy_synthetic,all,angel,wo_conf,wo_conf,geometry_proxy_bbox_diag,2.055448768531236,diagnostic,none,level3_proxy,,nan,False,True,/tmp/rc_refgs_full_dataset_ablations_i31000_20260528/glossy_synthetic/angel/wo_conf/seed_0/angel_blender_wo_conf/point_cloud/iteration_31000/point_cloud.ply,Proxy-only point-cloud artifact diagnostics; not a mesh/surface quality metric.
glossy_synthetic,all,angel,wo_conf,wo_conf,geometry_proxy_vertex_count_delta_from_input,69871.0,diagnostic,none,level3_proxy,,nan,False,True,/tmp/rc_refgs_full_dataset_ablations_i31000_20260528/glossy_synthetic/angel/wo_conf/seed_0/angel_blender_wo_conf/point_cloud/iteration_31000/point_cloud.ply,Proxy-only point-cloud artifact diagnostics; not a mesh/surface quality metric.
glossy_synthetic,all,angel,rough_only,rough_only,geometry_proxy_vertex_count,176446.0,diagnostic,none,level3_proxy,,nan,False,True,/tmp/rc_refgs_full_dataset_ablations_i31000_20260528/glossy_synthetic/angel/rough_only/seed_0/angel_blender_rough_only/point_cloud/iteration_31000/point_cloud.ply,Proxy-only point-cloud artifact diagnostics; not a mesh/surface quality metric.
glossy_synthetic,all,angel,rough_only,rough_only,geometry_proxy_bbox_diag,2.0549225174282704,diagnostic,none,level3_proxy,,nan,False,True,/tmp/rc_refgs_full_dataset_ablations_i31000_20260528/glossy_synthetic/angel/rough_only/seed_0/angel_blender_rough_only/point_cloud/iteration_31000/point_cloud.ply,Proxy-only point-cloud artifact diagnostics; not a mesh/surface quality metric.
glossy_synthetic,all,angel,rough_only,rough_only,geometry_proxy_vertex_count_delta_from_input,76446.0,diagnostic,none,level3_proxy,,nan,False,True,/tmp/rc_refgs_full_dataset_ablations_i31000_20260528/glossy_synthetic/angel/rough_only/seed_0/angel_blender_rough_only/point_cloud/iteration_31000/point_cloud.ply,Proxy-only point-cloud artifact diagnostics; not a mesh/surface quality metric.
glossy_synthetic,all,bell,base,base,geometry_proxy_vertex_count,72881.0,diagnostic,none,level3_proxy,,nan,False,True,/tmp/rc_refgs_full_dataset_base_rc_i31000_20260527/glossy_synthetic/bell/base/seed_0/point_cloud/iteration_31000/point_cloud.ply,Proxy-only point-cloud artifact diagnostics; not a mesh/surface quality metric.
glossy_synthetic,all,bell,base,base,geometry_proxy_bbox_diag,2.363923631903748,diagnostic,none,level3_proxy,,nan,False,True,/tmp/rc_refgs_full_dataset_base_rc_i31000_20260527/glossy_synthetic/bell/base/seed_0/point_cloud/iteration_31000/point_cloud.ply,Proxy-only point-cloud artifact diagnostics; not a mesh/surface quality metric.
glossy_synthetic,all,bell,base,base,geometry_proxy_vertex_count_delta_from_input,-27119.0,diagnostic,none,level3_proxy,,nan,False,True,/tmp/rc_refgs_full_dataset_base_rc_i31000_20260527/glossy_synthetic/bell/base/seed_0/point_cloud/iteration_31000/point_cloud.ply,Proxy-only point-cloud artifact diagnostics; not a mesh/surface quality metric.
glossy_synthetic,all,bell,rc,rc,geometry_proxy_vertex_count,75282.0,diagnostic,none,level3_proxy,,nan,False,True,/tmp/rc_refgs_full_dataset_base_rc_i31000_20260527/glossy_synthetic/bell/rc/seed_0/point_cloud/iteration_31000/point_cloud.ply,Proxy-only point-cloud artifact diagnostics; not a mesh/surface quality metric.
glossy_synthetic,all,bell,rc,rc,geometry_proxy_bbox_diag,2.36548100361723,diagnostic,none,level3_proxy,,nan,False,True,/tmp/rc_refgs_full_dataset_base_rc_i31000_20260527/glossy_synthetic/bell/rc/seed_0/point_cloud/iteration_31000/point_cloud.ply,Proxy-only point-cloud artifact diagnostics; not a mesh/surface quality metric.
glossy_synthetic,all,bell,rc,rc,geometry_proxy_vertex_count_delta_from_input,-24718.0,diagnostic,none,level3_proxy,,nan,False,True,/tmp/rc_refgs_full_dataset_base_rc_i31000_20260527/glossy_synthetic/bell/rc/seed_0/point_cloud/iteration_31000/point_cloud.ply,Proxy-only point-cloud artifact diagnostics; not a mesh/surface quality metric.
glossy_synthetic,all,bell,wo_ref,wo_ref,geometry_proxy_vertex_count,72372.0,diagnostic,none,level3_proxy,,nan,False,True,/tmp/rc_refgs_full_dataset_ablations_i31000_20260528/glossy_synthetic/bell/wo_ref/seed_0/bell_blender_wo_ref/point_cloud/iteration_31000/point_cloud.ply,Proxy-only point-cloud artifact diagnostics; not a mesh/surface quality metric.
glossy_synthetic,all,bell,wo_ref,wo_ref,geometry_proxy_bbox_diag,2.363211477971693,diagnostic,none,level3_proxy,,nan,False,True,/tmp/rc_refgs_full_dataset_ablations_i31000_20260528/glossy_synthetic/bell/wo_ref/seed_0/bell_blender_wo_ref/point_cloud/iteration_31000/point_cloud.ply,Proxy-only point-cloud artifact diagnostics; not a mesh/surface quality metric.
glossy_synthetic,all,bell,wo_ref,wo_ref,geometry_proxy_vertex_count_delta_from_input,-27628.0,diagnostic,none,level3_proxy,,nan,False,True,/tmp/rc_refgs_full_dataset_ablations_i31000_20260528/glossy_synthetic/bell/wo_ref/seed_0/bell_blender_wo_ref/point_cloud/iteration_31000/point_cloud.ply,Proxy-only point-cloud artifact diagnostics; not a mesh/surface quality metric.
glossy_synthetic,all,bell,wo_conf,wo_conf,geometry_proxy_vertex_count,74147.0,diagnostic,none,level3_proxy,,nan,False,True,/tmp/rc_refgs_full_dataset_ablations_i31000_20260528/glossy_synthetic/bell/wo_conf/seed_0/bell_blender_wo_conf/point_cloud/iteration_31000/point_cloud.ply,Proxy-only point-cloud artifact diagnostics; not a mesh/surface quality metric.
glossy_synthetic,all,bell,wo_conf,wo_conf,geometry_proxy_bbox_diag,2.3640387518995896,diagnostic,none,level3_proxy,,nan,False,True,/tmp/rc_refgs_full_dataset_ablations_i31000_20260528/glossy_synthetic/bell/wo_conf/seed_0/bell_blender_wo_conf/point_cloud/iteration_31000/point_cloud.ply,Proxy-only point-cloud artifact diagnostics; not a mesh/surface quality metric.
glossy_synthetic,all,bell,wo_conf,wo_conf,geometry_proxy_vertex_count_delta_from_input,-25853.0,diagnostic,none,level3_proxy,,nan,False,True,/tmp/rc_refgs_full_dataset_ablations_i31000_20260528/glossy_synthetic/bell/wo_conf/seed_0/bell_blender_wo_conf/point_cloud/iteration_31000/point_cloud.ply,Proxy-only point-cloud artifact diagnostics; not a mesh/surface quality metric.
glossy_synthetic,all,bell,rough_only,rough_only,geometry_proxy_vertex_count,72595.0,diagnostic,none,level3_proxy,,nan,False,True,/tmp/rc_refgs_full_dataset_ablations_i31000_20260528/glossy_synthetic/bell/rough_only/seed_0/bell_blender_rough_only/point_cloud/iteration_31000/point_cloud.ply,Proxy-only point-cloud artifact diagnostics; not a mesh/surface quality metric.
glossy_synthetic,all,bell,rough_only,rough_only,geometry_proxy_bbox_diag,2.363209222038035,diagnostic,none,level3_proxy,,nan,False,True,/tmp/rc_refgs_full_dataset_ablations_i31000_20260528/glossy_synthetic/bell/rough_only/seed_0/bell_blender_rough_only/point_cloud/iteration_31000/point_cloud.ply,Proxy-only point-cloud artifact diagnostics; not a mesh/surface quality metric.
glossy_synthetic,all,bell,rough_only,rough_only,geometry_proxy_vertex_count_delta_from_input,-27405.0,diagnostic,none,level3_proxy,,nan,False,True,/tmp/rc_refgs_full_dataset_ablations_i31000_20260528/glossy_synthetic/bell/rough_only/seed_0/bell_blender_rough_only/point_cloud/iteration_31000/point_cloud.ply,Proxy-only point-cloud artifact diagnostics; not a mesh/surface quality metric.
glossy_synthetic,all,cat,base,base,geometry_proxy_vertex_count,69090.0,diagnostic,none,level3_proxy,,nan,False,True,/tmp/rc_refgs_full_dataset_base_rc_i31000_20260527/glossy_synthetic/cat/base/seed_0/point_cloud/iteration_31000/point_cloud.ply,Proxy-only point-cloud artifact diagnostics; not a mesh/surface quality metric.
glossy_synthetic,all,cat,base,base,geometry_proxy_bbox_diag,2.5151492232977146,diagnostic,none,level3_proxy,,nan,False,True,/tmp/rc_refgs_full_dataset_base_rc_i31000_20260527/glossy_synthetic/cat/base/seed_0/point_cloud/iteration_31000/point_cloud.ply,Proxy-only point-cloud artifact diagnostics; not a mesh/surface quality metric.
glossy_synthetic,all,cat,base,base,geometry_proxy_vertex_count_delta_from_input,-30910.0,diagnostic,none,level3_proxy,,nan,False,True,/tmp/rc_refgs_full_dataset_base_rc_i31000_20260527/glossy_synthetic/cat/base/seed_0/point_cloud/iteration_31000/point_cloud.ply,Proxy-only point-cloud artifact diagnostics; not a mesh/surface quality metric.
glossy_synthetic,all,cat,rc,rc,geometry_proxy_vertex_count,66158.0,diagnostic,none,level3_proxy,,nan,False,True,/tmp/rc_refgs_full_dataset_base_rc_i31000_20260527/glossy_synthetic/cat/rc/seed_0/point_cloud/iteration_31000/point_cloud.ply,Proxy-only point-cloud artifact diagnostics; not a mesh/surface quality metric.
glossy_synthetic,all,cat,rc,rc,geometry_proxy_bbox_diag,2.41639425476256,diagnostic,none,level3_proxy,,nan,False,True,/tmp/rc_refgs_full_dataset_base_rc_i31000_20260527/glossy_synthetic/cat/rc/seed_0/point_cloud/iteration_31000/point_cloud.ply,Proxy-only point-cloud artifact diagnostics; not a mesh/surface quality metric.
glossy_synthetic,all,cat,rc,rc,geometry_proxy_vertex_count_delta_from_input,-33842.0,diagnostic,none,level3_proxy,,nan,False,True,/tmp/rc_refgs_full_dataset_base_rc_i31000_20260527/glossy_synthetic/cat/rc/seed_0/point_cloud/iteration_31000/point_cloud.ply,Proxy-only point-cloud artifact diagnostics; not a mesh/surface quality metric.
glossy_synthetic,all,cat,wo_ref,wo_ref,geometry_proxy_vertex_count,67411.0,diagnostic,none,level3_proxy,,nan,False,True,/tmp/rc_refgs_full_dataset_ablations_i31000_20260528/glossy_synthetic/cat/wo_ref/seed_0/cat_blender_wo_ref/point_cloud/iteration_31000/point_cloud.ply,Proxy-only point-cloud artifact diagnostics; not a mesh/surface quality metric.
glossy_synthetic,all,cat,wo_ref,wo_ref,geometry_proxy_bbox_diag,2.399666656987033,diagnostic,none,level3_proxy,,nan,False,True,/tmp/rc_refgs_full_dataset_ablations_i31000_20260528/glossy_synthetic/cat/wo_ref/seed_0/cat_blender_wo_ref/point_cloud/iteration_31000/point_cloud.ply,Proxy-only point-cloud artifact diagnostics; not a mesh/surface quality metric.
glossy_synthetic,all,cat,wo_ref,wo_ref,geometry_proxy_vertex_count_delta_from_input,-32589.0,diagnostic,none,level3_proxy,,nan,False,True,/tmp/rc_refgs_full_dataset_ablations_i31000_20260528/glossy_synthetic/cat/wo_ref/seed_0/cat_blender_wo_ref/point_cloud/iteration_31000/point_cloud.ply,Proxy-only point-cloud artifact diagnostics; not a mesh/surface quality metric.
glossy_synthetic,all,cat,wo_conf,wo_conf,geometry_proxy_vertex_count,64912.0,diagnostic,none,level3_proxy,,nan,False,True,/tmp/rc_refgs_full_dataset_ablations_i31000_20260528/glossy_synthetic/cat/wo_conf/seed_0/cat_blender_wo_conf/point_cloud/iteration_31000/point_cloud.ply,Proxy-only point-cloud artifact diagnostics; not a mesh/surface quality metric.
glossy_synthetic,all,cat,wo_conf,wo_conf,geometry_proxy_bbox_diag,2.387071753666876,diagnostic,none,level3_proxy,,nan,False,True,/tmp/rc_refgs_full_dataset_ablations_i31000_20260528/glossy_synthetic/cat/wo_conf/seed_0/cat_blender_wo_conf/point_cloud/iteration_31000/point_cloud.ply,Proxy-only point-cloud artifact diagnostics; not a mesh/surface quality metric.
glossy_synthetic,all,cat,wo_conf,wo_conf,geometry_proxy_vertex_count_delta_from_input,-35088.0,diagnostic,none,level3_proxy,,nan,False,True,/tmp/rc_refgs_full_dataset_ablations_i31000_20260528/glossy_synthetic/cat/wo_conf/seed_0/cat_blender_wo_conf/point_cloud/iteration_31000/point_cloud.ply,Proxy-only point-cloud artifact diagnostics; not a mesh/surface quality metric.
glossy_synthetic,all,cat,rough_only,rough_only,geometry_proxy_vertex_count,66287.0,diagnostic,none,level3_proxy,,nan,False,True,/tmp/rc_refgs_full_dataset_ablations_i31000_20260528/glossy_synthetic/cat/rough_only/seed_0/cat_blender_rough_only/point_cloud/iteration_31000/point_cloud.ply,Proxy-only point-cloud artifact diagnostics; not a mesh/surface quality metric.
glossy_synthetic,all,cat,rough_only,rough_only,geometry_proxy_bbox_diag,2.4046892002019464,diagnostic,none,level3_proxy,,nan,False,True,/tmp/rc_refgs_full_dataset_ablations_i31000_20260528/glossy_synthetic/cat/rough_only/seed_0/cat_blender_rough_only/point_cloud/iteration_31000/point_cloud.ply,Proxy-only point-cloud artifact diagnostics; not a mesh/surface quality metric.
glossy_synthetic,all,cat,rough_only,rough_only,geometry_proxy_vertex_count_delta_from_input,-33713.0,diagnostic,none,level3_proxy,,nan,False,True,/tmp/rc_refgs_full_dataset_ablations_i31000_20260528/glossy_synthetic/cat/rough_only/seed_0/cat_blender_rough_only/point_cloud/iteration_31000/point_cloud.ply,Proxy-only point-cloud artifact diagnostics; not a mesh/surface quality metric.
glossy_synthetic,all,horse,base,base,geometry_proxy_vertex_count,211650.0,diagnostic,none,level3_proxy,,nan,False,True,/tmp/rc_refgs_full_dataset_base_rc_i31000_20260527/glossy_synthetic/horse/base/seed_0/point_cloud/iteration_31000/point_cloud.ply,Proxy-only point-cloud artifact diagnostics; not a mesh/surface quality metric.
glossy_synthetic,all,horse,base,base,geometry_proxy_bbox_diag,2.1712656735729152,diagnostic,none,level3_proxy,,nan,False,True,/tmp/rc_refgs_full_dataset_base_rc_i31000_20260527/glossy_synthetic/horse/base/seed_0/point_cloud/iteration_31000/point_cloud.ply,Proxy-only point-cloud artifact diagnostics; not a mesh/surface quality metric.
glossy_synthetic,all,horse,base,base,geometry_proxy_vertex_count_delta_from_input,111650.0,diagnostic,none,level3_proxy,,nan,False,True,/tmp/rc_refgs_full_dataset_base_rc_i31000_20260527/glossy_synthetic/horse/base/seed_0/point_cloud/iteration_31000/point_cloud.ply,Proxy-only point-cloud artifact diagnostics; not a mesh/surface quality metric.
glossy_synthetic,all,horse,rc,rc,geometry_proxy_vertex_count,204831.0,diagnostic,none,level3_proxy,,nan,False,True,/tmp/rc_refgs_full_dataset_base_rc_i31000_20260527/glossy_synthetic/horse/rc/seed_0/point_cloud/iteration_31000/point_cloud.ply,Proxy-only point-cloud artifact diagnostics; not a mesh/surface quality metric.
glossy_synthetic,all,horse,rc,rc,geometry_proxy_bbox_diag,2.1716356365311995,diagnostic,none,level3_proxy,,nan,False,True,/tmp/rc_refgs_full_dataset_base_rc_i31000_20260527/glossy_synthetic/horse/rc/seed_0/point_cloud/iteration_31000/point_cloud.ply,Proxy-only point-cloud artifact diagnostics; not a mesh/surface quality metric.
glossy_synthetic,all,horse,rc,rc,geometry_proxy_vertex_count_delta_from_input,104831.0,diagnostic,none,level3_proxy,,nan,False,True,/tmp/rc_refgs_full_dataset_base_rc_i31000_20260527/glossy_synthetic/horse/rc/seed_0/point_cloud/iteration_31000/point_cloud.ply,Proxy-only point-cloud artifact diagnostics; not a mesh/surface quality metric.
glossy_synthetic,all,horse,wo_ref,wo_ref,geometry_proxy_vertex_count,220993.0,diagnostic,none,level3_proxy,,nan,False,True,/tmp/rc_refgs_full_dataset_ablations_i31000_20260528/glossy_synthetic/horse/wo_ref/seed_0/horse_blender_wo_ref/point_cloud/iteration_31000/point_cloud.ply,Proxy-only point-cloud artifact diagnostics; not a mesh/surface quality metric.
glossy_synthetic,all,horse,wo_ref,wo_ref,geometry_proxy_bbox_diag,2.188253219300951,diagnostic,none,level3_proxy,,nan,False,True,/tmp/rc_refgs_full_dataset_ablations_i31000_20260528/glossy_synthetic/horse/wo_ref/seed_0/horse_blender_wo_ref/point_cloud/iteration_31000/point_cloud.ply,Proxy-only point-cloud artifact diagnostics; not a mesh/surface quality metric.
glossy_synthetic,all,horse,wo_ref,wo_ref,geometry_proxy_vertex_count_delta_from_input,120993.0,diagnostic,none,level3_proxy,,nan,False,True,/tmp/rc_refgs_full_dataset_ablations_i31000_20260528/glossy_synthetic/horse/wo_ref/seed_0/horse_blender_wo_ref/point_cloud/iteration_31000/point_cloud.ply,Proxy-only point-cloud artifact diagnostics; not a mesh/surface quality metric.
glossy_synthetic,all,horse,wo_conf,wo_conf,geometry_proxy_vertex_count,215860.0,diagnostic,none,level3_proxy,,nan,False,True,/tmp/rc_refgs_full_dataset_ablations_i31000_20260528/glossy_synthetic/horse/wo_conf/seed_0/horse_blender_wo_conf/point_cloud/iteration_31000/point_cloud.ply,Proxy-only point-cloud artifact diagnostics; not a mesh/surface quality metric.
glossy_synthetic,all,horse,wo_conf,wo_conf,geometry_proxy_bbox_diag,2.1737159651165734,diagnostic,none,level3_proxy,,nan,False,True,/tmp/rc_refgs_full_dataset_ablations_i31000_20260528/glossy_synthetic/horse/wo_conf/seed_0/horse_blender_wo_conf/point_cloud/iteration_31000/point_cloud.ply,Proxy-only point-cloud artifact diagnostics; not a mesh/surface quality metric.
glossy_synthetic,all,horse,wo_conf,wo_conf,geometry_proxy_vertex_count_delta_from_input,115860.0,diagnostic,none,level3_proxy,,nan,False,True,/tmp/rc_refgs_full_dataset_ablations_i31000_20260528/glossy_synthetic/horse/wo_conf/seed_0/horse_blender_wo_conf/point_cloud/iteration_31000/point_cloud.ply,Proxy-only point-cloud artifact diagnostics; not a mesh/surface quality metric.
glossy_synthetic,all,horse,rough_only,rough_only,geometry_proxy_vertex_count,209885.0,diagnostic,none,level3_proxy,,nan,False,True,/tmp/rc_refgs_full_dataset_ablations_i31000_20260528/glossy_synthetic/horse/rough_only/seed_0/horse_blender_rough_only/point_cloud/iteration_31000/point_cloud.ply,Proxy-only point-cloud artifact diagnostics; not a mesh/surface quality metric.
glossy_synthetic,all,horse,rough_only,rough_only,geometry_proxy_bbox_diag,2.173598688919253,diagnostic,none,level3_proxy,,nan,False,True,/tmp/rc_refgs_full_dataset_ablations_i31000_20260528/glossy_synthetic/horse/rough_only/seed_0/horse_blender_rough_only/point_cloud/iteration_31000/point_cloud.ply,Proxy-only point-cloud artifact diagnostics; not a mesh/surface quality metric.
glossy_synthetic,all,horse,rough_only,rough_only,geometry_proxy_vertex_count_delta_from_input,109885.0,diagnostic,none,level3_proxy,,nan,False,True,/tmp/rc_refgs_full_dataset_ablations_i31000_20260528/glossy_synthetic/horse/rough_only/seed_0/horse_blender_rough_only/point_cloud/iteration_31000/point_cloud.ply,Proxy-only point-cloud artifact diagnostics; not a mesh/surface quality metric.
glossy_synthetic,all,luyu,base,base,geometry_proxy_vertex_count,155704.0,diagnostic,none,level3_proxy,,nan,False,True,/tmp/rc_refgs_full_dataset_base_rc_i31000_20260527/glossy_synthetic/luyu/base/seed_0/point_cloud/iteration_31000/point_cloud.ply,Proxy-only point-cloud artifact diagnostics; not a mesh/surface quality metric.
glossy_synthetic,all,luyu,base,base,geometry_proxy_bbox_diag,2.436008983017052,diagnostic,none,level3_proxy,,nan,False,True,/tmp/rc_refgs_full_dataset_base_rc_i31000_20260527/glossy_synthetic/luyu/base/seed_0/point_cloud/iteration_31000/point_cloud.ply,Proxy-only point-cloud artifact diagnostics; not a mesh/surface quality metric.
glossy_synthetic,all,luyu,base,base,geometry_proxy_vertex_count_delta_from_input,55704.0,diagnostic,none,level3_proxy,,nan,False,True,/tmp/rc_refgs_full_dataset_base_rc_i31000_20260527/glossy_synthetic/luyu/base/seed_0/point_cloud/iteration_31000/point_cloud.ply,Proxy-only point-cloud artifact diagnostics; not a mesh/surface quality metric.
glossy_synthetic,all,luyu,rc,rc,geometry_proxy_vertex_count,166906.0,diagnostic,none,level3_proxy,,nan,False,True,/tmp/rc_refgs_full_dataset_base_rc_i31000_20260527/glossy_synthetic/luyu/rc/seed_0/point_cloud/iteration_31000/point_cloud.ply,Proxy-only point-cloud artifact diagnostics; not a mesh/surface quality metric.
glossy_synthetic,all,luyu,rc,rc,geometry_proxy_bbox_diag,2.4309956207289236,diagnostic,none,level3_proxy,,nan,False,True,/tmp/rc_refgs_full_dataset_base_rc_i31000_20260527/glossy_synthetic/luyu/rc/seed_0/point_cloud/iteration_31000/point_cloud.ply,Proxy-only point-cloud artifact diagnostics; not a mesh/surface quality metric.
glossy_synthetic,all,luyu,rc,rc,geometry_proxy_vertex_count_delta_from_input,66906.0,diagnostic,none,level3_proxy,,nan,False,True,/tmp/rc_refgs_full_dataset_base_rc_i31000_20260527/glossy_synthetic/luyu/rc/seed_0/point_cloud/iteration_31000/point_cloud.ply,Proxy-only point-cloud artifact diagnostics; not a mesh/surface quality metric.
glossy_synthetic,all,luyu,wo_ref,wo_ref,geometry_proxy_vertex_count,151098.0,diagnostic,none,level3_proxy,,nan,False,True,/tmp/rc_refgs_full_dataset_ablations_i31000_20260528/glossy_synthetic/luyu/wo_ref/seed_0/luyu_blender_wo_ref/point_cloud/iteration_31000/point_cloud.ply,Proxy-only point-cloud artifact diagnostics; not a mesh/surface quality metric.
glossy_synthetic,all,luyu,wo_ref,wo_ref,geometry_proxy_bbox_diag,2.436123109476403,diagnostic,none,level3_proxy,,nan,False,True,/tmp/rc_refgs_full_dataset_ablations_i31000_20260528/glossy_synthetic/luyu/wo_ref/seed_0/luyu_blender_wo_ref/point_cloud/iteration_31000/point_cloud.ply,Proxy-only point-cloud artifact diagnostics; not a mesh/surface quality metric.
glossy_synthetic,all,luyu,wo_ref,wo_ref,geometry_proxy_vertex_count_delta_from_input,51098.0,diagnostic,none,level3_proxy,,nan,False,True,/tmp/rc_refgs_full_dataset_ablations_i31000_20260528/glossy_synthetic/luyu/wo_ref/seed_0/luyu_blender_wo_ref/point_cloud/iteration_31000/point_cloud.ply,Proxy-only point-cloud artifact diagnostics; not a mesh/surface quality metric.
glossy_synthetic,all,luyu,wo_conf,wo_conf,geometry_proxy_vertex_count,167209.0,diagnostic,none,level3_proxy,,nan,False,True,/tmp/rc_refgs_full_dataset_ablations_i31000_20260528/glossy_synthetic/luyu/wo_conf/seed_0/luyu_blender_wo_conf/point_cloud/iteration_31000/point_cloud.ply,Proxy-only point-cloud artifact diagnostics; not a mesh/surface quality metric.
glossy_synthetic,all,luyu,wo_conf,wo_conf,geometry_proxy_bbox_diag,2.4456391231890358,diagnostic,none,level3_proxy,,nan,False,True,/tmp/rc_refgs_full_dataset_ablations_i31000_20260528/glossy_synthetic/luyu/wo_conf/seed_0/luyu_blender_wo_conf/point_cloud/iteration_31000/point_cloud.ply,Proxy-only point-cloud artifact diagnostics; not a mesh/surface quality metric.
glossy_synthetic,all,luyu,wo_conf,wo_conf,geometry_proxy_vertex_count_delta_from_input,67209.0,diagnostic,none,level3_proxy,,nan,False,True,/tmp/rc_refgs_full_dataset_ablations_i31000_20260528/glossy_synthetic/luyu/wo_conf/seed_0/luyu_blender_wo_conf/point_cloud/iteration_31000/point_cloud.ply,Proxy-only point-cloud artifact diagnostics; not a mesh/surface quality metric.
glossy_synthetic,all,luyu,rough_only,rough_only,geometry_proxy_vertex_count,158786.0,diagnostic,none,level3_proxy,,nan,False,True,/tmp/rc_refgs_full_dataset_ablations_i31000_20260528/glossy_synthetic/luyu/rough_only/seed_0/luyu_blender_rough_only/point_cloud/iteration_31000/point_cloud.ply,Proxy-only point-cloud artifact diagnostics; not a mesh/surface quality metric.
glossy_synthetic,all,luyu,rough_only,rough_only,geometry_proxy_bbox_diag,2.434508931875418,diagnostic,none,level3_proxy,,nan,False,True,/tmp/rc_refgs_full_dataset_ablations_i31000_20260528/glossy_synthetic/luyu/rough_only/seed_0/luyu_blender_rough_only/point_cloud/iteration_31000/point_cloud.ply,Proxy-only point-cloud artifact diagnostics; not a mesh/surface quality metric.
glossy_synthetic,all,luyu,rough_only,rough_only,geometry_proxy_vertex_count_delta_from_input,58786.0,diagnostic,none,level3_proxy,,nan,False,True,/tmp/rc_refgs_full_dataset_ablations_i31000_20260528/glossy_synthetic/luyu/rough_only/seed_0/luyu_blender_rough_only/point_cloud/iteration_31000/point_cloud.ply,Proxy-only point-cloud artifact diagnostics; not a mesh/surface quality metric.
glossy_synthetic,all,potion,base,base,geometry_proxy_vertex_count,71997.0,diagnostic,none,level3_proxy,,nan,False,True,/tmp/rc_refgs_full_dataset_base_rc_i31000_20260527/glossy_synthetic/potion/base/seed_0/point_cloud/iteration_31000/point_cloud.ply,Proxy-only point-cloud artifact diagnostics; not a mesh/surface quality metric.
glossy_synthetic,all,potion,base,base,geometry_proxy_bbox_diag,2.764447009146561,diagnostic,none,level3_proxy,,nan,False,True,/tmp/rc_refgs_full_dataset_base_rc_i31000_20260527/glossy_synthetic/potion/base/seed_0/point_cloud/iteration_31000/point_cloud.ply,Proxy-only point-cloud artifact diagnostics; not a mesh/surface quality metric.
glossy_synthetic,all,potion,base,base,geometry_proxy_vertex_count_delta_from_input,-28003.0,diagnostic,none,level3_proxy,,nan,False,True,/tmp/rc_refgs_full_dataset_base_rc_i31000_20260527/glossy_synthetic/potion/base/seed_0/point_cloud/iteration_31000/point_cloud.ply,Proxy-only point-cloud artifact diagnostics; not a mesh/surface quality metric.
glossy_synthetic,all,potion,rc,rc,geometry_proxy_vertex_count,73966.0,diagnostic,none,level3_proxy,,nan,False,True,/tmp/rc_refgs_full_dataset_base_rc_i31000_20260527/glossy_synthetic/potion/rc/seed_0/point_cloud/iteration_31000/point_cloud.ply,Proxy-only point-cloud artifact diagnostics; not a mesh/surface quality metric.
glossy_synthetic,all,potion,rc,rc,geometry_proxy_bbox_diag,2.7665411157337596,diagnostic,none,level3_proxy,,nan,False,True,/tmp/rc_refgs_full_dataset_base_rc_i31000_20260527/glossy_synthetic/potion/rc/seed_0/point_cloud/iteration_31000/point_cloud.ply,Proxy-only point-cloud artifact diagnostics; not a mesh/surface quality metric.
glossy_synthetic,all,potion,rc,rc,geometry_proxy_vertex_count_delta_from_input,-26034.0,diagnostic,none,level3_proxy,,nan,False,True,/tmp/rc_refgs_full_dataset_base_rc_i31000_20260527/glossy_synthetic/potion/rc/seed_0/point_cloud/iteration_31000/point_cloud.ply,Proxy-only point-cloud artifact diagnostics; not a mesh/surface quality metric.
glossy_synthetic,all,potion,wo_ref,wo_ref,geometry_proxy_vertex_count,71966.0,diagnostic,none,level3_proxy,,nan,False,True,/tmp/rc_refgs_full_dataset_ablations_i31000_20260528/glossy_synthetic/potion/wo_ref/seed_0/potion_blender_wo_ref/point_cloud/iteration_31000/point_cloud.ply,Proxy-only point-cloud artifact diagnostics; not a mesh/surface quality metric.
glossy_synthetic,all,potion,wo_ref,wo_ref,geometry_proxy_bbox_diag,2.7614530272132285,diagnostic,none,level3_proxy,,nan,False,True,/tmp/rc_refgs_full_dataset_ablations_i31000_20260528/glossy_synthetic/potion/wo_ref/seed_0/potion_blender_wo_ref/point_cloud/iteration_31000/point_cloud.ply,Proxy-only point-cloud artifact diagnostics; not a mesh/surface quality metric.
glossy_synthetic,all,potion,wo_ref,wo_ref,geometry_proxy_vertex_count_delta_from_input,-28034.0,diagnostic,none,level3_proxy,,nan,False,True,/tmp/rc_refgs_full_dataset_ablations_i31000_20260528/glossy_synthetic/potion/wo_ref/seed_0/potion_blender_wo_ref/point_cloud/iteration_31000/point_cloud.ply,Proxy-only point-cloud artifact diagnostics; not a mesh/surface quality metric.
glossy_synthetic,all,potion,wo_conf,wo_conf,geometry_proxy_vertex_count,71475.0,diagnostic,none,level3_proxy,,nan,False,True,/tmp/rc_refgs_full_dataset_ablations_i31000_20260528/glossy_synthetic/potion/wo_conf/seed_0/potion_blender_wo_conf/point_cloud/iteration_31000/point_cloud.ply,Proxy-only point-cloud artifact diagnostics; not a mesh/surface quality metric.
glossy_synthetic,all,potion,wo_conf,wo_conf,geometry_proxy_bbox_diag,2.7639083480204154,diagnostic,none,level3_proxy,,nan,False,True,/tmp/rc_refgs_full_dataset_ablations_i31000_20260528/glossy_synthetic/potion/wo_conf/seed_0/potion_blender_wo_conf/point_cloud/iteration_31000/point_cloud.ply,Proxy-only point-cloud artifact diagnostics; not a mesh/surface quality metric.
glossy_synthetic,all,potion,wo_conf,wo_conf,geometry_proxy_vertex_count_delta_from_input,-28525.0,diagnostic,none,level3_proxy,,nan,False,True,/tmp/rc_refgs_full_dataset_ablations_i31000_20260528/glossy_synthetic/potion/wo_conf/seed_0/potion_blender_wo_conf/point_cloud/iteration_31000/point_cloud.ply,Proxy-only point-cloud artifact diagnostics; not a mesh/surface quality metric.
glossy_synthetic,all,potion,rough_only,rough_only,geometry_proxy_vertex_count,71316.0,diagnostic,none,level3_proxy,,nan,False,True,/tmp/rc_refgs_full_dataset_ablations_i31000_20260528/glossy_synthetic/potion/rough_only/seed_0/potion_blender_rough_only/point_cloud/iteration_31000/point_cloud.ply,Proxy-only point-cloud artifact diagnostics; not a mesh/surface quality metric.
glossy_synthetic,all,potion,rough_only,rough_only,geometry_proxy_bbox_diag,2.7434846394146866,diagnostic,none,level3_proxy,,nan,False,True,/tmp/rc_refgs_full_dataset_ablations_i31000_20260528/glossy_synthetic/potion/rough_only/seed_0/potion_blender_rough_only/point_cloud/iteration_31000/point_cloud.ply,Proxy-only point-cloud artifact diagnostics; not a mesh/surface quality metric.
glossy_synthetic,all,potion,rough_only,rough_only,geometry_proxy_vertex_count_delta_from_input,-28684.0,diagnostic,none,level3_proxy,,nan,False,True,/tmp/rc_refgs_full_dataset_ablations_i31000_20260528/glossy_synthetic/potion/rough_only/seed_0/potion_blender_rough_only/point_cloud/iteration_31000/point_cloud.ply,Proxy-only point-cloud artifact diagnostics; not a mesh/surface quality metric.
glossy_synthetic,all,tbell,base,base,geometry_proxy_vertex_count,80006.0,diagnostic,none,level3_proxy,,nan,False,True,/tmp/rc_refgs_full_dataset_base_rc_i31000_20260527/glossy_synthetic/tbell/base/seed_0/point_cloud/iteration_31000/point_cloud.ply,Proxy-only point-cloud artifact diagnostics; not a mesh/surface quality metric.
glossy_synthetic,all,tbell,base,base,geometry_proxy_bbox_diag,2.657179025665908,diagnostic,none,level3_proxy,,nan,False,True,/tmp/rc_refgs_full_dataset_base_rc_i31000_20260527/glossy_synthetic/tbell/base/seed_0/point_cloud/iteration_31000/point_cloud.ply,Proxy-only point-cloud artifact diagnostics; not a mesh/surface quality metric.
glossy_synthetic,all,tbell,base,base,geometry_proxy_vertex_count_delta_from_input,-19994.0,diagnostic,none,level3_proxy,,nan,False,True,/tmp/rc_refgs_full_dataset_base_rc_i31000_20260527/glossy_synthetic/tbell/base/seed_0/point_cloud/iteration_31000/point_cloud.ply,Proxy-only point-cloud artifact diagnostics; not a mesh/surface quality metric.
glossy_synthetic,all,tbell,rc,rc,geometry_proxy_vertex_count,79138.0,diagnostic,none,level3_proxy,,nan,False,True,/tmp/rc_refgs_full_dataset_base_rc_i31000_20260527/glossy_synthetic/tbell/rc/seed_0/point_cloud/iteration_31000/point_cloud.ply,Proxy-only point-cloud artifact diagnostics; not a mesh/surface quality metric.
glossy_synthetic,all,tbell,rc,rc,geometry_proxy_bbox_diag,2.6540723335520098,diagnostic,none,level3_proxy,,nan,False,True,/tmp/rc_refgs_full_dataset_base_rc_i31000_20260527/glossy_synthetic/tbell/rc/seed_0/point_cloud/iteration_31000/point_cloud.ply,Proxy-only point-cloud artifact diagnostics; not a mesh/surface quality metric.
glossy_synthetic,all,tbell,rc,rc,geometry_proxy_vertex_count_delta_from_input,-20862.0,diagnostic,none,level3_proxy,,nan,False,True,/tmp/rc_refgs_full_dataset_base_rc_i31000_20260527/glossy_synthetic/tbell/rc/seed_0/point_cloud/iteration_31000/point_cloud.ply,Proxy-only point-cloud artifact diagnostics; not a mesh/surface quality metric.
glossy_synthetic,all,tbell,wo_ref,wo_ref,geometry_proxy_vertex_count,77475.0,diagnostic,none,level3_proxy,,nan,False,True,/tmp/rc_refgs_full_dataset_ablations_i31000_20260528/glossy_synthetic/tbell/wo_ref/seed_0/tbell_blender_wo_ref/point_cloud/iteration_31000/point_cloud.ply,Proxy-only point-cloud artifact diagnostics; not a mesh/surface quality metric.
glossy_synthetic,all,tbell,wo_ref,wo_ref,geometry_proxy_bbox_diag,2.6546349041171298,diagnostic,none,level3_proxy,,nan,False,True,/tmp/rc_refgs_full_dataset_ablations_i31000_20260528/glossy_synthetic/tbell/wo_ref/seed_0/tbell_blender_wo_ref/point_cloud/iteration_31000/point_cloud.ply,Proxy-only point-cloud artifact diagnostics; not a mesh/surface quality metric.
glossy_synthetic,all,tbell,wo_ref,wo_ref,geometry_proxy_vertex_count_delta_from_input,-22525.0,diagnostic,none,level3_proxy,,nan,False,True,/tmp/rc_refgs_full_dataset_ablations_i31000_20260528/glossy_synthetic/tbell/wo_ref/seed_0/tbell_blender_wo_ref/point_cloud/iteration_31000/point_cloud.ply,Proxy-only point-cloud artifact diagnostics; not a mesh/surface quality metric.
glossy_synthetic,all,tbell,wo_conf,wo_conf,geometry_proxy_vertex_count,76147.0,diagnostic,none,level3_proxy,,nan,False,True,/tmp/rc_refgs_full_dataset_ablations_i31000_20260528/glossy_synthetic/tbell/wo_conf/seed_0/tbell_blender_wo_conf/point_cloud/iteration_31000/point_cloud.ply,Proxy-only point-cloud artifact diagnostics; not a mesh/surface quality metric.
glossy_synthetic,all,tbell,wo_conf,wo_conf,geometry_proxy_bbox_diag,2.6533107271082463,diagnostic,none,level3_proxy,,nan,False,True,/tmp/rc_refgs_full_dataset_ablations_i31000_20260528/glossy_synthetic/tbell/wo_conf/seed_0/tbell_blender_wo_conf/point_cloud/iteration_31000/point_cloud.ply,Proxy-only point-cloud artifact diagnostics; not a mesh/surface quality metric.
glossy_synthetic,all,tbell,wo_conf,wo_conf,geometry_proxy_vertex_count_delta_from_input,-23853.0,diagnostic,none,level3_proxy,,nan,False,True,/tmp/rc_refgs_full_dataset_ablations_i31000_20260528/glossy_synthetic/tbell/wo_conf/seed_0/tbell_blender_wo_conf/point_cloud/iteration_31000/point_cloud.ply,Proxy-only point-cloud artifact diagnostics; not a mesh/surface quality metric.
glossy_synthetic,all,tbell,rough_only,rough_only,geometry_proxy_vertex_count,75437.0,diagnostic,none,level3_proxy,,nan,False,True,/tmp/rc_refgs_full_dataset_ablations_i31000_20260528/glossy_synthetic/tbell/rough_only/seed_0/tbell_blender_rough_only/point_cloud/iteration_31000/point_cloud.ply,Proxy-only point-cloud artifact diagnostics; not a mesh/surface quality metric.
glossy_synthetic,all,tbell,rough_only,rough_only,geometry_proxy_bbox_diag,2.655336428387932,diagnostic,none,level3_proxy,,nan,False,True,/tmp/rc_refgs_full_dataset_ablations_i31000_20260528/glossy_synthetic/tbell/rough_only/seed_0/tbell_blender_rough_only/point_cloud/iteration_31000/point_cloud.ply,Proxy-only point-cloud artifact diagnostics; not a mesh/surface quality metric.
glossy_synthetic,all,tbell,rough_only,rough_only,geometry_proxy_vertex_count_delta_from_input,-24563.0,diagnostic,none,level3_proxy,,nan,False,True,/tmp/rc_refgs_full_dataset_ablations_i31000_20260528/glossy_synthetic/tbell/rough_only/seed_0/tbell_blender_rough_only/point_cloud/iteration_31000/point_cloud.ply,Proxy-only point-cloud artifact diagnostics; not a mesh/surface quality metric.
glossy_synthetic,all,teapot,base,base,geometry_proxy_vertex_count,142774.0,diagnostic,none,level3_proxy,,nan,False,True,/tmp/rc_refgs_full_dataset_base_rc_i31000_20260527/glossy_synthetic/teapot/base/seed_0/point_cloud/iteration_31000/point_cloud.ply,Proxy-only point-cloud artifact diagnostics; not a mesh/surface quality metric.
glossy_synthetic,all,teapot,base,base,geometry_proxy_bbox_diag,2.489675449725394,diagnostic,none,level3_proxy,,nan,False,True,/tmp/rc_refgs_full_dataset_base_rc_i31000_20260527/glossy_synthetic/teapot/base/seed_0/point_cloud/iteration_31000/point_cloud.ply,Proxy-only point-cloud artifact diagnostics; not a mesh/surface quality metric.
glossy_synthetic,all,teapot,base,base,geometry_proxy_vertex_count_delta_from_input,42774.0,diagnostic,none,level3_proxy,,nan,False,True,/tmp/rc_refgs_full_dataset_base_rc_i31000_20260527/glossy_synthetic/teapot/base/seed_0/point_cloud/iteration_31000/point_cloud.ply,Proxy-only point-cloud artifact diagnostics; not a mesh/surface quality metric.
glossy_synthetic,all,teapot,rc,rc,geometry_proxy_vertex_count,135908.0,diagnostic,none,level3_proxy,,nan,False,True,/tmp/rc_refgs_full_dataset_base_rc_i31000_20260527/glossy_synthetic/teapot/rc/seed_0/point_cloud/iteration_31000/point_cloud.ply,Proxy-only point-cloud artifact diagnostics; not a mesh/surface quality metric.
glossy_synthetic,all,teapot,rc,rc,geometry_proxy_bbox_diag,2.4811154043492603,diagnostic,none,level3_proxy,,nan,False,True,/tmp/rc_refgs_full_dataset_base_rc_i31000_20260527/glossy_synthetic/teapot/rc/seed_0/point_cloud/iteration_31000/point_cloud.ply,Proxy-only point-cloud artifact diagnostics; not a mesh/surface quality metric.
glossy_synthetic,all,teapot,rc,rc,geometry_proxy_vertex_count_delta_from_input,35908.0,diagnostic,none,level3_proxy,,nan,False,True,/tmp/rc_refgs_full_dataset_base_rc_i31000_20260527/glossy_synthetic/teapot/rc/seed_0/point_cloud/iteration_31000/point_cloud.ply,Proxy-only point-cloud artifact diagnostics; not a mesh/surface quality metric.
glossy_synthetic,all,teapot,wo_ref,wo_ref,geometry_proxy_vertex_count,136217.0,diagnostic,none,level3_proxy,,nan,False,True,/tmp/rc_refgs_full_dataset_ablations_i31000_20260528/glossy_synthetic/teapot/wo_ref/seed_0/teapot_blender_wo_ref/point_cloud/iteration_31000/point_cloud.ply,Proxy-only point-cloud artifact diagnostics; not a mesh/surface quality metric.
glossy_synthetic,all,teapot,wo_ref,wo_ref,geometry_proxy_bbox_diag,2.479064429694438,diagnostic,none,level3_proxy,,nan,False,True,/tmp/rc_refgs_full_dataset_ablations_i31000_20260528/glossy_synthetic/teapot/wo_ref/seed_0/teapot_blender_wo_ref/point_cloud/iteration_31000/point_cloud.ply,Proxy-only point-cloud artifact diagnostics; not a mesh/surface quality metric.
glossy_synthetic,all,teapot,wo_ref,wo_ref,geometry_proxy_vertex_count_delta_from_input,36217.0,diagnostic,none,level3_proxy,,nan,False,True,/tmp/rc_refgs_full_dataset_ablations_i31000_20260528/glossy_synthetic/teapot/wo_ref/seed_0/teapot_blender_wo_ref/point_cloud/iteration_31000/point_cloud.ply,Proxy-only point-cloud artifact diagnostics; not a mesh/surface quality metric.
glossy_synthetic,all,teapot,wo_conf,wo_conf,geometry_proxy_vertex_count,232212.0,diagnostic,none,level3_proxy,,nan,False,True,/tmp/rc_refgs_full_dataset_ablations_i31000_20260528/glossy_synthetic/teapot/wo_conf/seed_0/teapot_blender_wo_conf/point_cloud/iteration_31000/point_cloud.ply,Proxy-only point-cloud artifact diagnostics; not a mesh/surface quality metric.
glossy_synthetic,all,teapot,wo_conf,wo_conf,geometry_proxy_bbox_diag,2.4804766210371643,diagnostic,none,level3_proxy,,nan,False,True,/tmp/rc_refgs_full_dataset_ablations_i31000_20260528/glossy_synthetic/teapot/wo_conf/seed_0/teapot_blender_wo_conf/point_cloud/iteration_31000/point_cloud.ply,Proxy-only point-cloud artifact diagnostics; not a mesh/surface quality metric.
glossy_synthetic,all,teapot,wo_conf,wo_conf,geometry_proxy_vertex_count_delta_from_input,132212.0,diagnostic,none,level3_proxy,,nan,False,True,/tmp/rc_refgs_full_dataset_ablations_i31000_20260528/glossy_synthetic/teapot/wo_conf/seed_0/teapot_blender_wo_conf/point_cloud/iteration_31000/point_cloud.ply,Proxy-only point-cloud artifact diagnostics; not a mesh/surface quality metric.
glossy_synthetic,all,teapot,rough_only,rough_only,geometry_proxy_vertex_count,144652.0,diagnostic,none,level3_proxy,,nan,False,True,/tmp/rc_refgs_full_dataset_ablations_i31000_20260528/glossy_synthetic/teapot/rough_only/seed_0/teapot_blender_rough_only/point_cloud/iteration_31000/point_cloud.ply,Proxy-only point-cloud artifact diagnostics; not a mesh/surface quality metric.
glossy_synthetic,all,teapot,rough_only,rough_only,geometry_proxy_bbox_diag,2.4808395008627313,diagnostic,none,level3_proxy,,nan,False,True,/tmp/rc_refgs_full_dataset_ablations_i31000_20260528/glossy_synthetic/teapot/rough_only/seed_0/teapot_blender_rough_only/point_cloud/iteration_31000/point_cloud.ply,Proxy-only point-cloud artifact diagnostics; not a mesh/surface quality metric.
glossy_synthetic,all,teapot,rough_only,rough_only,geometry_proxy_vertex_count_delta_from_input,44652.0,diagnostic,none,level3_proxy,,nan,False,True,/tmp/rc_refgs_full_dataset_ablations_i31000_20260528/glossy_synthetic/teapot/rough_only/seed_0/teapot_blender_rough_only/point_cloud/iteration_31000/point_cloud.ply,Proxy-only point-cloud artifact diagnostics; not a mesh/surface quality metric.
shiny_blender_synthetic,all,ball,base,base,geometry_proxy_vertex_count,43555.0,diagnostic,image_space_gt_partial,level3_proxy,,nan,False,True,/tmp/rc_refgs_full_dataset_base_rc_i31000_20260527/shiny_blender_synthetic/ball/base/seed_0/point_cloud/iteration_31000/point_cloud.ply,Proxy-only point-cloud artifact diagnostics; not a mesh/surface quality metric.
shiny_blender_synthetic,all,ball,base,base,geometry_proxy_bbox_diag,3.457995544554162,diagnostic,image_space_gt_partial,level3_proxy,,nan,False,True,/tmp/rc_refgs_full_dataset_base_rc_i31000_20260527/shiny_blender_synthetic/ball/base/seed_0/point_cloud/iteration_31000/point_cloud.ply,Proxy-only point-cloud artifact diagnostics; not a mesh/surface quality metric.
shiny_blender_synthetic,all,ball,base,base,geometry_proxy_vertex_count_delta_from_input,-56445.0,diagnostic,image_space_gt_partial,level3_proxy,,nan,False,True,/tmp/rc_refgs_full_dataset_base_rc_i31000_20260527/shiny_blender_synthetic/ball/base/seed_0/point_cloud/iteration_31000/point_cloud.ply,Proxy-only point-cloud artifact diagnostics; not a mesh/surface quality metric.
shiny_blender_synthetic,all,ball,rc,rc,geometry_proxy_vertex_count,43856.0,diagnostic,image_space_gt_partial,level3_proxy,,nan,False,True,/tmp/rc_refgs_full_dataset_base_rc_i31000_20260527/shiny_blender_synthetic/ball/rc/seed_0/point_cloud/iteration_31000/point_cloud.ply,Proxy-only point-cloud artifact diagnostics; not a mesh/surface quality metric.
shiny_blender_synthetic,all,ball,rc,rc,geometry_proxy_bbox_diag,3.458759631915073,diagnostic,image_space_gt_partial,level3_proxy,,nan,False,True,/tmp/rc_refgs_full_dataset_base_rc_i31000_20260527/shiny_blender_synthetic/ball/rc/seed_0/point_cloud/iteration_31000/point_cloud.ply,Proxy-only point-cloud artifact diagnostics; not a mesh/surface quality metric.
shiny_blender_synthetic,all,ball,rc,rc,geometry_proxy_vertex_count_delta_from_input,-56144.0,diagnostic,image_space_gt_partial,level3_proxy,,nan,False,True,/tmp/rc_refgs_full_dataset_base_rc_i31000_20260527/shiny_blender_synthetic/ball/rc/seed_0/point_cloud/iteration_31000/point_cloud.ply,Proxy-only point-cloud artifact diagnostics; not a mesh/surface quality metric.
shiny_blender_synthetic,all,ball,wo_ref,wo_ref,geometry_proxy_vertex_count,43633.0,diagnostic,image_space_gt_partial,level3_proxy,,nan,False,True,/tmp/rc_refgs_full_dataset_ablations_i31000_20260528/shiny_blender_synthetic/ball/wo_ref/seed_0/point_cloud/iteration_31000/point_cloud.ply,Proxy-only point-cloud artifact diagnostics; not a mesh/surface quality metric.
shiny_blender_synthetic,all,ball,wo_ref,wo_ref,geometry_proxy_bbox_diag,3.457157423867815,diagnostic,image_space_gt_partial,level3_proxy,,nan,False,True,/tmp/rc_refgs_full_dataset_ablations_i31000_20260528/shiny_blender_synthetic/ball/wo_ref/seed_0/point_cloud/iteration_31000/point_cloud.ply,Proxy-only point-cloud artifact diagnostics; not a mesh/surface quality metric.
shiny_blender_synthetic,all,ball,wo_ref,wo_ref,geometry_proxy_vertex_count_delta_from_input,-56367.0,diagnostic,image_space_gt_partial,level3_proxy,,nan,False,True,/tmp/rc_refgs_full_dataset_ablations_i31000_20260528/shiny_blender_synthetic/ball/wo_ref/seed_0/point_cloud/iteration_31000/point_cloud.ply,Proxy-only point-cloud artifact diagnostics; not a mesh/surface quality metric.
shiny_blender_synthetic,all,ball,wo_conf,wo_conf,geometry_proxy_vertex_count,42960.0,diagnostic,image_space_gt_partial,level3_proxy,,nan,False,True,/tmp/rc_refgs_full_dataset_ablations_i31000_20260528/shiny_blender_synthetic/ball/wo_conf/seed_0/point_cloud/iteration_31000/point_cloud.ply,Proxy-only point-cloud artifact diagnostics; not a mesh/surface quality metric.
shiny_blender_synthetic,all,ball,wo_conf,wo_conf,geometry_proxy_bbox_diag,3.458720298606879,diagnostic,image_space_gt_partial,level3_proxy,,nan,False,True,/tmp/rc_refgs_full_dataset_ablations_i31000_20260528/shiny_blender_synthetic/ball/wo_conf/seed_0/point_cloud/iteration_31000/point_cloud.ply,Proxy-only point-cloud artifact diagnostics; not a mesh/surface quality metric.
shiny_blender_synthetic,all,ball,wo_conf,wo_conf,geometry_proxy_vertex_count_delta_from_input,-57040.0,diagnostic,image_space_gt_partial,level3_proxy,,nan,False,True,/tmp/rc_refgs_full_dataset_ablations_i31000_20260528/shiny_blender_synthetic/ball/wo_conf/seed_0/point_cloud/iteration_31000/point_cloud.ply,Proxy-only point-cloud artifact diagnostics; not a mesh/surface quality metric.
shiny_blender_synthetic,all,ball,rough_only,rough_only,geometry_proxy_vertex_count,43762.0,diagnostic,image_space_gt_partial,level3_proxy,,nan,False,True,/tmp/rc_refgs_full_dataset_ablations_i31000_20260528/shiny_blender_synthetic/ball/rough_only/seed_0/point_cloud/iteration_31000/point_cloud.ply,Proxy-only point-cloud artifact diagnostics; not a mesh/surface quality metric.
shiny_blender_synthetic,all,ball,rough_only,rough_only,geometry_proxy_bbox_diag,3.4582584431648624,diagnostic,image_space_gt_partial,level3_proxy,,nan,False,True,/tmp/rc_refgs_full_dataset_ablations_i31000_20260528/shiny_blender_synthetic/ball/rough_only/seed_0/point_cloud/iteration_31000/point_cloud.ply,Proxy-only point-cloud artifact diagnostics; not a mesh/surface quality metric.
shiny_blender_synthetic,all,ball,rough_only,rough_only,geometry_proxy_vertex_count_delta_from_input,-56238.0,diagnostic,image_space_gt_partial,level3_proxy,,nan,False,True,/tmp/rc_refgs_full_dataset_ablations_i31000_20260528/shiny_blender_synthetic/ball/rough_only/seed_0/point_cloud/iteration_31000/point_cloud.ply,Proxy-only point-cloud artifact diagnostics; not a mesh/surface quality metric.
shiny_blender_synthetic,all,car,base,base,geometry_proxy_vertex_count,106794.0,diagnostic,image_space_gt_partial,level3_proxy,,nan,False,True,/tmp/rc_refgs_full_dataset_base_rc_i31000_20260527/shiny_blender_synthetic/car/base/seed_0/point_cloud/iteration_31000/point_cloud.ply,Proxy-only point-cloud artifact diagnostics; not a mesh/surface quality metric.
shiny_blender_synthetic,all,car,base,base,geometry_proxy_bbox_diag,2.7522671465756106,diagnostic,image_space_gt_partial,level3_proxy,,nan,False,True,/tmp/rc_refgs_full_dataset_base_rc_i31000_20260527/shiny_blender_synthetic/car/base/seed_0/point_cloud/iteration_31000/point_cloud.ply,Proxy-only point-cloud artifact diagnostics; not a mesh/surface quality metric.
shiny_blender_synthetic,all,car,base,base,geometry_proxy_vertex_count_delta_from_input,6794.0,diagnostic,image_space_gt_partial,level3_proxy,,nan,False,True,/tmp/rc_refgs_full_dataset_base_rc_i31000_20260527/shiny_blender_synthetic/car/base/seed_0/point_cloud/iteration_31000/point_cloud.ply,Proxy-only point-cloud artifact diagnostics; not a mesh/surface quality metric.
shiny_blender_synthetic,all,car,rc,rc,geometry_proxy_vertex_count,102952.0,diagnostic,image_space_gt_partial,level3_proxy,,nan,False,True,/tmp/rc_refgs_full_dataset_base_rc_i31000_20260527/shiny_blender_synthetic/car/rc/seed_0/point_cloud/iteration_31000/point_cloud.ply,Proxy-only point-cloud artifact diagnostics; not a mesh/surface quality metric.
shiny_blender_synthetic,all,car,rc,rc,geometry_proxy_bbox_diag,2.7454865590772584,diagnostic,image_space_gt_partial,level3_proxy,,nan,False,True,/tmp/rc_refgs_full_dataset_base_rc_i31000_20260527/shiny_blender_synthetic/car/rc/seed_0/point_cloud/iteration_31000/point_cloud.ply,Proxy-only point-cloud artifact diagnostics; not a mesh/surface quality metric.
shiny_blender_synthetic,all,car,rc,rc,geometry_proxy_vertex_count_delta_from_input,2952.0,diagnostic,image_space_gt_partial,level3_proxy,,nan,False,True,/tmp/rc_refgs_full_dataset_base_rc_i31000_20260527/shiny_blender_synthetic/car/rc/seed_0/point_cloud/iteration_31000/point_cloud.ply,Proxy-only point-cloud artifact diagnostics; not a mesh/surface quality metric.
shiny_blender_synthetic,all,car,wo_ref,wo_ref,geometry_proxy_vertex_count,109099.0,diagnostic,image_space_gt_partial,level3_proxy,,nan,False,True,/tmp/rc_refgs_full_dataset_ablations_i31000_20260528/shiny_blender_synthetic/car/wo_ref/seed_0/point_cloud/iteration_31000/point_cloud.ply,Proxy-only point-cloud artifact diagnostics; not a mesh/surface quality metric.
shiny_blender_synthetic,all,car,wo_ref,wo_ref,geometry_proxy_bbox_diag,2.7517665104705227,diagnostic,image_space_gt_partial,level3_proxy,,nan,False,True,/tmp/rc_refgs_full_dataset_ablations_i31000_20260528/shiny_blender_synthetic/car/wo_ref/seed_0/point_cloud/iteration_31000/point_cloud.ply,Proxy-only point-cloud artifact diagnostics; not a mesh/surface quality metric.
shiny_blender_synthetic,all,car,wo_ref,wo_ref,geometry_proxy_vertex_count_delta_from_input,9099.0,diagnostic,image_space_gt_partial,level3_proxy,,nan,False,True,/tmp/rc_refgs_full_dataset_ablations_i31000_20260528/shiny_blender_synthetic/car/wo_ref/seed_0/point_cloud/iteration_31000/point_cloud.ply,Proxy-only point-cloud artifact diagnostics; not a mesh/surface quality metric.
shiny_blender_synthetic,all,car,wo_conf,wo_conf,geometry_proxy_vertex_count,109036.0,diagnostic,image_space_gt_partial,level3_proxy,,nan,False,True,/tmp/rc_refgs_full_dataset_ablations_i31000_20260528/shiny_blender_synthetic/car/wo_conf/seed_0/point_cloud/iteration_31000/point_cloud.ply,Proxy-only point-cloud artifact diagnostics; not a mesh/surface quality metric.
shiny_blender_synthetic,all,car,wo_conf,wo_conf,geometry_proxy_bbox_diag,2.753331664782458,diagnostic,image_space_gt_partial,level3_proxy,,nan,False,True,/tmp/rc_refgs_full_dataset_ablations_i31000_20260528/shiny_blender_synthetic/car/wo_conf/seed_0/point_cloud/iteration_31000/point_cloud.ply,Proxy-only point-cloud artifact diagnostics; not a mesh/surface quality metric.
shiny_blender_synthetic,all,car,wo_conf,wo_conf,geometry_proxy_vertex_count_delta_from_input,9036.0,diagnostic,image_space_gt_partial,level3_proxy,,nan,False,True,/tmp/rc_refgs_full_dataset_ablations_i31000_20260528/shiny_blender_synthetic/car/wo_conf/seed_0/point_cloud/iteration_31000/point_cloud.ply,Proxy-only point-cloud artifact diagnostics; not a mesh/surface quality metric.
shiny_blender_synthetic,all,car,rough_only,rough_only,geometry_proxy_vertex_count,108858.0,diagnostic,image_space_gt_partial,level3_proxy,,nan,False,True,/tmp/rc_refgs_full_dataset_ablations_i31000_20260528/shiny_blender_synthetic/car/rough_only/seed_0/point_cloud/iteration_31000/point_cloud.ply,Proxy-only point-cloud artifact diagnostics; not a mesh/surface quality metric.
shiny_blender_synthetic,all,car,rough_only,rough_only,geometry_proxy_bbox_diag,2.745244111521943,diagnostic,image_space_gt_partial,level3_proxy,,nan,False,True,/tmp/rc_refgs_full_dataset_ablations_i31000_20260528/shiny_blender_synthetic/car/rough_only/seed_0/point_cloud/iteration_31000/point_cloud.ply,Proxy-only point-cloud artifact diagnostics; not a mesh/surface quality metric.
shiny_blender_synthetic,all,car,rough_only,rough_only,geometry_proxy_vertex_count_delta_from_input,8858.0,diagnostic,image_space_gt_partial,level3_proxy,,nan,False,True,/tmp/rc_refgs_full_dataset_ablations_i31000_20260528/shiny_blender_synthetic/car/rough_only/seed_0/point_cloud/iteration_31000/point_cloud.ply,Proxy-only point-cloud artifact diagnostics; not a mesh/surface quality metric.
shiny_blender_synthetic,all,coffee,base,base,geometry_proxy_vertex_count,49223.0,diagnostic,image_space_gt_partial,level3_proxy,,nan,False,True,/tmp/rc_refgs_full_dataset_base_rc_i31000_20260527/shiny_blender_synthetic/coffee/base/seed_0/point_cloud/iteration_31000/point_cloud.ply,Proxy-only point-cloud artifact diagnostics; not a mesh/surface quality metric.
shiny_blender_synthetic,all,coffee,base,base,geometry_proxy_bbox_diag,3.215523413427645,diagnostic,image_space_gt_partial,level3_proxy,,nan,False,True,/tmp/rc_refgs_full_dataset_base_rc_i31000_20260527/shiny_blender_synthetic/coffee/base/seed_0/point_cloud/iteration_31000/point_cloud.ply,Proxy-only point-cloud artifact diagnostics; not a mesh/surface quality metric.
shiny_blender_synthetic,all,coffee,base,base,geometry_proxy_vertex_count_delta_from_input,-50777.0,diagnostic,image_space_gt_partial,level3_proxy,,nan,False,True,/tmp/rc_refgs_full_dataset_base_rc_i31000_20260527/shiny_blender_synthetic/coffee/base/seed_0/point_cloud/iteration_31000/point_cloud.ply,Proxy-only point-cloud artifact diagnostics; not a mesh/surface quality metric.
shiny_blender_synthetic,all,coffee,rc,rc,geometry_proxy_vertex_count,50156.0,diagnostic,image_space_gt_partial,level3_proxy,,nan,False,True,/tmp/rc_refgs_full_dataset_base_rc_i31000_20260527/shiny_blender_synthetic/coffee/rc/seed_0/point_cloud/iteration_31000/point_cloud.ply,Proxy-only point-cloud artifact diagnostics; not a mesh/surface quality metric.
shiny_blender_synthetic,all,coffee,rc,rc,geometry_proxy_bbox_diag,3.2141837518307477,diagnostic,image_space_gt_partial,level3_proxy,,nan,False,True,/tmp/rc_refgs_full_dataset_base_rc_i31000_20260527/shiny_blender_synthetic/coffee/rc/seed_0/point_cloud/iteration_31000/point_cloud.ply,Proxy-only point-cloud artifact diagnostics; not a mesh/surface quality metric.
shiny_blender_synthetic,all,coffee,rc,rc,geometry_proxy_vertex_count_delta_from_input,-49844.0,diagnostic,image_space_gt_partial,level3_proxy,,nan,False,True,/tmp/rc_refgs_full_dataset_base_rc_i31000_20260527/shiny_blender_synthetic/coffee/rc/seed_0/point_cloud/iteration_31000/point_cloud.ply,Proxy-only point-cloud artifact diagnostics; not a mesh/surface quality metric.
shiny_blender_synthetic,all,coffee,wo_ref,wo_ref,geometry_proxy_vertex_count,48741.0,diagnostic,image_space_gt_partial,level3_proxy,,nan,False,True,/tmp/rc_refgs_full_dataset_ablations_i31000_20260528/shiny_blender_synthetic/coffee/wo_ref/seed_0/point_cloud/iteration_31000/point_cloud.ply,Proxy-only point-cloud artifact diagnostics; not a mesh/surface quality metric.
shiny_blender_synthetic,all,coffee,wo_ref,wo_ref,geometry_proxy_bbox_diag,3.2221016406572267,diagnostic,image_space_gt_partial,level3_proxy,,nan,False,True,/tmp/rc_refgs_full_dataset_ablations_i31000_20260528/shiny_blender_synthetic/coffee/wo_ref/seed_0/point_cloud/iteration_31000/point_cloud.ply,Proxy-only point-cloud artifact diagnostics; not a mesh/surface quality metric.
shiny_blender_synthetic,all,coffee,wo_ref,wo_ref,geometry_proxy_vertex_count_delta_from_input,-51259.0,diagnostic,image_space_gt_partial,level3_proxy,,nan,False,True,/tmp/rc_refgs_full_dataset_ablations_i31000_20260528/shiny_blender_synthetic/coffee/wo_ref/seed_0/point_cloud/iteration_31000/point_cloud.ply,Proxy-only point-cloud artifact diagnostics; not a mesh/surface quality metric.
shiny_blender_synthetic,all,coffee,wo_conf,wo_conf,geometry_proxy_vertex_count,48051.0,diagnostic,image_space_gt_partial,level3_proxy,,nan,False,True,/tmp/rc_refgs_full_dataset_ablations_i31000_20260528/shiny_blender_synthetic/coffee/wo_conf/seed_0/point_cloud/iteration_31000/point_cloud.ply,Proxy-only point-cloud artifact diagnostics; not a mesh/surface quality metric.
shiny_blender_synthetic,all,coffee,wo_conf,wo_conf,geometry_proxy_bbox_diag,3.2152379249299683,diagnostic,image_space_gt_partial,level3_proxy,,nan,False,True,/tmp/rc_refgs_full_dataset_ablations_i31000_20260528/shiny_blender_synthetic/coffee/wo_conf/seed_0/point_cloud/iteration_31000/point_cloud.ply,Proxy-only point-cloud artifact diagnostics; not a mesh/surface quality metric.
shiny_blender_synthetic,all,coffee,wo_conf,wo_conf,geometry_proxy_vertex_count_delta_from_input,-51949.0,diagnostic,image_space_gt_partial,level3_proxy,,nan,False,True,/tmp/rc_refgs_full_dataset_ablations_i31000_20260528/shiny_blender_synthetic/coffee/wo_conf/seed_0/point_cloud/iteration_31000/point_cloud.ply,Proxy-only point-cloud artifact diagnostics; not a mesh/surface quality metric.
shiny_blender_synthetic,all,coffee,rough_only,rough_only,geometry_proxy_vertex_count,51961.0,diagnostic,image_space_gt_partial,level3_proxy,,nan,False,True,/tmp/rc_refgs_full_dataset_ablations_i31000_20260528/shiny_blender_synthetic/coffee/rough_only/seed_0/point_cloud/iteration_31000/point_cloud.ply,Proxy-only point-cloud artifact diagnostics; not a mesh/surface quality metric.
shiny_blender_synthetic,all,coffee,rough_only,rough_only,geometry_proxy_bbox_diag,3.214956507957017,diagnostic,image_space_gt_partial,level3_proxy,,nan,False,True,/tmp/rc_refgs_full_dataset_ablations_i31000_20260528/shiny_blender_synthetic/coffee/rough_only/seed_0/point_cloud/iteration_31000/point_cloud.ply,Proxy-only point-cloud artifact diagnostics; not a mesh/surface quality metric.
shiny_blender_synthetic,all,coffee,rough_only,rough_only,geometry_proxy_vertex_count_delta_from_input,-48039.0,diagnostic,image_space_gt_partial,level3_proxy,,nan,False,True,/tmp/rc_refgs_full_dataset_ablations_i31000_20260528/shiny_blender_synthetic/coffee/rough_only/seed_0/point_cloud/iteration_31000/point_cloud.ply,Proxy-only point-cloud artifact diagnostics; not a mesh/surface quality metric.
shiny_blender_synthetic,all,helmet,base,base,geometry_proxy_vertex_count,60619.0,diagnostic,image_space_gt_partial,level3_proxy,,nan,False,True,/tmp/rc_refgs_full_dataset_base_rc_i31000_20260527/shiny_blender_synthetic/helmet/base/seed_0/point_cloud/iteration_31000/point_cloud.ply,Proxy-only point-cloud artifact diagnostics; not a mesh/surface quality metric.
shiny_blender_synthetic,all,helmet,base,base,geometry_proxy_bbox_diag,3.1117898624991978,diagnostic,image_space_gt_partial,level3_proxy,,nan,False,True,/tmp/rc_refgs_full_dataset_base_rc_i31000_20260527/shiny_blender_synthetic/helmet/base/seed_0/point_cloud/iteration_31000/point_cloud.ply,Proxy-only point-cloud artifact diagnostics; not a mesh/surface quality metric.
shiny_blender_synthetic,all,helmet,base,base,geometry_proxy_vertex_count_delta_from_input,-39381.0,diagnostic,image_space_gt_partial,level3_proxy,,nan,False,True,/tmp/rc_refgs_full_dataset_base_rc_i31000_20260527/shiny_blender_synthetic/helmet/base/seed_0/point_cloud/iteration_31000/point_cloud.ply,Proxy-only point-cloud artifact diagnostics; not a mesh/surface quality metric.
shiny_blender_synthetic,all,helmet,rc,rc,geometry_proxy_vertex_count,60312.0,diagnostic,image_space_gt_partial,level3_proxy,,nan,False,True,/tmp/rc_refgs_full_dataset_base_rc_i31000_20260527/shiny_blender_synthetic/helmet/rc/seed_0/point_cloud/iteration_31000/point_cloud.ply,Proxy-only point-cloud artifact diagnostics; not a mesh/surface quality metric.
shiny_blender_synthetic,all,helmet,rc,rc,geometry_proxy_bbox_diag,3.1134405101621865,diagnostic,image_space_gt_partial,level3_proxy,,nan,False,True,/tmp/rc_refgs_full_dataset_base_rc_i31000_20260527/shiny_blender_synthetic/helmet/rc/seed_0/point_cloud/iteration_31000/point_cloud.ply,Proxy-only point-cloud artifact diagnostics; not a mesh/surface quality metric.
shiny_blender_synthetic,all,helmet,rc,rc,geometry_proxy_vertex_count_delta_from_input,-39688.0,diagnostic,image_space_gt_partial,level3_proxy,,nan,False,True,/tmp/rc_refgs_full_dataset_base_rc_i31000_20260527/shiny_blender_synthetic/helmet/rc/seed_0/point_cloud/iteration_31000/point_cloud.ply,Proxy-only point-cloud artifact diagnostics; not a mesh/surface quality metric.
shiny_blender_synthetic,all,helmet,wo_ref,wo_ref,geometry_proxy_vertex_count,58882.0,diagnostic,image_space_gt_partial,level3_proxy,,nan,False,True,/tmp/rc_refgs_full_dataset_ablations_i31000_20260528/shiny_blender_synthetic/helmet/wo_ref/seed_0/point_cloud/iteration_31000/point_cloud.ply,Proxy-only point-cloud artifact diagnostics; not a mesh/surface quality metric.
shiny_blender_synthetic,all,helmet,wo_ref,wo_ref,geometry_proxy_bbox_diag,3.1140957244512726,diagnostic,image_space_gt_partial,level3_proxy,,nan,False,True,/tmp/rc_refgs_full_dataset_ablations_i31000_20260528/shiny_blender_synthetic/helmet/wo_ref/seed_0/point_cloud/iteration_31000/point_cloud.ply,Proxy-only point-cloud artifact diagnostics; not a mesh/surface quality metric.
shiny_blender_synthetic,all,helmet,wo_ref,wo_ref,geometry_proxy_vertex_count_delta_from_input,-41118.0,diagnostic,image_space_gt_partial,level3_proxy,,nan,False,True,/tmp/rc_refgs_full_dataset_ablations_i31000_20260528/shiny_blender_synthetic/helmet/wo_ref/seed_0/point_cloud/iteration_31000/point_cloud.ply,Proxy-only point-cloud artifact diagnostics; not a mesh/surface quality metric.
shiny_blender_synthetic,all,helmet,wo_conf,wo_conf,geometry_proxy_vertex_count,59625.0,diagnostic,image_space_gt_partial,level3_proxy,,nan,False,True,/tmp/rc_refgs_full_dataset_ablations_i31000_20260528/shiny_blender_synthetic/helmet/wo_conf/seed_0/point_cloud/iteration_31000/point_cloud.ply,Proxy-only point-cloud artifact diagnostics; not a mesh/surface quality metric.
shiny_blender_synthetic,all,helmet,wo_conf,wo_conf,geometry_proxy_bbox_diag,3.113733249886007,diagnostic,image_space_gt_partial,level3_proxy,,nan,False,True,/tmp/rc_refgs_full_dataset_ablations_i31000_20260528/shiny_blender_synthetic/helmet/wo_conf/seed_0/point_cloud/iteration_31000/point_cloud.ply,Proxy-only point-cloud artifact diagnostics; not a mesh/surface quality metric.
shiny_blender_synthetic,all,helmet,wo_conf,wo_conf,geometry_proxy_vertex_count_delta_from_input,-40375.0,diagnostic,image_space_gt_partial,level3_proxy,,nan,False,True,/tmp/rc_refgs_full_dataset_ablations_i31000_20260528/shiny_blender_synthetic/helmet/wo_conf/seed_0/point_cloud/iteration_31000/point_cloud.ply,Proxy-only point-cloud artifact diagnostics; not a mesh/surface quality metric.
shiny_blender_synthetic,all,helmet,rough_only,rough_only,geometry_proxy_vertex_count,60097.0,diagnostic,image_space_gt_partial,level3_proxy,,nan,False,True,/tmp/rc_refgs_full_dataset_ablations_i31000_20260528/shiny_blender_synthetic/helmet/rough_only/seed_0/point_cloud/iteration_31000/point_cloud.ply,Proxy-only point-cloud artifact diagnostics; not a mesh/surface quality metric.
shiny_blender_synthetic,all,helmet,rough_only,rough_only,geometry_proxy_bbox_diag,3.1226822920540855,diagnostic,image_space_gt_partial,level3_proxy,,nan,False,True,/tmp/rc_refgs_full_dataset_ablations_i31000_20260528/shiny_blender_synthetic/helmet/rough_only/seed_0/point_cloud/iteration_31000/point_cloud.ply,Proxy-only point-cloud artifact diagnostics; not a mesh/surface quality metric.
shiny_blender_synthetic,all,helmet,rough_only,rough_only,geometry_proxy_vertex_count_delta_from_input,-39903.0,diagnostic,image_space_gt_partial,level3_proxy,,nan,False,True,/tmp/rc_refgs_full_dataset_ablations_i31000_20260528/shiny_blender_synthetic/helmet/rough_only/seed_0/point_cloud/iteration_31000/point_cloud.ply,Proxy-only point-cloud artifact diagnostics; not a mesh/surface quality metric.
shiny_blender_synthetic,all,teapot,base,base,geometry_proxy_vertex_count,21759.0,diagnostic,image_space_gt_partial,level3_proxy,,nan,False,True,/tmp/rc_refgs_full_dataset_base_rc_i31000_20260527/shiny_blender_synthetic/teapot/base/seed_0/point_cloud/iteration_31000/point_cloud.ply,Proxy-only point-cloud artifact diagnostics; not a mesh/surface quality metric.
shiny_blender_synthetic,all,teapot,base,base,geometry_proxy_bbox_diag,1.7836245357420664,diagnostic,image_space_gt_partial,level3_proxy,,nan,False,True,/tmp/rc_refgs_full_dataset_base_rc_i31000_20260527/shiny_blender_synthetic/teapot/base/seed_0/point_cloud/iteration_31000/point_cloud.ply,Proxy-only point-cloud artifact diagnostics; not a mesh/surface quality metric.
shiny_blender_synthetic,all,teapot,base,base,geometry_proxy_vertex_count_delta_from_input,-78241.0,diagnostic,image_space_gt_partial,level3_proxy,,nan,False,True,/tmp/rc_refgs_full_dataset_base_rc_i31000_20260527/shiny_blender_synthetic/teapot/base/seed_0/point_cloud/iteration_31000/point_cloud.ply,Proxy-only point-cloud artifact diagnostics; not a mesh/surface quality metric.
shiny_blender_synthetic,all,teapot,rc,rc,geometry_proxy_vertex_count,20536.0,diagnostic,image_space_gt_partial,level3_proxy,,nan,False,True,/tmp/rc_refgs_full_dataset_base_rc_i31000_20260527/shiny_blender_synthetic/teapot/rc/seed_0/point_cloud/iteration_31000/point_cloud.ply,Proxy-only point-cloud artifact diagnostics; not a mesh/surface quality metric.
shiny_blender_synthetic,all,teapot,rc,rc,geometry_proxy_bbox_diag,1.7852552131712587,diagnostic,image_space_gt_partial,level3_proxy,,nan,False,True,/tmp/rc_refgs_full_dataset_base_rc_i31000_20260527/shiny_blender_synthetic/teapot/rc/seed_0/point_cloud/iteration_31000/point_cloud.ply,Proxy-only point-cloud artifact diagnostics; not a mesh/surface quality metric.
shiny_blender_synthetic,all,teapot,rc,rc,geometry_proxy_vertex_count_delta_from_input,-79464.0,diagnostic,image_space_gt_partial,level3_proxy,,nan,False,True,/tmp/rc_refgs_full_dataset_base_rc_i31000_20260527/shiny_blender_synthetic/teapot/rc/seed_0/point_cloud/iteration_31000/point_cloud.ply,Proxy-only point-cloud artifact diagnostics; not a mesh/surface quality metric.
shiny_blender_synthetic,all,teapot,wo_ref,wo_ref,geometry_proxy_vertex_count,21935.0,diagnostic,image_space_gt_partial,level3_proxy,,nan,False,True,/tmp/rc_refgs_full_dataset_ablations_i31000_20260528/shiny_blender_synthetic/teapot/wo_ref/seed_0/point_cloud/iteration_31000/point_cloud.ply,Proxy-only point-cloud artifact diagnostics; not a mesh/surface quality metric.
shiny_blender_synthetic,all,teapot,wo_ref,wo_ref,geometry_proxy_bbox_diag,1.7883428934868313,diagnostic,image_space_gt_partial,level3_proxy,,nan,False,True,/tmp/rc_refgs_full_dataset_ablations_i31000_20260528/shiny_blender_synthetic/teapot/wo_ref/seed_0/point_cloud/iteration_31000/point_cloud.ply,Proxy-only point-cloud artifact diagnostics; not a mesh/surface quality metric.
shiny_blender_synthetic,all,teapot,wo_ref,wo_ref,geometry_proxy_vertex_count_delta_from_input,-78065.0,diagnostic,image_space_gt_partial,level3_proxy,,nan,False,True,/tmp/rc_refgs_full_dataset_ablations_i31000_20260528/shiny_blender_synthetic/teapot/wo_ref/seed_0/point_cloud/iteration_31000/point_cloud.ply,Proxy-only point-cloud artifact diagnostics; not a mesh/surface quality metric.
shiny_blender_synthetic,all,teapot,wo_conf,wo_conf,geometry_proxy_vertex_count,23113.0,diagnostic,image_space_gt_partial,level3_proxy,,nan,False,True,/tmp/rc_refgs_full_dataset_ablations_i31000_20260528/shiny_blender_synthetic/teapot/wo_conf/seed_0/point_cloud/iteration_31000/point_cloud.ply,Proxy-only point-cloud artifact diagnostics; not a mesh/surface quality metric.
shiny_blender_synthetic,all,teapot,wo_conf,wo_conf,geometry_proxy_bbox_diag,1.7835085630372476,diagnostic,image_space_gt_partial,level3_proxy,,nan,False,True,/tmp/rc_refgs_full_dataset_ablations_i31000_20260528/shiny_blender_synthetic/teapot/wo_conf/seed_0/point_cloud/iteration_31000/point_cloud.ply,Proxy-only point-cloud artifact diagnostics; not a mesh/surface quality metric.
shiny_blender_synthetic,all,teapot,wo_conf,wo_conf,geometry_proxy_vertex_count_delta_from_input,-76887.0,diagnostic,image_space_gt_partial,level3_proxy,,nan,False,True,/tmp/rc_refgs_full_dataset_ablations_i31000_20260528/shiny_blender_synthetic/teapot/wo_conf/seed_0/point_cloud/iteration_31000/point_cloud.ply,Proxy-only point-cloud artifact diagnostics; not a mesh/surface quality metric.
shiny_blender_synthetic,all,teapot,rough_only,rough_only,geometry_proxy_vertex_count,23506.0,diagnostic,image_space_gt_partial,level3_proxy,,nan,False,True,/tmp/rc_refgs_full_dataset_ablations_i31000_20260528/shiny_blender_synthetic/teapot/rough_only/seed_0/point_cloud/iteration_31000/point_cloud.ply,Proxy-only point-cloud artifact diagnostics; not a mesh/surface quality metric.
shiny_blender_synthetic,all,teapot,rough_only,rough_only,geometry_proxy_bbox_diag,1.7841004357067165,diagnostic,image_space_gt_partial,level3_proxy,,nan,False,True,/tmp/rc_refgs_full_dataset_ablations_i31000_20260528/shiny_blender_synthetic/teapot/rough_only/seed_0/point_cloud/iteration_31000/point_cloud.ply,Proxy-only point-cloud artifact diagnostics; not a mesh/surface quality metric.
shiny_blender_synthetic,all,teapot,rough_only,rough_only,geometry_proxy_vertex_count_delta_from_input,-76494.0,diagnostic,image_space_gt_partial,level3_proxy,,nan,False,True,/tmp/rc_refgs_full_dataset_ablations_i31000_20260528/shiny_blender_synthetic/teapot/rough_only/seed_0/point_cloud/iteration_31000/point_cloud.ply,Proxy-only point-cloud artifact diagnostics; not a mesh/surface quality metric.
shiny_blender_synthetic,all,toaster,base,base,geometry_proxy_vertex_count,139788.0,diagnostic,image_space_gt_partial,level3_proxy,,nan,False,True,/tmp/rc_refgs_full_dataset_base_rc_i31000_20260527/shiny_blender_synthetic/toaster/base/seed_0/point_cloud/iteration_31000/point_cloud.ply,Proxy-only point-cloud artifact diagnostics; not a mesh/surface quality metric.
shiny_blender_synthetic,all,toaster,base,base,geometry_proxy_bbox_diag,3.1264621081231807,diagnostic,image_space_gt_partial,level3_proxy,,nan,False,True,/tmp/rc_refgs_full_dataset_base_rc_i31000_20260527/shiny_blender_synthetic/toaster/base/seed_0/point_cloud/iteration_31000/point_cloud.ply,Proxy-only point-cloud artifact diagnostics; not a mesh/surface quality metric.
shiny_blender_synthetic,all,toaster,base,base,geometry_proxy_vertex_count_delta_from_input,39788.0,diagnostic,image_space_gt_partial,level3_proxy,,nan,False,True,/tmp/rc_refgs_full_dataset_base_rc_i31000_20260527/shiny_blender_synthetic/toaster/base/seed_0/point_cloud/iteration_31000/point_cloud.ply,Proxy-only point-cloud artifact diagnostics; not a mesh/surface quality metric.
shiny_blender_synthetic,all,toaster,rc,rc,geometry_proxy_vertex_count,138856.0,diagnostic,image_space_gt_partial,level3_proxy,,nan,False,True,/tmp/rc_refgs_full_dataset_base_rc_i31000_20260527/shiny_blender_synthetic/toaster/rc/seed_0/point_cloud/iteration_31000/point_cloud.ply,Proxy-only point-cloud artifact diagnostics; not a mesh/surface quality metric.
shiny_blender_synthetic,all,toaster,rc,rc,geometry_proxy_bbox_diag,3.131009540219261,diagnostic,image_space_gt_partial,level3_proxy,,nan,False,True,/tmp/rc_refgs_full_dataset_base_rc_i31000_20260527/shiny_blender_synthetic/toaster/rc/seed_0/point_cloud/iteration_31000/point_cloud.ply,Proxy-only point-cloud artifact diagnostics; not a mesh/surface quality metric.
shiny_blender_synthetic,all,toaster,rc,rc,geometry_proxy_vertex_count_delta_from_input,38856.0,diagnostic,image_space_gt_partial,level3_proxy,,nan,False,True,/tmp/rc_refgs_full_dataset_base_rc_i31000_20260527/shiny_blender_synthetic/toaster/rc/seed_0/point_cloud/iteration_31000/point_cloud.ply,Proxy-only point-cloud artifact diagnostics; not a mesh/surface quality metric.
shiny_blender_synthetic,all,toaster,wo_ref,wo_ref,geometry_proxy_vertex_count,139509.0,diagnostic,image_space_gt_partial,level3_proxy,,nan,False,True,/tmp/rc_refgs_full_dataset_ablations_i31000_20260528/shiny_blender_synthetic/toaster/wo_ref/seed_0/point_cloud/iteration_31000/point_cloud.ply,Proxy-only point-cloud artifact diagnostics; not a mesh/surface quality metric.
shiny_blender_synthetic,all,toaster,wo_ref,wo_ref,geometry_proxy_bbox_diag,3.125224502915332,diagnostic,image_space_gt_partial,level3_proxy,,nan,False,True,/tmp/rc_refgs_full_dataset_ablations_i31000_20260528/shiny_blender_synthetic/toaster/wo_ref/seed_0/point_cloud/iteration_31000/point_cloud.ply,Proxy-only point-cloud artifact diagnostics; not a mesh/surface quality metric.
shiny_blender_synthetic,all,toaster,wo_ref,wo_ref,geometry_proxy_vertex_count_delta_from_input,39509.0,diagnostic,image_space_gt_partial,level3_proxy,,nan,False,True,/tmp/rc_refgs_full_dataset_ablations_i31000_20260528/shiny_blender_synthetic/toaster/wo_ref/seed_0/point_cloud/iteration_31000/point_cloud.ply,Proxy-only point-cloud artifact diagnostics; not a mesh/surface quality metric.
shiny_blender_synthetic,all,toaster,wo_conf,wo_conf,geometry_proxy_vertex_count,139029.0,diagnostic,image_space_gt_partial,level3_proxy,,nan,False,True,/tmp/rc_refgs_full_dataset_ablations_i31000_20260528/shiny_blender_synthetic/toaster/wo_conf/seed_0/point_cloud/iteration_31000/point_cloud.ply,Proxy-only point-cloud artifact diagnostics; not a mesh/surface quality metric.
shiny_blender_synthetic,all,toaster,wo_conf,wo_conf,geometry_proxy_bbox_diag,3.125317826772291,diagnostic,image_space_gt_partial,level3_proxy,,nan,False,True,/tmp/rc_refgs_full_dataset_ablations_i31000_20260528/shiny_blender_synthetic/toaster/wo_conf/seed_0/point_cloud/iteration_31000/point_cloud.ply,Proxy-only point-cloud artifact diagnostics; not a mesh/surface quality metric.
shiny_blender_synthetic,all,toaster,wo_conf,wo_conf,geometry_proxy_vertex_count_delta_from_input,39029.0,diagnostic,image_space_gt_partial,level3_proxy,,nan,False,True,/tmp/rc_refgs_full_dataset_ablations_i31000_20260528/shiny_blender_synthetic/toaster/wo_conf/seed_0/point_cloud/iteration_31000/point_cloud.ply,Proxy-only point-cloud artifact diagnostics; not a mesh/surface quality metric.
shiny_blender_synthetic,all,toaster,rough_only,rough_only,geometry_proxy_vertex_count,139449.0,diagnostic,image_space_gt_partial,level3_proxy,,nan,False,True,/tmp/rc_refgs_full_dataset_ablations_i31000_20260528/shiny_blender_synthetic/toaster/rough_only/seed_0/point_cloud/iteration_31000/point_cloud.ply,Proxy-only point-cloud artifact diagnostics; not a mesh/surface quality metric.
shiny_blender_synthetic,all,toaster,rough_only,rough_only,geometry_proxy_bbox_diag,3.125558773619028,diagnostic,image_space_gt_partial,level3_proxy,,nan,False,True,/tmp/rc_refgs_full_dataset_ablations_i31000_20260528/shiny_blender_synthetic/toaster/rough_only/seed_0/point_cloud/iteration_31000/point_cloud.ply,Proxy-only point-cloud artifact diagnostics; not a mesh/surface quality metric.
shiny_blender_synthetic,all,toaster,rough_only,rough_only,geometry_proxy_vertex_count_delta_from_input,39449.0,diagnostic,image_space_gt_partial,level3_proxy,,nan,False,True,/tmp/rc_refgs_full_dataset_ablations_i31000_20260528/shiny_blender_synthetic/toaster/rough_only/seed_0/point_cloud/iteration_31000/point_cloud.ply,Proxy-only point-cloud artifact diagnostics; not a mesh/surface quality metric.
