dataset,scene,split,variant,job_status,failed_step,source_path,mean_reflection_consistency,full_psnr,full_ssim,full_lpips,reflective_psnr,reflective_ssim,reflective_lpips,delta_vs_base_mean_reflection_consistency,wins_vs_base_mean_reflection_consistency,delta_vs_base_full_psnr,wins_vs_base_full_psnr,delta_vs_base_full_ssim,wins_vs_base_full_ssim,delta_vs_base_full_lpips,wins_vs_base_full_lpips,delta_vs_base_reflective_psnr,wins_vs_base_reflective_psnr,delta_vs_base_reflective_ssim,wins_vs_base_reflective_ssim,delta_vs_base_reflective_lpips,wins_vs_base_reflective_lpips,delta_vs_rc_mean_reflection_consistency,wins_vs_rc_mean_reflection_consistency,delta_vs_rc_full_psnr,wins_vs_rc_full_psnr,delta_vs_rc_full_ssim,wins_vs_rc_full_ssim,delta_vs_rc_full_lpips,wins_vs_rc_full_lpips,delta_vs_rc_reflective_psnr,wins_vs_rc_reflective_psnr,delta_vs_rc_reflective_ssim,wins_vs_rc_reflective_ssim,delta_vs_rc_reflective_lpips,wins_vs_rc_reflective_lpips,delta_vs_rc_qp_lam010_mean_reflection_consistency,wins_vs_rc_qp_lam010_mean_reflection_consistency,delta_vs_rc_qp_lam010_full_psnr,wins_vs_rc_qp_lam010_full_psnr,delta_vs_rc_qp_lam010_full_ssim,wins_vs_rc_qp_lam010_full_ssim,delta_vs_rc_qp_lam010_full_lpips,wins_vs_rc_qp_lam010_full_lpips,delta_vs_rc_qp_lam010_reflective_psnr,wins_vs_rc_qp_lam010_reflective_psnr,delta_vs_rc_qp_lam010_reflective_ssim,wins_vs_rc_qp_lam010_reflective_ssim,delta_vs_rc_qp_lam010_reflective_lpips,wins_vs_rc_qp_lam010_reflective_lpips,delta_vs_rc_qp_lam005_mean_reflection_consistency,wins_vs_rc_qp_lam005_mean_reflection_consistency,delta_vs_rc_qp_lam005_full_psnr,wins_vs_rc_qp_lam005_full_psnr,delta_vs_rc_qp_lam005_full_ssim,wins_vs_rc_qp_lam005_full_ssim,delta_vs_rc_qp_lam005_full_lpips,wins_vs_rc_qp_lam005_full_lpips,delta_vs_rc_qp_lam005_reflective_psnr,wins_vs_rc_qp_lam005_reflective_psnr,delta_vs_rc_qp_lam005_reflective_ssim,wins_vs_rc_qp_lam005_reflective_ssim,delta_vs_rc_qp_lam005_reflective_lpips,wins_vs_rc_qp_lam005_reflective_lpips,delta_vs_rc_qp_lam010_start5000_every8_mean_reflection_consistency,wins_vs_rc_qp_lam010_start5000_every8_mean_reflection_consistency,delta_vs_rc_qp_lam010_start5000_every8_full_psnr,wins_vs_rc_qp_lam010_start5000_every8_full_psnr,delta_vs_rc_qp_lam010_start5000_every8_full_ssim,wins_vs_rc_qp_lam010_start5000_every8_full_ssim,delta_vs_rc_qp_lam010_start5000_every8_full_lpips,wins_vs_rc_qp_lam010_start5000_every8_full_lpips,delta_vs_rc_qp_lam010_start5000_every8_reflective_psnr,wins_vs_rc_qp_lam010_start5000_every8_reflective_psnr,delta_vs_rc_qp_lam010_start5000_every8_reflective_ssim,wins_vs_rc_qp_lam010_start5000_every8_reflective_ssim,delta_vs_rc_qp_lam010_start5000_every8_reflective_lpips,wins_vs_rc_qp_lam010_start5000_every8_reflective_lpips
shiny_blender_synthetic,helmet,train,base,baseline_from_fd_p2_lite_final_summary,,,0.640577447414,40.1417076874,0.993489298224,0.00633137773257,40.8460811996,0.994107502103,0.00499711540295,0,FALSE,0,FALSE,0,FALSE,0,FALSE,0,FALSE,0,FALSE,0,FALSE,0.551035554334,FALSE,0.0904021454,TRUE,0.000197101235,TRUE,-0.00012768996414,TRUE,0.0759358215,TRUE,0.00017991066,TRUE,-0.00011674201581,TRUE,0.542723418399,FALSE,-0.0243528747,FALSE,5.9452652e-05,TRUE,-0.00019429027568,TRUE,-0.0419900513,FALSE,2.5190711e-05,TRUE,-0.00018092986196,TRUE,0.531429064646,FALSE,-0.0063803863,FALSE,5.81669800001e-05,TRUE,-0.00011385813122,TRUE,-0.0248833466,FALSE,4.6370626e-05,TRUE,-9.32077528e-05,TRUE,0.529888669028,FALSE,0.2377200699,TRUE,0.000338825583,TRUE,-0.00023714244831,TRUE,0.2351415634,TRUE,0.000331303477,TRUE,-0.0002292154287,TRUE
shiny_blender_synthetic,helmet,train,rc,current_rc_from_fd_p2_lite_final_summary,,,0.0895418930799,40.051305542,0.993292196989,0.00645906769671,40.7701453781,0.993927591443,0.00511385741876,-0.551035554334,TRUE,-0.0904021454,FALSE,-0.000197101235,FALSE,0.00012768996414,FALSE,-0.0759358215,FALSE,-0.00017991066,FALSE,0.00011674201581,FALSE,0,FALSE,0,FALSE,0,FALSE,0,FALSE,0,FALSE,0,FALSE,0,FALSE,-0.0083121359348,TRUE,-0.1147550201,FALSE,-0.000137648583,FALSE,-6.660031154e-05,TRUE,-0.1179258728,FALSE,-0.000154719949,FALSE,-6.418784615e-05,TRUE,-0.0196064896881,TRUE,-0.0967825317,FALSE,-0.000138934255,FALSE,1.383183292e-05,FALSE,-0.1008191681,FALSE,-0.000133540034,FALSE,2.353426301e-05,FALSE,-0.0211468853061,TRUE,0.1473179245,TRUE,0.000141724348,TRUE,-0.00010945248417,TRUE,0.1592057419,TRUE,0.000151392817,TRUE,-0.00011247341289,TRUE
shiny_blender_synthetic,helmet,train,rc_qp_lam010,completed_from_4scene_lam010_pilot,,/data/liuly/dataset/3DGS/Shiny Blender Synthetic/helmet,0.0978540290147,40.1660605621,0.993429845572,0.00652566800825,40.8880712509,0.994082311392,0.00517804526491,-0.542723418399,TRUE,0.0243528747,TRUE,-5.9452652e-05,FALSE,0.00019429027568,FALSE,0.0419900513,TRUE,-2.5190711e-05,FALSE,0.00018092986196,FALSE,0.0083121359348,FALSE,0.1147550201,TRUE,0.000137648583,TRUE,6.660031154e-05,FALSE,0.1179258728,TRUE,0.000154719949,TRUE,6.418784615e-05,FALSE,0,FALSE,0,FALSE,0,FALSE,0,FALSE,0,FALSE,0,FALSE,0,FALSE,-0.0112943537533,TRUE,0.0179724884,TRUE,-1.28567199997e-06,FALSE,8.043214446e-05,FALSE,0.0171067047,TRUE,2.11799149999e-05,TRUE,8.772210916e-05,FALSE,-0.0128347493713,TRUE,0.2620729446,TRUE,0.000279372931,TRUE,-4.285217263e-05,TRUE,0.2771316147,TRUE,0.000306112766,TRUE,-4.828556674e-05,TRUE
shiny_blender_synthetic,helmet,train,rc_qp_lam005,completed,,/data/liuly/dataset/3DGS/Shiny Blender Synthetic/helmet,0.109148382768,40.1480880737,0.993431131244,0.00644523586379,40.8709645462,0.994061131477,0.00509032315575,-0.531429064646,TRUE,0.0063803863,TRUE,-5.81669800001e-05,FALSE,0.00011385813122,FALSE,0.0248833466,TRUE,-4.6370626e-05,FALSE,9.32077528e-05,FALSE,0.0196064896881,FALSE,0.0967825317,TRUE,0.000138934255,TRUE,-1.383183292e-05,TRUE,0.1008191681,TRUE,0.000133540034,TRUE,-2.353426301e-05,TRUE,0.0112943537533,FALSE,-0.0179724884,FALSE,1.28567199997e-06,TRUE,-8.043214446e-05,TRUE,-0.0171067047,FALSE,-2.11799149999e-05,FALSE,-8.772210916e-05,TRUE,0,FALSE,0,FALSE,0,FALSE,0,FALSE,0,FALSE,0,FALSE,0,FALSE,-0.001540395618,TRUE,0.2441004562,TRUE,0.000280658603,TRUE,-0.00012328431709,TRUE,0.26002491,TRUE,0.000284932851,TRUE,-0.0001360076759,TRUE
shiny_blender_synthetic,helmet,train,rc_qp_lam010_start5000_every8,completed,,/data/liuly/dataset/3DGS/Shiny Blender Synthetic/helmet,0.110688778386,39.9039876175,0.993150472641,0.00656852018088,40.6109396362,0.993776198626,0.00522633083165,-0.529888669028,TRUE,-0.2377200699,FALSE,-0.000338825583,FALSE,0.00023714244831,FALSE,-0.2351415634,FALSE,-0.000331303477,FALSE,0.0002292154287,FALSE,0.0211468853061,FALSE,-0.1473179245,FALSE,-0.000141724348,FALSE,0.00010945248417,FALSE,-0.1592057419,FALSE,-0.000151392817,FALSE,0.00011247341289,FALSE,0.0128347493713,FALSE,-0.2620729446,FALSE,-0.000279372931,FALSE,4.285217263e-05,FALSE,-0.2771316147,FALSE,-0.000306112766,FALSE,4.828556674e-05,FALSE,0.001540395618,FALSE,-0.2441004562,FALSE,-0.000280658603,FALSE,0.00012328431709,FALSE,-0.26002491,FALSE,-0.000284932851,FALSE,0.0001360076759,FALSE,0,FALSE,0,FALSE,0,FALSE,0,FALSE,0,FALSE,0,FALSE,0,FALSE
shiny_blender_synthetic,helmet,train,rc_qp_angle10_sched,completed,,/data/liuly/dataset/3DGS/Shiny Blender Synthetic/helmet,0.112815027684,40.0917168808,0.993398227692,0.00638638201403,40.8107532883,0.994019483924,0.00506947106449,-0.52776241973,TRUE,-0.0499908066017,FALSE,-9.10705323496e-05,FALSE,5.5004281455e-05,FALSE,-0.035327911331,FALSE,-8.8018179088e-05,FALSE,7.23556615393e-05,FALSE,0.0232731346041,FALSE,0.0404113387983,TRUE,0.00010603070265,TRUE,-7.2685682685e-05,TRUE,0.040607910169,TRUE,9.1892480912e-05,TRUE,-4.43863542707e-05,TRUE,0.0149609986693,FALSE,-0.0743436813017,FALSE,-3.16178803496e-05,FALSE,-0.000139285994225,TRUE,-0.077317962631,FALSE,-6.28274680879e-05,FALSE,-0.000108574200421,TRUE,0.00366664491597,FALSE,-0.0563711929017,FALSE,-3.29035523495e-05,FALSE,-5.8853849765e-05,TRUE,-0.060211257931,FALSE,-4.1647553088e-05,FALSE,-2.08520912607e-05,TRUE,0.00212624929797,FALSE,0.187729263298,TRUE,0.00024775505065,TRUE,-0.000182138166855,TRUE,0.199813652069,TRUE,0.000243285297912,TRUE,-0.000156859767161,TRUE
shiny_blender_synthetic,helmet,test,base,baseline_from_fd_p2_lite_final_summary,,,0.216838933527,35.8392297745,0.985016433299,0.0146340828622,36.4629203129,0.986908330023,0.0113525103149,0,FALSE,0,FALSE,0,FALSE,0,FALSE,0,FALSE,0,FALSE,0,FALSE,0.180882019922,FALSE,-0.0731389808,FALSE,1.1602641e-05,TRUE,-3.39663587e-05,TRUE,-0.0921783924,FALSE,-1.20395419999e-05,FALSE,3.02930176e-05,FALSE,0.1778784886,FALSE,0.1470273209,TRUE,0.000529905856,TRUE,-0.0003687710128,TRUE,0.1448933029,TRUE,0.000462991297,TRUE,-0.0003764507663,TRUE,0.169250958785,FALSE,0.2050866604,TRUE,0.000268887878,TRUE,-0.0005084977275,TRUE,0.2116203022,TRUE,0.000237881243,TRUE,-0.0003910061391,TRUE,0.172953106835,FALSE,0.0732823277,TRUE,0.00012855351,TRUE,4.84235958e-05,FALSE,0.1013685703,TRUE,0.000132089555,TRUE,6.69579697e-05,FALSE
shiny_blender_synthetic,helmet,test,rc,current_rc_from_fd_p2_lite_final_summary,,,0.0359569136053,35.9123687553,0.985004830658,0.0146680492209,36.5550987053,0.986920369565,0.0113222172973,-0.180882019922,TRUE,0.0731389808,TRUE,-1.1602641e-05,FALSE,3.39663587e-05,FALSE,0.0921783924,TRUE,1.20395419999e-05,TRUE,-3.02930176e-05,TRUE,0,FALSE,0,FALSE,0,FALSE,0,FALSE,0,FALSE,0,FALSE,0,FALSE,-0.0030035313219,TRUE,0.2201663017,TRUE,0.000518303215,TRUE,-0.0003348046541,TRUE,0.2370716953,TRUE,0.000475030839,TRUE,-0.0004067437839,TRUE,-0.0116310611368,TRUE,0.2782256412,TRUE,0.000257285237,TRUE,-0.0004745313688,TRUE,0.3037986946,TRUE,0.000249920785,TRUE,-0.0004212991567,TRUE,-0.0079289130867,TRUE,0.1464213085,TRUE,0.000116950869,TRUE,8.23899545e-05,FALSE,0.1935469627,TRUE,0.000144129097,TRUE,3.66649521e-05,FALSE
shiny_blender_synthetic,helmet,test,rc_qp_lam010,completed_from_4scene_lam010_pilot,,/data/liuly/dataset/3DGS/Shiny Blender Synthetic/helmet,0.0389604449272,35.6922024536,0.984486527443,0.015002853875,36.31802701,0.986445338726,0.0117289610812,-0.1778784886,TRUE,-0.1470273209,FALSE,-0.000529905856,FALSE,0.0003687710128,FALSE,-0.1448933029,FALSE,-0.000462991297,FALSE,0.0003764507663,FALSE,0.0030035313219,FALSE,-0.2201663017,FALSE,-0.000518303215,FALSE,0.0003348046541,FALSE,-0.2370716953,FALSE,-0.000475030839,FALSE,0.0004067437839,FALSE,0,FALSE,0,FALSE,0,FALSE,0,FALSE,0,FALSE,0,FALSE,0,FALSE,-0.0086275298149,TRUE,0.0580593395,TRUE,-0.000261017978,FALSE,-0.0001397267147,TRUE,0.0667269993,TRUE,-0.000225110054,FALSE,-1.45553728e-05,TRUE,-0.0049253817648,TRUE,-0.0737449932,FALSE,-0.000401352346,FALSE,0.0004171946086,FALSE,-0.0435247326,FALSE,-0.000330901742,FALSE,0.000443408736,FALSE
shiny_blender_synthetic,helmet,test,rc_qp_lam005,completed,,/data/liuly/dataset/3DGS/Shiny Blender Synthetic/helmet,0.0475879747421,35.6341431141,0.984747545421,0.0151425805897,36.2513000107,0.98667044878,0.011743516454,-0.169250958785,TRUE,-0.2050866604,FALSE,-0.000268887878,FALSE,0.0005084977275,FALSE,-0.2116203022,FALSE,-0.000237881243,FALSE,0.0003910061391,FALSE,0.0116310611368,FALSE,-0.2782256412,FALSE,-0.000257285237,FALSE,0.0004745313688,FALSE,-0.3037986946,FALSE,-0.000249920785,FALSE,0.0004212991567,FALSE,0.0086275298149,FALSE,-0.0580593395,FALSE,0.000261017978,TRUE,0.0001397267147,FALSE,-0.0667269993,FALSE,0.000225110054,TRUE,1.45553728e-05,FALSE,0,FALSE,0,FALSE,0,FALSE,0,FALSE,0,FALSE,0,FALSE,0,FALSE,0.0037021480501,FALSE,-0.1318043327,FALSE,-0.000140334368,FALSE,0.0005569213233,FALSE,-0.1102517319,FALSE,-0.000105791688,FALSE,0.0004579641088,FALSE
shiny_blender_synthetic,helmet,test,rc_qp_lam010_start5000_every8,completed,,/data/liuly/dataset/3DGS/Shiny Blender Synthetic/helmet,0.043885826692,35.7659474468,0.984887879789,0.0145856592664,36.3615517426,0.986776240468,0.0112855523452,-0.172953106835,TRUE,-0.0732823277,FALSE,-0.00012855351,FALSE,-4.84235958e-05,TRUE,-0.1013685703,FALSE,-0.000132089555,FALSE,-6.69579697e-05,TRUE,0.0079289130867,FALSE,-0.1464213085,FALSE,-0.000116950869,FALSE,-8.23899545e-05,TRUE,-0.1935469627,FALSE,-0.000144129097,FALSE,-3.66649521e-05,TRUE,0.0049253817648,FALSE,0.0737449932,TRUE,0.000401352346,TRUE,-0.0004171946086,TRUE,0.0435247326,TRUE,0.000330901742,TRUE,-0.000443408736,TRUE,-0.0037021480501,TRUE,0.1318043327,TRUE,0.000140334368,TRUE,-0.0005569213233,TRUE,0.1102517319,TRUE,0.000105791688,TRUE,-0.0004579641088,TRUE,0,FALSE,0,FALSE,0,FALSE,0,FALSE,0,FALSE,0,FALSE,0,FALSE
shiny_blender_synthetic,helmet,test,rc_qp_angle10_sched,completed,,/data/liuly/dataset/3DGS/Shiny Blender Synthetic/helmet,0.0481265626848,35.7744579315,0.98499209553,0.0147441232647,36.377449646,0.986840356588,0.0114767128765,-0.168712370842,TRUE,-0.0647718429814,FALSE,-2.43377689669e-05,FALSE,0.000110040402482,FALSE,-0.0854706669039,FALSE,-6.79734346364e-05,FALSE,0.000124202561565,FALSE,0.0121696490795,FALSE,-0.137910823781,FALSE,-1.2735127967e-05,FALSE,7.60740437815e-05,FALSE,-0.177649059304,FALSE,-8.00129766363e-05,FALSE,0.000154495579165,FALSE,0.00916611775757,FALSE,0.0822554779186,TRUE,0.000505568087033,TRUE,-0.000258730610318,TRUE,0.0594226359961,TRUE,0.000395017862364,TRUE,-0.000252248204735,TRUE,0.000538587942674,FALSE,0.140314817419,TRUE,0.000244550109033,TRUE,-0.000398457325018,TRUE,0.126149635296,TRUE,0.000169907808364,TRUE,-0.000266803577535,TRUE,0.00424073599277,FALSE,0.00851048471856,TRUE,0.000104215741033,TRUE,0.000158463998282,FALSE,0.0158979033961,TRUE,6.41161203636e-05,TRUE,0.000191160531265,FALSE
glossy_synthetic,luyu,train,base,baseline_from_fd_p2_lite_final_summary,,,0.118880660087,32.0753399815,0.966454624065,0.0314378451855,33.9542378698,0.979644142623,0.0195913613009,0,FALSE,0,FALSE,0,FALSE,0,FALSE,0,FALSE,0,FALSE,0,FALSE,0.008840785921,FALSE,0.4600265026,TRUE,0.00037528947,TRUE,-0.0012365444896,TRUE,0.6489023822,TRUE,0.000675622373,TRUE,-0.0017061524974,TRUE,0.003563544899,FALSE,0.1189168011,TRUE,0.000756302582,TRUE,-0.0006973834576,TRUE,0.00242182189999,TRUE,9.44148199999e-06,TRUE,-0.0001662179046,TRUE,-0.000373594463,TRUE,0.2706212146,TRUE,0.000667948275,TRUE,-0.0014218275735,TRUE,0.2545201949,TRUE,0.000573340271,TRUE,-0.0015929864187,TRUE,-0.000224915892,TRUE,0.0285972698,TRUE,0.000375223479,TRUE,-0.0002983673809,TRUE,-0.0748792887,FALSE,-0.000177521259,FALSE,9.94801438e-05,FALSE
glossy_synthetic,luyu,train,rc,current_rc_from_fd_p2_lite_final_summary,,,0.110039874166,31.6153134789,0.966079334595,0.0326743896751,33.3053354876,0.97896852025,0.0212975137983,-0.008840785921,TRUE,-0.4600265026,FALSE,-0.00037528947,FALSE,0.0012365444896,FALSE,-0.6489023822,FALSE,-0.000675622373,FALSE,0.0017061524974,FALSE,0,FALSE,0,FALSE,0,FALSE,0,FALSE,0,FALSE,0,FALSE,0,FALSE,-0.005277241022,TRUE,-0.3411097015,FALSE,0.000381013112,TRUE,0.000539161032,FALSE,-0.6464805603,FALSE,-0.000666180891,FALSE,0.0015399345928,FALSE,-0.009214380384,TRUE,-0.189405288,FALSE,0.000292658805,TRUE,-0.0001852830839,TRUE,-0.3943821873,FALSE,-0.000102282102,FALSE,0.0001131660787,FALSE,-0.009065701813,TRUE,-0.4314292328,FALSE,-6.59909999978e-08,FALSE,0.0009381771087,FALSE,-0.7237816709,FALSE,-0.000853143632,FALSE,0.0018056326412,FALSE
glossy_synthetic,luyu,train,rc_qp_lam010,completed_from_4scene_lam010_pilot,,/data/liuly/dataset/3DGS/GlossySyntheticConverted/luyu_blender,0.115317115188,31.9564231804,0.965698321483,0.0321352286431,33.9518160479,0.979634701141,0.0197575792055,-0.003563544899,TRUE,-0.1189168011,FALSE,-0.000756302582,FALSE,0.0006973834576,FALSE,-0.00242182189999,FALSE,-9.44148199999e-06,FALSE,0.0001662179046,FALSE,0.005277241022,FALSE,0.3411097015,TRUE,-0.000381013112,FALSE,-0.000539161032,TRUE,0.6464805603,TRUE,0.000666180891,TRUE,-0.0015399345928,TRUE,0,FALSE,0,FALSE,0,FALSE,0,FALSE,0,FALSE,0,FALSE,0,FALSE,-0.003937139362,TRUE,0.1517044135,TRUE,-8.83543069999e-05,FALSE,-0.0007244441159,TRUE,0.252098373,TRUE,0.000563898789,TRUE,-0.0014267685141,TRUE,-0.003788460791,TRUE,-0.0903195313,FALSE,-0.000381079103,FALSE,0.0003990160767,FALSE,-0.0773011106,FALSE,-0.000186962741,FALSE,0.0002656980484,FALSE
glossy_synthetic,luyu,train,rc_qp_lam005,completed,,/data/liuly/dataset/3DGS/GlossySyntheticConverted/luyu_blender,0.11925425455,31.8047187669,0.96578667579,0.032859672759,33.6997176749,0.979070802352,0.0211843477196,0.000373594463,FALSE,-0.2706212146,FALSE,-0.000667948275,FALSE,0.0014218275735,FALSE,-0.2545201949,FALSE,-0.000573340271,FALSE,0.0015929864187,FALSE,0.009214380384,FALSE,0.189405288,TRUE,-0.000292658805,FALSE,0.0001852830839,FALSE,0.3943821873,TRUE,0.000102282102,TRUE,-0.0001131660787,TRUE,0.003937139362,FALSE,-0.1517044135,FALSE,8.83543069999e-05,TRUE,0.0007244441159,FALSE,-0.252098373,FALSE,-0.000563898789,FALSE,0.0014267685141,FALSE,0,FALSE,0,FALSE,0,FALSE,0,FALSE,0,FALSE,0,FALSE,0,FALSE,0.000148678571,FALSE,-0.2420239448,FALSE,-0.000292724796,FALSE,0.0011234601926,FALSE,-0.3293994836,FALSE,-0.00075086153,FALSE,0.0016924665625,FALSE
glossy_synthetic,luyu,train,rc_qp_lam010_start5000_every8,completed,,/data/liuly/dataset/3DGS/GlossySyntheticConverted/luyu_blender,0.119105575979,32.0467427117,0.966079400586,0.0317362125664,34.0291171585,0.979821663882,0.0194918811571,0.000224915892,FALSE,-0.0285972698,FALSE,-0.000375223479,FALSE,0.0002983673809,FALSE,0.0748792887,TRUE,0.000177521259,TRUE,-9.94801438e-05,TRUE,0.009065701813,FALSE,0.4314292328,TRUE,6.59909999978e-08,TRUE,-0.0009381771087,TRUE,0.7237816709,TRUE,0.000853143632,TRUE,-0.0018056326412,TRUE,0.003788460791,FALSE,0.0903195313,TRUE,0.000381079103,TRUE,-0.0003990160767,TRUE,0.0773011106,TRUE,0.000186962741,TRUE,-0.0002656980484,TRUE,-0.000148678571,TRUE,0.2420239448,TRUE,0.000292724796,TRUE,-0.0011234601926,TRUE,0.3293994836,TRUE,0.00075086153,TRUE,-0.0016924665625,TRUE,0,FALSE,0,FALSE,0,FALSE,0,FALSE,0,FALSE,0,FALSE,0,FALSE
glossy_synthetic,luyu,train,rc_qp_angle10_sched,completed,,/data/liuly/dataset/3DGS/GlossySyntheticConverted/luyu_blender,0.122551096231,31.5488311052,0.965584796454,0.0328353433537,33.1597736393,0.978029734854,0.0217537313334,0.00367043614375,FALSE,-0.526508876268,FALSE,-0.000869827610775,FALSE,0.00139749816822,FALSE,-0.79446423053,FALSE,-0.00161440776881,FALSE,0.00216237003248,FALSE,0.0125112220647,FALSE,-0.0664823736678,FALSE,-0.000494538140775,FALSE,0.000160953678616,FALSE,-0.14556184833,FALSE,-0.000938785395813,FALSE,0.000456217535085,FALSE,0.00723398104275,FALSE,-0.407592075168,FALSE,-0.000113525028775,FALSE,0.000700114710616,FALSE,-0.79204240863,FALSE,-0.00160496628681,FALSE,0.00199615212788,FALSE,0.00329684168075,FALSE,-0.255887661668,FALSE,-0.000201879335775,FALSE,-2.43294052836e-05,TRUE,-0.53994403563,FALSE,-0.00104106749781,FALSE,0.000569383613785,FALSE,0.00344552025175,FALSE,-0.497911606468,FALSE,-0.000494604131775,FALSE,0.00109913078732,FALSE,-0.86934351923,FALSE,-0.00179192902781,FALSE,0.00226185017628,FALSE
glossy_synthetic,luyu,test,base,baseline_from_fd_p2_lite_final_summary,,,0.124420511723,29.4777971506,0.947934940457,0.0375685002655,31.3694570065,0.968790642917,0.0247649874073,0,FALSE,0,FALSE,0,FALSE,0,FALSE,0,FALSE,0,FALSE,0,FALSE,0.004918276519,FALSE,0.42159307,TRUE,-4.5035035e-05,FALSE,-0.0015380919212,TRUE,0.6557818652,TRUE,0.00099285692,TRUE,-0.002417416661,TRUE,0.001855958254,FALSE,0.2055232525,TRUE,0.001042034477,TRUE,-0.0006289542652,TRUE,0.209409833,TRUE,0.000195104629,TRUE,-0.0006461098091,TRUE,-0.001355119794,TRUE,0.1808154583,TRUE,0.000272091478,TRUE,-0.0010925421957,TRUE,0.2097113133,TRUE,0.000325236469,TRUE,-0.0015558823943,TRUE,-0.003946228325,TRUE,0.1206790209,TRUE,0.000557817518,TRUE,-0.0003598418552,TRUE,0.1051918269,TRUE,-2.2552908e-05,FALSE,-2.9836432e-05,TRUE
glossy_synthetic,luyu,test,rc,current_rc_from_fd_p2_lite_final_summary,,,0.119502235204,29.0562040806,0.947979975492,0.0391065921867,30.7136751413,0.967797785997,0.0271824040683,-0.004918276519,TRUE,-0.42159307,FALSE,4.5035035e-05,TRUE,0.0015380919212,FALSE,-0.6557818652,FALSE,-0.00099285692,FALSE,0.002417416661,FALSE,0,FALSE,0,FALSE,0,FALSE,0,FALSE,0,FALSE,0,FALSE,0,FALSE,-0.003062318265,TRUE,-0.2160698175,FALSE,0.001087069512,TRUE,0.000909137656,FALSE,-0.4463720322,FALSE,-0.000797752291,FALSE,0.0017713068519,FALSE,-0.006273396313,TRUE,-0.2407776117,FALSE,0.000317126513,TRUE,0.0004455497255,FALSE,-0.4460705519,FALSE,-0.000667620451,FALSE,0.0008615342667,FALSE,-0.008864504844,TRUE,-0.3009140491,FALSE,0.000602852553,TRUE,0.001178250066,FALSE,-0.5505900383,FALSE,-0.001015409828,FALSE,0.002387580229,FALSE
glossy_synthetic,luyu,test,rc_qp_lam010,completed_from_4scene_lam010_pilot,,/data/liuly/dataset/3DGS/GlossySyntheticConverted/luyu_blender,0.122564553469,29.2722738981,0.94689290598,0.0381974545307,31.1600471735,0.968595538288,0.0254110972164,-0.001855958254,TRUE,-0.2055232525,FALSE,-0.001042034477,FALSE,0.0006289542652,FALSE,-0.209409833,FALSE,-0.000195104629,FALSE,0.0006461098091,FALSE,0.003062318265,FALSE,0.2160698175,TRUE,-0.001087069512,FALSE,-0.000909137656,TRUE,0.4463720322,TRUE,0.000797752291,TRUE,-0.0017713068519,TRUE,0,FALSE,0,FALSE,0,FALSE,0,FALSE,0,FALSE,0,FALSE,0,FALSE,-0.003211078048,TRUE,-0.0247077942,FALSE,-0.000769942999,FALSE,-0.0004635879305,TRUE,0.000301480299999,TRUE,0.00013013184,TRUE,-0.0009097725852,TRUE,-0.005802186579,TRUE,-0.0848442316,FALSE,-0.000484216959,FALSE,0.00026911241,FALSE,-0.1042180061,FALSE,-0.000217657537,FALSE,0.0006162733771,FALSE
glossy_synthetic,luyu,test,rc_qp_lam005,completed,,/data/liuly/dataset/3DGS/GlossySyntheticConverted/luyu_blender,0.125775631517,29.2969816923,0.947662848979,0.0386610424612,31.1597456932,0.968465406448,0.0263208698016,0.001355119794,FALSE,-0.1808154583,FALSE,-0.000272091478,FALSE,0.0010925421957,FALSE,-0.2097113133,FALSE,-0.000325236469,FALSE,0.0015558823943,FALSE,0.006273396313,FALSE,0.2407776117,TRUE,-0.000317126513,FALSE,-0.0004455497255,TRUE,0.4460705519,TRUE,0.000667620451,TRUE,-0.0008615342667,TRUE,0.003211078048,FALSE,0.0247077942,TRUE,0.000769942999,TRUE,0.0004635879305,FALSE,-0.000301480299999,FALSE,-0.00013013184,FALSE,0.0009097725852,FALSE,0,FALSE,0,FALSE,0,FALSE,0,FALSE,0,FALSE,0,FALSE,0,FALSE,-0.002591108531,TRUE,-0.0601364374,FALSE,0.00028572604,TRUE,0.0007327003405,FALSE,-0.1045194864,FALSE,-0.000347789377,FALSE,0.0015260459623,FALSE
glossy_synthetic,luyu,test,rc_qp_lam010_start5000_every8,completed,,/data/liuly/dataset/3DGS/GlossySyntheticConverted/luyu_blender,0.128366740048,29.3571181297,0.947377122939,0.0379283421207,31.2642651796,0.968813195825,0.0247948238393,0.003946228325,FALSE,-0.1206790209,FALSE,-0.000557817518,FALSE,0.0003598418552,FALSE,-0.1051918269,FALSE,2.2552908e-05,TRUE,2.9836432e-05,FALSE,0.008864504844,FALSE,0.3009140491,TRUE,-0.000602852553,FALSE,-0.001178250066,TRUE,0.5505900383,TRUE,0.001015409828,TRUE,-0.002387580229,TRUE,0.005802186579,FALSE,0.0848442316,TRUE,0.000484216959,TRUE,-0.00026911241,TRUE,0.1042180061,TRUE,0.000217657537,TRUE,-0.0006162733771,TRUE,0.002591108531,FALSE,0.0601364374,TRUE,-0.00028572604,FALSE,-0.0007327003405,TRUE,0.1045194864,TRUE,0.000347789377,TRUE,-0.0015260459623,TRUE,0,FALSE,0,FALSE,0,FALSE,0,FALSE,0,FALSE,0,FALSE,0,FALSE
glossy_synthetic,luyu,test,rc_qp_angle10_sched,completed,,/data/liuly/dataset/3DGS/GlossySyntheticConverted/luyu_blender,0.128296046704,28.9760224819,0.946933355182,0.039406096912,30.5398204327,0.966637872159,0.0278810174204,0.00387553498105,FALSE,-0.501774668682,FALSE,-0.00100158527459,FALSE,0.00183759664649,FALSE,-0.829636573837,FALSE,-0.00215277075752,FALSE,0.00311603001314,FALSE,0.00879381150005,FALSE,-0.0801815986817,FALSE,-0.00104662030959,FALSE,0.000299504725289,FALSE,-0.173854708637,FALSE,-0.00115991383752,FALSE,0.000698613352141,FALSE,0.00573149323505,FALSE,-0.296251416182,FALSE,4.04492024093e-05,TRUE,0.00120864238129,FALSE,-0.620226740837,FALSE,-0.00195766612852,FALSE,0.00246992020404,FALSE,0.00252041518705,FALSE,-0.320959210382,FALSE,-0.000729493796591,FALSE,0.000745054450789,FALSE,-0.619925260537,FALSE,-0.00182753428852,FALSE,0.00156014761884,FALSE,-7.06933439461e-05,TRUE,-0.381095647782,FALSE,-0.000443767756591,FALSE,0.00147775479129,FALSE,-0.724444746937,FALSE,-0.00217532366552,FALSE,0.00308619358114,FALSE
