row_type,dataset,scene,variant,strict_required_metric_complete,lpips_skipped,image_key,train_mean_reflection_consistency,train_reflective_region_psnr,train_num_pairs,train_valid_pair_count,train_full_psnr,train_full_ssim,train_full_lpips,train_reflective_psnr,train_reflective_ssim,train_reflective_lpips,train_num_images,test_mean_reflection_consistency,test_reflective_region_psnr,test_num_pairs,test_valid_pair_count,test_full_psnr,test_full_ssim,test_full_lpips,test_reflective_psnr,test_reflective_ssim,test_reflective_lpips,test_num_images,complete_models,expected_models
model,shiny_blender_synthetic,ball,wo_ref,True,False,pbr_rgb,0.17000184431672097,37.658057022094724,10,10,40.644345893859864,0.9916635847091675,0.03222846500575542,40.86597549438476,0.9920967197418213,0.025666259033605456,100,0.04855797253549099,32.37107181549072,10,10,38.31283218383789,0.9878258275985717,0.03667754715308547,38.439133434295655,0.9882521271705628,0.030645164186134933,200,,
model,shiny_blender_synthetic,ball,wo_conf,True,False,pbr_rgb,0.16729665473103522,37.18550491333008,10,10,40.4266792678833,0.9917367428541184,0.03230789775028825,40.71862602233887,0.9925452488660812,0.02206774104386568,100,0.04714860953390598,33.35659484863281,10,10,38.35246768951416,0.988108543753624,0.03676408227533102,38.53511009216309,0.9890693381428719,0.025317261912859976,200,,
model,shiny_blender_synthetic,ball,rough_only,True,False,pbr_rgb,0.169089861959219,38.079153060913086,10,10,40.90653297424316,0.9917780125141143,0.03205880705267191,41.13626712799072,0.9921992123126984,0.025091105466708542,100,0.0486237172037363,34.015917205810545,10,10,38.56359674453736,0.9880595237016678,0.036503137405961755,38.69833808898926,0.9885399156808853,0.029125903034582734,200,,
model,shiny_blender_synthetic,car,wo_ref,True,False,pbr_rgb,0.3498593010008335,31.029361152648924,10,10,36.85416862487793,0.9858781731128693,0.008795943539589644,38.34574028015137,0.989543439745903,0.005672721827868372,100,0.08750245831906796,27.554748153686525,10,10,31.582597904205322,0.9674293464422226,0.01851381566841155,33.09063928604126,0.9769742891192437,0.01275000545894727,200,,
model,shiny_blender_synthetic,car,wo_conf,True,False,pbr_rgb,0.18725216947495937,30.91968936920166,10,10,36.74820766448975,0.985584386587143,0.008957239803858102,38.19850826263428,0.989311665892601,0.005699948437977582,100,0.0709311157464981,27.582256698608397,10,10,31.541541261672975,0.9670378991961479,0.018742215833626688,32.98028678894043,0.9764485362172127,0.012880065955687314,200,,
model,shiny_blender_synthetic,car,rough_only,True,False,pbr_rgb,0.32922439426183703,31.09470157623291,10,10,36.83535648345947,0.9856621325016022,0.008981710700318217,37.97784103393555,0.9888836109638214,0.0063340073521248996,100,0.08963679447770119,27.827952575683593,10,10,31.557480535507203,0.9671958157420159,0.01872617092449218,32.61608051300049,0.9751848185062408,0.014169528833590447,200,,
model,shiny_blender_synthetic,coffee,wo_ref,True,False,pbr_rgb,0.050770715717226265,36.59847717285156,10,10,38.89383190155029,0.9832212567329407,0.03478006830438971,42.658131484985354,0.9913387393951416,0.010072648632340133,100,0.0074028920382261275,30.352484893798827,10,10,34.538765602111816,0.974239036142826,0.04688316706568003,37.21630874633789,0.9850527361035347,0.014053118934389203,200,,
model,shiny_blender_synthetic,coffee,wo_conf,True,False,pbr_rgb,0.028463229024782776,36.55188903808594,10,10,39.010720100402835,0.9833093690872192,0.03454790838062763,42.57434902191162,0.9913648015260696,0.010030104122124612,100,0.0063940855674445626,30.762211036682128,10,10,34.82175147056579,0.9748202705383301,0.04583417269401252,37.38252042770386,0.9856696113944053,0.013157577575184405,200,,
model,shiny_blender_synthetic,coffee,rough_only,True,False,pbr_rgb,0.0530368885025382,35.97505683898926,10,10,39.12667953491211,0.9836577814817429,0.03407414449378848,42.25932460784912,0.991818020939827,0.009377239672467112,100,0.007932955538854003,30.968200302124025,10,10,34.57540648460388,0.9745379665493965,0.0461195198725909,36.684297466278075,0.9852867868542671,0.013748239236883819,200,,
model,shiny_blender_synthetic,helmet,wo_ref,True,False,pbr_rgb,0.3578144133090973,37.10995674133301,10,10,40.080345726013185,0.99345099568367,0.006400649398565292,40.83029758453369,0.9941049808263779,0.005017270972020924,100,0.16892162412405015,35.8431396484375,10,10,35.72310401916504,0.9851257902383804,0.014689000330399722,36.36951149940491,0.9870846459269523,0.011267645002808422,200,,
model,shiny_blender_synthetic,helmet,wo_conf,True,False,pbr_rgb,0.09561121240258216,37.15206108093262,10,10,40.164558486938475,0.9934597831964492,0.006487754427362233,40.93510696411133,0.9941192424297333,0.0050817839382216335,100,0.03638473078608513,36.1205493927002,10,10,35.9322752571106,0.9853404074907303,0.014649221862200648,36.57219030380249,0.987289719581604,0.011237366267014295,200,,
model,shiny_blender_synthetic,helmet,rough_only,True,False,pbr_rgb,0.3079697206616402,36.85917778015137,10,10,40.15184597015381,0.9934530931711197,0.006524273464456201,40.91071655273438,0.9941140943765641,0.00513851098716259,100,0.15542802065610886,36.006968307495114,10,10,35.84266832351685,0.9853764662146568,0.014467403488233686,36.49383394241333,0.9873621127009392,0.01111526640597731,200,,
model,shiny_blender_synthetic,teapot,wo_ref,True,False,pbr_rgb,0.021928569953888654,39.366471481323245,10,10,49.5283540725708,0.9990234237909317,0.0015530376712558792,50.78903415679932,0.9993770635128021,0.0006547610781854019,100,0.004245767323300243,39.846435928344725,10,10,46.38084032058716,0.9975651583075523,0.00329317416093545,47.63656396865845,0.9985475844144821,0.0013358622857776936,200,,
model,shiny_blender_synthetic,teapot,wo_conf,True,False,pbr_rgb,0.016082213912159204,38.9260555267334,10,10,49.347146110534666,0.9990009480714798,0.001625773118576035,50.628013076782224,0.999374794960022,0.0006586430838797241,100,0.0038279443979263306,39.253265380859375,10,10,46.29697006225586,0.9975512826442718,0.0033843434703885577,47.63831825256348,0.998628890812397,0.0013113412530219649,200,,
model,shiny_blender_synthetic,teapot,rough_only,True,False,pbr_rgb,0.022073581302538513,38.82027359008789,10,10,49.03115406036377,0.9989748108386993,0.0016511587979039176,50.06737133026123,0.9993851572275162,0.0005814892670605331,100,0.003973538288846612,39.317513656616214,10,10,46.19289987564087,0.9975529009103775,0.0033447947711101734,47.279160861969,0.9986021715402603,0.0011491330778517295,200,,
model,shiny_blender_synthetic,toaster,wo_ref,True,False,pbr_rgb,0.3204560697078705,31.24959201812744,10,10,33.84375856399536,0.9780819725990295,0.024476906284689903,36.12780712127685,0.9911269927024842,0.012270472394302488,100,0.13610530868172646,22.405209159851076,10,10,27.315858478546144,0.9500480517745018,0.0571282803080976,28.57568362236023,0.9706491005420684,0.03769721708260477,200,,
model,shiny_blender_synthetic,toaster,wo_conf,True,False,pbr_rgb,0.1619801864027977,30.84795398712158,10,10,33.765475807189944,0.9779509127140045,0.024647328490391373,35.93707513809204,0.9910556900501252,0.012224571146070957,100,0.06718169748783112,21.731643295288087,10,10,26.95472375869751,0.9486081233620643,0.059023915138095615,28.13719407081604,0.969327735900879,0.03911704535596073,200,,
model,shiny_blender_synthetic,toaster,rough_only,True,False,pbr_rgb,0.2777551025152206,31.0521598815918,10,10,33.7249150466919,0.9779911643266678,0.02464565135538578,35.83319200515747,0.9909725689888,0.01219644102267921,100,0.1118257388472557,21.566389274597167,10,10,26.967208614349364,0.948246913254261,0.05924783544614911,28.116705493927,0.9689448875188827,0.03937029855325818,200,,
model,glossy_synthetic,angel,wo_ref,True,False,pbr_rgb,0.11755097731947899,25.99390811920166,10,10,32.895416617393494,0.97448186523148,0.03234948094801179,34.56403170313154,0.9846151785126754,0.015721585302214538,112,0.12369450256228447,22.452810096740723,10,10,29.867521286010742,0.952394612133503,0.039302910678088665,31.33213770389557,0.9716965109109879,0.021604703448247164,16,,
model,glossy_synthetic,angel,wo_conf,True,False,pbr_rgb,0.10436164811253548,26.048081970214845,10,10,32.88566199370793,0.9744018933602742,0.032245700946077704,34.51892679078238,0.9841542036405632,0.015712785351622318,112,0.11223842576146126,22.418060111999512,10,10,29.809433460235596,0.9516350738704205,0.0394022548571229,31.226865768432617,0.9701294265687466,0.022563951672054827,16,,
model,glossy_synthetic,angel,rough_only,True,False,pbr_rgb,0.11523713544011116,25.640682983398438,10,10,32.64003835405622,0.9738713891378471,0.03302513620084418,34.027350834437776,0.9840815556900842,0.0162402759222979,112,0.12213612571358681,22.239760971069337,10,10,29.726728439331055,0.9512455835938454,0.04001167370006442,30.950470328330994,0.9699157811701298,0.022514892800245434,16,,
model,glossy_synthetic,bell,wo_ref,True,False,pbr_rgb,0.14721198454499246,28.287261962890625,10,10,34.103809288569856,0.9761554598808289,0.03339401911944151,34.78946573393686,0.9787812456488609,0.026651897085165337,112,0.11179695427417755,25.678668403625487,10,10,31.574255228042603,0.962655782699585,0.042110690381377935,32.21199142932892,0.9672134891152382,0.03459790826309472,16,,
model,glossy_synthetic,bell,wo_conf,True,False,pbr_rgb,0.14324686378240586,28.281042098999023,10,10,34.23323018210275,0.9767290518752166,0.03286540904082358,34.86687840734209,0.9788906994674887,0.026565960558530475,112,0.11289171352982522,25.577692222595214,10,10,31.643195748329163,0.9627358689904213,0.04181357100605965,32.16130459308624,0.9663661271333694,0.03503802721388638,16,,
model,glossy_synthetic,bell,rough_only,True,False,pbr_rgb,0.150847277790308,28.27362060546875,10,10,34.232450008392334,0.976803178765944,0.03293726372066885,34.85300987107413,0.9793340042233467,0.027094997631918107,112,0.11192542389035225,25.62972640991211,10,10,31.678028106689453,0.9633947797119617,0.041668510530143976,32.194119930267334,0.9673179164528847,0.034835365950129926,16,,
model,glossy_synthetic,cat,wo_ref,True,False,pbr_rgb,0.12485129982233048,28.06360321044922,10,10,35.66708442143032,0.9846585802733898,0.03074415575247258,36.9030259677342,0.9897249191999435,0.018138879203304117,112,0.15894452929496766,26.87231731414795,10,10,32.86723029613495,0.9736723229289055,0.039870037348009646,34.25523626804352,0.9826172217726707,0.02367719344329089,16,,
model,glossy_synthetic,cat,wo_conf,True,False,pbr_rgb,0.11998061761260033,27.952320671081544,10,10,35.645037923540386,0.9847686061901706,0.03061306821681293,37.06301147597177,0.9900204672345093,0.01748148282890075,112,0.15441083610057832,27.06930446624756,10,10,32.92733561992645,0.9739789329469204,0.039033002336509526,34.46707510948181,0.9831671379506588,0.022384056937880814,16,,
model,glossy_synthetic,cat,rough_only,True,False,pbr_rgb,0.12373049259185791,28.029560089111328,10,10,35.88318872451782,0.9853117199880737,0.03016306647831308,36.88422308649336,0.9895009999828679,0.018784905733939792,112,0.15795457512140273,27.137519454956056,10,10,33.098987460136414,0.9745397232472897,0.03887748997658491,34.373886585235596,0.9822088107466698,0.0241583411116153,16,,
model,glossy_synthetic,horse,wo_ref,True,False,pbr_rgb,0.1957314908504486,23.41133346557617,10,10,30.001469952719553,0.96853007376194,0.031518862200235684,32.242526922907146,0.9793699149574552,0.019496331581779356,112,0.22322192937135696,22.0252893447876,10,10,27.470797419548035,0.9444305635988712,0.039857539581134915,30.097726821899414,0.9682388231158257,0.02731495164334774,16,,
model,glossy_synthetic,horse,wo_conf,True,False,pbr_rgb,0.18143763542175292,24.006666946411134,10,10,30.35312044620514,0.9688644723168441,0.03036097763106227,32.720366512026104,0.979630384594202,0.018426812561561486,112,0.20740322172641754,22.150599098205568,10,10,27.648141384124756,0.9450214542448521,0.03871740854810923,30.356438159942627,0.9686231166124344,0.02595852327067405,16,,
model,glossy_synthetic,horse,rough_only,True,False,pbr_rgb,0.19804181158542633,23.906452941894532,10,10,30.461628488131932,0.9691522062889167,0.029895531296330904,32.58050959450858,0.9808108982230935,0.01722236058308876,112,0.22210411727428436,22.025045585632324,10,10,27.683650493621826,0.9451914578676224,0.03818890999536961,30.053258776664734,0.9693291038274765,0.024369381368160248,16,,
model,glossy_synthetic,luyu,wo_ref,True,False,pbr_rgb,0.1222952775657177,25.654272842407227,10,10,32.102201563971384,0.9665356650948524,0.03128159752980407,34.097303066934856,0.9801080647323813,0.019221035530790687,112,0.1295338213443756,23.29527187347412,10,10,29.47066342830658,0.9482258781790733,0.03723358118440956,31.424764275550842,0.9692122228443623,0.02445309911854565,16,,
model,glossy_synthetic,luyu,wo_conf,True,False,pbr_rgb,0.10961685255169869,25.221497535705566,10,10,31.851846184049332,0.9658277976725783,0.03234480821993202,33.61810239723751,0.9785392044910363,0.020963004673831165,112,0.1201612651348114,22.987455940246583,10,10,29.301379561424255,0.9474608153104782,0.03846253105439246,31.102599024772644,0.9676886014640331,0.026251077535562217,16,,
model,glossy_synthetic,luyu,rough_only,True,False,pbr_rgb,0.12040221616625786,25.31834316253662,10,10,31.865628617150442,0.9654750595135349,0.032671391481666694,33.7397027185985,0.9791939721575805,0.020609321396997466,112,0.12684064954519272,23.070027923583986,10,10,29.316701769828796,0.9471549428999424,0.03849246958270669,31.206926226615906,0.9683474078774452,0.025673151365481317,16,,
model,glossy_synthetic,potion,wo_ref,True,False,pbr_rgb,0.09206003248691559,29.271531105041504,10,10,34.98601012570517,0.9742263864193644,0.04992585203477314,36.04801133700779,0.979314211755991,0.032792533232298283,112,0.08513014204800129,27.63684673309326,10,10,32.6298588514328,0.962023414671421,0.0590314082801342,33.807382225990295,0.9710056222975254,0.039385356241837144,16,,
model,glossy_synthetic,potion,wo_conf,True,False,pbr_rgb,0.08236022815108299,29.058702087402345,10,10,34.90818759373256,0.9732388550681728,0.05205990876337247,36.031511545181274,0.9786900973745755,0.034903183612706404,112,0.0783917885273695,27.707265853881836,10,10,32.64493119716644,0.9612923823297024,0.06123470398597419,33.85101044178009,0.970986545085907,0.041546087712049484,16,,
model,glossy_synthetic,potion,rough_only,True,False,pbr_rgb,0.09311198294162751,29.025543212890625,10,10,35.05583388464792,0.9739726835063526,0.05156430326003049,36.101957593645366,0.9794507777052266,0.03367400319049401,112,0.08532856442034245,27.662607955932618,10,10,32.74109601974487,0.9621234461665154,0.060172691475600004,33.911728858947754,0.9716345518827438,0.03946003969758749,16,,
model,glossy_synthetic,tbell,wo_ref,True,False,pbr_rgb,0.2685814380645752,27.079141235351564,10,10,33.35816713741848,0.976229769310781,0.034168650612368116,33.75583803653717,0.9776400088199547,0.028197809754471694,112,0.3090794920921326,25.925282859802245,10,10,30.671122789382935,0.9641624055802822,0.0432726014405489,31.150426983833313,0.9670906402170658,0.036039689905010164,16,,
model,glossy_synthetic,tbell,wo_conf,True,False,pbr_rgb,0.23942040652036667,27.229942321777344,10,10,33.460986154420034,0.9771923848560878,0.032538780194175033,33.845629589898245,0.9785033932753971,0.026686121776167835,112,0.27822865843772887,25.870967674255372,10,10,30.59528350830078,0.9648824259638786,0.041243834188207984,30.98583495616913,0.9678497165441513,0.033868777798488736,16,,
model,glossy_synthetic,tbell,rough_only,True,False,pbr_rgb,0.27762067019939424,27.06384391784668,10,10,33.399973443576265,0.9769530157957759,0.03275987773668021,33.65329018660954,0.9782428789351668,0.02711100518769984,112,0.31866267025470735,25.775622177124024,10,10,30.672104120254517,0.9646560847759247,0.04211357771418989,30.96902620792389,0.9671381674706936,0.03516359895002097,16,,
model,glossy_synthetic,teapot,wo_ref,True,False,pbr_rgb,0.32738696932792666,22.96704692840576,10,10,29.997337307248795,0.968896571546793,0.03792855845365141,30.72246822289058,0.9718835917966706,0.03255064008823995,112,0.2975952297449112,20.604636192321777,10,10,26.757364630699158,0.9463091604411602,0.049635158153250813,27.446690917015076,0.9529455937445164,0.042050453601405025,16,,
model,glossy_synthetic,teapot,wo_conf,True,False,pbr_rgb,0.2990034148097038,23.020755004882812,10,10,29.825058221817017,0.9682536875563008,0.038980431688417284,30.747768793787277,0.9716809998665538,0.03314499553692128,112,0.27440488785505296,20.54795684814453,10,10,26.505435466766357,0.9444573596119881,0.05168903456069529,27.287578344345093,0.9514516703784466,0.0442615810316056,16,,
model,glossy_synthetic,teapot,rough_only,True,False,pbr_rgb,0.3256653338670731,22.861708641052246,10,10,29.88680076599121,0.9683523417583534,0.03880406931109194,30.47533690929413,0.9711746605379241,0.0333432874675574,112,0.30042180716991423,20.399246597290038,10,10,26.576650261878967,0.9443917833268642,0.052103569032624364,27.080671072006226,0.9500642381608486,0.04520484199747443,16,,
aggregate,shiny_blender_synthetic,,wo_ref,,,,0.21180515233427286,35.50198593139648,,,39.97413413047791,0.9885532344381014,0.018039178367374308,41.602831020355225,0.9929313226540883,0.009892355656387129,,0.07545600383697698,31.39551493326823,,,35.642333084742226,0.9770388684173424,0.029530830781101636,36.887973426183066,0.9844267472128073,0.017958168825110383,,6,6
aggregate,shiny_blender_synthetic,,wo_conf,,,,0.10944761099138607,35.26385898590088,,,39.91046457290649,0.9885070237517357,0.01809565032851727,41.498613080978394,0.9929619072874387,0.009293798628690031,,0.03864469725328187,31.467753442128497,,,35.64995491663615,0.9769110878308614,0.02973299187894251,36.874269989331566,0.984405638674895,0.01717010971995478,,6,6
aggregate,shiny_blender_synthetic,,rough_only,,,,0.19319159153383225,35.313420454661056,,,39.9627473449707,0.9885861658056577,0.01798929097742075,41.36411877632141,0.9928954441348712,0.009786465628033815,,0.06957012750208377,31.617156887054442,,,35.616543429692584,0.9768282643953959,0.029734810318089635,36.64806939442953,0.9839867821335793,0.0181130615236907,,6,6
aggregate,glossy_synthetic,,wo_ref,,,,0.17445868374779822,26.341012358665466,,,32.88893705180713,0.9737142964399287,0.035163897081344785,34.14033387388502,0.9801796419279916,0.024096338972282996,,0.1798745750915259,24.311390352249145,,,30.163601741194725,0.9567342675291002,0.04378924088086933,31.46579457819462,0.968752515502274,0.031140419458097313,,8,8
aggregate,glossy_synthetic,,wo_conf,,,,0.15992845837026834,26.352376079559328,,,32.895391087446896,0.9736595936119556,0.035251135587584165,34.176524439028334,0.9800136812430408,0.024235543362530212,,0.16726634963415563,24.291162776947022,,,30.134391993284225,0.9564330391585827,0.043949542567133904,31.42983829975128,0.9682827927172184,0.031484010396525264,,8,8
aggregate,glossy_synthetic,,rough_only,,,,0.175582115072757,26.264969444274904,,,32.928192785808015,0.9737364493443498,0.035227579935703295,34.039422599332674,0.9802237184319113,0.02426001963924916,,0.18067174167372285,24.24244463443756,,,30.186743333935738,0.9565872251987457,0.04395361150091048,31.342510998249054,0.9682444971986115,0.03142245165508939,,8,8
