dataset,split,scene,variant,metric,value,metric_direction
glossy_synthetic,train,angel,base,mean_reflection_consistency,0.1161050170660018,lower
glossy_synthetic,train,angel,base,reflective_psnr,34.376462493624004,higher
glossy_synthetic,train,angel,base,reflective_ssim,0.9835989932928768,higher
glossy_synthetic,train,angel,base,reflective_lpips,0.0160896331570776,lower
glossy_synthetic,train,angel,base,reflective_region_psnr,25.86960678100586,higher
glossy_synthetic,train,angel,base,full_psnr,32.8659302847726,higher
glossy_synthetic,train,angel,base,full_ssim,0.9742000039134708,higher
glossy_synthetic,train,angel,base,full_lpips,0.0325455718141581,lower
glossy_synthetic,train,angel,rc,mean_reflection_consistency,0.0997577019035816,lower
glossy_synthetic,train,angel,rc,reflective_psnr,34.23360657691956,higher
glossy_synthetic,train,angel,rc,reflective_ssim,0.9837508334645204,higher
glossy_synthetic,train,angel,rc,reflective_lpips,0.0163719008227677,lower
glossy_synthetic,train,angel,rc,reflective_region_psnr,26.09582443237305,higher
glossy_synthetic,train,angel,rc,full_psnr,32.80772658756801,higher
glossy_synthetic,train,angel,rc,full_ssim,0.9744968760226456,higher
glossy_synthetic,train,angel,rc,full_lpips,0.0324710208057825,lower
glossy_synthetic,train,angel,wo_ref,mean_reflection_consistency,0.1175509773194789,lower
glossy_synthetic,train,angel,wo_ref,reflective_psnr,34.56403170313154,higher
glossy_synthetic,train,angel,wo_ref,reflective_ssim,0.9846151785126754,higher
glossy_synthetic,train,angel,wo_ref,reflective_lpips,0.0157215853022145,lower
glossy_synthetic,train,angel,wo_ref,reflective_region_psnr,25.99390811920166,higher
glossy_synthetic,train,angel,wo_ref,full_psnr,32.895416617393494,higher
glossy_synthetic,train,angel,wo_ref,full_ssim,0.97448186523148,higher
glossy_synthetic,train,angel,wo_ref,full_lpips,0.0323494809480117,lower
glossy_synthetic,train,angel,wo_conf,mean_reflection_consistency,0.1043616481125354,lower
glossy_synthetic,train,angel,wo_conf,reflective_psnr,34.51892679078238,higher
glossy_synthetic,train,angel,wo_conf,reflective_ssim,0.9841542036405632,higher
glossy_synthetic,train,angel,wo_conf,reflective_lpips,0.0157127853516223,lower
glossy_synthetic,train,angel,wo_conf,reflective_region_psnr,26.048081970214845,higher
glossy_synthetic,train,angel,wo_conf,full_psnr,32.88566199370793,higher
glossy_synthetic,train,angel,wo_conf,full_ssim,0.9744018933602742,higher
glossy_synthetic,train,angel,wo_conf,full_lpips,0.0322457009460777,lower
glossy_synthetic,train,angel,rough_only,mean_reflection_consistency,0.1152371354401111,lower
glossy_synthetic,train,angel,rough_only,reflective_psnr,34.027350834437776,higher
glossy_synthetic,train,angel,rough_only,reflective_ssim,0.9840815556900842,higher
glossy_synthetic,train,angel,rough_only,reflective_lpips,0.0162402759222979,lower
glossy_synthetic,train,angel,rough_only,reflective_region_psnr,25.64068298339844,higher
glossy_synthetic,train,angel,rough_only,full_psnr,32.64003835405622,higher
glossy_synthetic,train,angel,rough_only,full_ssim,0.9738713891378472,higher
glossy_synthetic,train,angel,rough_only,full_lpips,0.0330251362008441,lower
glossy_synthetic,train,bell,base,mean_reflection_consistency,0.1478155322372913,lower
glossy_synthetic,train,bell,base,reflective_psnr,34.90486281258719,higher
glossy_synthetic,train,bell,base,reflective_ssim,0.9790980273059436,higher
glossy_synthetic,train,bell,base,reflective_lpips,0.0260024357786668,lower
glossy_synthetic,train,bell,base,reflective_region_psnr,28.298690032958984,higher
glossy_synthetic,train,bell,base,full_psnr,34.258189473833355,higher
glossy_synthetic,train,bell,base,full_ssim,0.976869246257203,higher
glossy_synthetic,train,bell,base,full_lpips,0.032542489834928,lower
glossy_synthetic,train,bell,rc,mean_reflection_consistency,0.1433430403470993,lower
glossy_synthetic,train,bell,rc,reflective_psnr,34.9207432610648,higher
glossy_synthetic,train,bell,rc,reflective_ssim,0.9798789471387864,higher
glossy_synthetic,train,bell,rc,reflective_lpips,0.0244719251890533,lower
glossy_synthetic,train,bell,rc,reflective_region_psnr,28.27375888824463,higher
glossy_synthetic,train,bell,rc,full_psnr,34.27323712621416,higher
glossy_synthetic,train,bell,rc,full_ssim,0.9775770684438092,higher
glossy_synthetic,train,bell,rc,full_lpips,0.0309785973846114,lower
glossy_synthetic,train,bell,wo_ref,mean_reflection_consistency,0.1472119845449924,lower
glossy_synthetic,train,bell,wo_ref,reflective_psnr,34.78946573393686,higher
glossy_synthetic,train,bell,wo_ref,reflective_ssim,0.9787812456488608,higher
glossy_synthetic,train,bell,wo_ref,reflective_lpips,0.0266518970851653,lower
glossy_synthetic,train,bell,wo_ref,reflective_region_psnr,28.287261962890625,higher
glossy_synthetic,train,bell,wo_ref,full_psnr,34.103809288569856,higher
glossy_synthetic,train,bell,wo_ref,full_ssim,0.9761554598808287,higher
glossy_synthetic,train,bell,wo_ref,full_lpips,0.0333940191194415,lower
glossy_synthetic,train,bell,wo_conf,mean_reflection_consistency,0.1432468637824058,lower
glossy_synthetic,train,bell,wo_conf,reflective_psnr,34.86687840734209,higher
glossy_synthetic,train,bell,wo_conf,reflective_ssim,0.9788906994674887,higher
glossy_synthetic,train,bell,wo_conf,reflective_lpips,0.0265659605585304,lower
glossy_synthetic,train,bell,wo_conf,reflective_region_psnr,28.281042098999023,higher
glossy_synthetic,train,bell,wo_conf,full_psnr,34.23323018210275,higher
glossy_synthetic,train,bell,wo_conf,full_ssim,0.9767290518752166,higher
glossy_synthetic,train,bell,wo_conf,full_lpips,0.0328654090408235,lower
glossy_synthetic,train,bell,rough_only,mean_reflection_consistency,0.150847277790308,lower
glossy_synthetic,train,bell,rough_only,reflective_psnr,34.85300987107413,higher
glossy_synthetic,train,bell,rough_only,reflective_ssim,0.9793340042233468,higher
glossy_synthetic,train,bell,rough_only,reflective_lpips,0.0270949976319181,lower
glossy_synthetic,train,bell,rough_only,reflective_region_psnr,28.27362060546875,higher
glossy_synthetic,train,bell,rough_only,full_psnr,34.232450008392334,higher
glossy_synthetic,train,bell,rough_only,full_ssim,0.976803178765944,higher
glossy_synthetic,train,bell,rough_only,full_lpips,0.0329372637206688,lower
glossy_synthetic,train,cat,base,mean_reflection_consistency,0.1224585108458995,lower
glossy_synthetic,train,cat,base,reflective_psnr,36.98094197681972,higher
glossy_synthetic,train,cat,base,reflective_ssim,0.989677577146462,higher
glossy_synthetic,train,cat,base,reflective_lpips,0.0180683377298659,lower
glossy_synthetic,train,cat,base,reflective_region_psnr,28.26777744293213,higher
glossy_synthetic,train,cat,base,full_psnr,36.00860548019409,higher
glossy_synthetic,train,cat,base,full_ssim,0.9855903860713754,higher
glossy_synthetic,train,cat,base,full_lpips,0.0293366401788911,lower
glossy_synthetic,train,cat,rc,mean_reflection_consistency,0.1153977930545806,lower
glossy_synthetic,train,cat,rc,reflective_psnr,36.875485352107454,higher
glossy_synthetic,train,cat,rc,reflective_ssim,0.9890196302107402,higher
glossy_synthetic,train,cat,rc,reflective_lpips,0.0188038112329585,lower
glossy_synthetic,train,cat,rc,reflective_region_psnr,28.245301818847658,higher
glossy_synthetic,train,cat,rc,full_psnr,36.03758927753994,higher
glossy_synthetic,train,cat,rc,full_ssim,0.9857039712369442,higher
glossy_synthetic,train,cat,rc,full_lpips,0.0291747528826817,lower
glossy_synthetic,train,cat,wo_ref,mean_reflection_consistency,0.1248512998223304,lower
glossy_synthetic,train,cat,wo_ref,reflective_psnr,36.9030259677342,higher
glossy_synthetic,train,cat,wo_ref,reflective_ssim,0.9897249191999437,higher
glossy_synthetic,train,cat,wo_ref,reflective_lpips,0.0181388792033041,lower
glossy_synthetic,train,cat,wo_ref,reflective_region_psnr,28.06360321044922,higher
glossy_synthetic,train,cat,wo_ref,full_psnr,35.66708442143032,higher
glossy_synthetic,train,cat,wo_ref,full_ssim,0.9846585802733898,higher
glossy_synthetic,train,cat,wo_ref,full_lpips,0.0307441557524725,lower
glossy_synthetic,train,cat,wo_conf,mean_reflection_consistency,0.1199806176126003,lower
glossy_synthetic,train,cat,wo_conf,reflective_psnr,37.06301147597177,higher
glossy_synthetic,train,cat,wo_conf,reflective_ssim,0.9900204672345092,higher
glossy_synthetic,train,cat,wo_conf,reflective_lpips,0.0174814828289007,lower
glossy_synthetic,train,cat,wo_conf,reflective_region_psnr,27.952320671081544,higher
glossy_synthetic,train,cat,wo_conf,full_psnr,35.645037923540386,higher
glossy_synthetic,train,cat,wo_conf,full_ssim,0.9847686061901706,higher
glossy_synthetic,train,cat,wo_conf,full_lpips,0.0306130682168129,lower
glossy_synthetic,train,cat,rough_only,mean_reflection_consistency,0.1237304925918579,lower
glossy_synthetic,train,cat,rough_only,reflective_psnr,36.88422308649336,higher
glossy_synthetic,train,cat,rough_only,reflective_ssim,0.989500999982868,higher
glossy_synthetic,train,cat,rough_only,reflective_lpips,0.0187849057339397,lower
glossy_synthetic,train,cat,rough_only,reflective_region_psnr,28.029560089111328,higher
glossy_synthetic,train,cat,rough_only,full_psnr,35.88318872451782,higher
glossy_synthetic,train,cat,rough_only,full_ssim,0.9853117199880737,higher
glossy_synthetic,train,cat,rough_only,full_lpips,0.030163066478313,lower
glossy_synthetic,train,horse,base,mean_reflection_consistency,0.1993733793497085,lower
glossy_synthetic,train,horse,base,reflective_psnr,32.955077852521626,higher
glossy_synthetic,train,horse,base,reflective_ssim,0.980091870895454,higher
glossy_synthetic,train,horse,base,reflective_lpips,0.0174163100808592,lower
glossy_synthetic,train,horse,base,reflective_region_psnr,24.13563022613525,higher
glossy_synthetic,train,horse,base,full_psnr,30.47383063180106,higher
glossy_synthetic,train,horse,base,full_ssim,0.9692279866763523,higher
glossy_synthetic,train,horse,base,full_lpips,0.0293434990702995,lower
glossy_synthetic,train,horse,rc,mean_reflection_consistency,0.178480402380228,lower
glossy_synthetic,train,horse,rc,reflective_psnr,33.067918624196736,higher
glossy_synthetic,train,horse,rc,reflective_ssim,0.980128502207143,higher
glossy_synthetic,train,horse,rc,reflective_lpips,0.0175319924850815,lower
glossy_synthetic,train,horse,rc,reflective_region_psnr,24.25545234680176,higher
glossy_synthetic,train,horse,rc,full_psnr,30.506667528833663,higher
glossy_synthetic,train,horse,rc,full_ssim,0.969814194632428,higher
glossy_synthetic,train,horse,rc,full_lpips,0.0291160381498879,lower
glossy_synthetic,train,horse,wo_ref,mean_reflection_consistency,0.1957314908504486,lower
glossy_synthetic,train,horse,wo_ref,reflective_psnr,32.242526922907146,higher
glossy_synthetic,train,horse,wo_ref,reflective_ssim,0.9793699149574552,higher
glossy_synthetic,train,horse,wo_ref,reflective_lpips,0.0194963315817793,lower
glossy_synthetic,train,horse,wo_ref,reflective_region_psnr,23.41133346557617,higher
glossy_synthetic,train,horse,wo_ref,full_psnr,30.00146995271956,higher
glossy_synthetic,train,horse,wo_ref,full_ssim,0.96853007376194,higher
glossy_synthetic,train,horse,wo_ref,full_lpips,0.0315188622002356,lower
glossy_synthetic,train,horse,wo_conf,mean_reflection_consistency,0.1814376354217529,lower
glossy_synthetic,train,horse,wo_conf,reflective_psnr,32.720366512026104,higher
glossy_synthetic,train,horse,wo_conf,reflective_ssim,0.979630384594202,higher
glossy_synthetic,train,horse,wo_conf,reflective_lpips,0.0184268125615614,lower
glossy_synthetic,train,horse,wo_conf,reflective_region_psnr,24.006666946411134,higher
glossy_synthetic,train,horse,wo_conf,full_psnr,30.35312044620514,higher
glossy_synthetic,train,horse,wo_conf,full_ssim,0.968864472316844,higher
glossy_synthetic,train,horse,wo_conf,full_lpips,0.0303609776310622,lower
glossy_synthetic,train,horse,rough_only,mean_reflection_consistency,0.1980418115854263,lower
glossy_synthetic,train,horse,rough_only,reflective_psnr,32.58050959450858,higher
glossy_synthetic,train,horse,rough_only,reflective_ssim,0.9808108982230936,higher
glossy_synthetic,train,horse,rough_only,reflective_lpips,0.0172223605830887,lower
glossy_synthetic,train,horse,rough_only,reflective_region_psnr,23.90645294189453,higher
glossy_synthetic,train,horse,rough_only,full_psnr,30.46162848813193,higher
glossy_synthetic,train,horse,rough_only,full_ssim,0.9691522062889169,higher
glossy_synthetic,train,horse,rough_only,full_lpips,0.0298955312963309,lower
glossy_synthetic,train,luyu,base,mean_reflection_consistency,0.1188806600868701,lower
glossy_synthetic,train,luyu,base,reflective_psnr,33.95423786980765,higher
glossy_synthetic,train,luyu,base,reflective_ssim,0.9796441426234586,higher
glossy_synthetic,train,luyu,base,reflective_lpips,0.0195913613008867,lower
glossy_synthetic,train,luyu,base,reflective_region_psnr,25.514339637756347,higher
glossy_synthetic,train,luyu,base,full_psnr,32.07533998148782,higher
glossy_synthetic,train,luyu,base,full_ssim,0.966454624065331,higher
glossy_synthetic,train,luyu,base,full_lpips,0.0314378451855321,lower
glossy_synthetic,train,luyu,rc,mean_reflection_consistency,0.1100398741662502,lower
glossy_synthetic,train,luyu,rc,reflective_psnr,33.3053354876382,higher
glossy_synthetic,train,luyu,rc,reflective_ssim,0.9789685202496392,higher
glossy_synthetic,train,luyu,rc,reflective_lpips,0.0212975137983448,lower
glossy_synthetic,train,luyu,rc,reflective_region_psnr,24.71407489776612,higher
glossy_synthetic,train,luyu,rc,full_psnr,31.61531347887857,higher
glossy_synthetic,train,luyu,rc,full_ssim,0.9660793345953737,higher
glossy_synthetic,train,luyu,rc,full_lpips,0.0326743896751265,lower
glossy_synthetic,train,luyu,wo_ref,mean_reflection_consistency,0.1222952775657177,lower
glossy_synthetic,train,luyu,wo_ref,reflective_psnr,34.097303066934856,higher
glossy_synthetic,train,luyu,wo_ref,reflective_ssim,0.9801080647323812,higher
glossy_synthetic,train,luyu,wo_ref,reflective_lpips,0.0192210355307906,lower
glossy_synthetic,train,luyu,wo_ref,reflective_region_psnr,25.654272842407227,higher
glossy_synthetic,train,luyu,wo_ref,full_psnr,32.102201563971384,higher
glossy_synthetic,train,luyu,wo_ref,full_ssim,0.9665356650948524,higher
glossy_synthetic,train,luyu,wo_ref,full_lpips,0.031281597529804,lower
glossy_synthetic,train,luyu,wo_conf,mean_reflection_consistency,0.1096168525516986,lower
glossy_synthetic,train,luyu,wo_conf,reflective_psnr,33.61810239723751,higher
glossy_synthetic,train,luyu,wo_conf,reflective_ssim,0.9785392044910364,higher
glossy_synthetic,train,luyu,wo_conf,reflective_lpips,0.0209630046738311,lower
glossy_synthetic,train,luyu,wo_conf,reflective_region_psnr,25.221497535705566,higher
glossy_synthetic,train,luyu,wo_conf,full_psnr,31.85184618404933,higher
glossy_synthetic,train,luyu,wo_conf,full_ssim,0.9658277976725784,higher
glossy_synthetic,train,luyu,wo_conf,full_lpips,0.032344808219932,lower
glossy_synthetic,train,luyu,rough_only,mean_reflection_consistency,0.1204022161662578,lower
glossy_synthetic,train,luyu,rough_only,reflective_psnr,33.7397027185985,higher
glossy_synthetic,train,luyu,rough_only,reflective_ssim,0.9791939721575804,higher
glossy_synthetic,train,luyu,rough_only,reflective_lpips,0.0206093213969974,lower
glossy_synthetic,train,luyu,rough_only,reflective_region_psnr,25.31834316253662,higher
glossy_synthetic,train,luyu,rough_only,full_psnr,31.86562861715044,higher
glossy_synthetic,train,luyu,rough_only,full_ssim,0.9654750595135349,higher
glossy_synthetic,train,luyu,rough_only,full_lpips,0.0326713914816666,lower
glossy_synthetic,train,potion,base,mean_reflection_consistency,0.0924010790884494,lower
glossy_synthetic,train,potion,base,reflective_psnr,36.19237075533186,higher
glossy_synthetic,train,potion,base,reflective_ssim,0.9797775681529728,higher
glossy_synthetic,train,potion,base,reflective_lpips,0.0328107241408101,lower
glossy_synthetic,train,potion,base,reflective_region_psnr,29.079368019104,higher
glossy_synthetic,train,potion,base,full_psnr,34.99247983523777,higher
glossy_synthetic,train,potion,base,full_ssim,0.9744603293282644,higher
glossy_synthetic,train,potion,base,full_lpips,0.0493946124333888,lower
glossy_synthetic,train,potion,rc,mean_reflection_consistency,0.0871635764837265,lower
glossy_synthetic,train,potion,rc,reflective_psnr,36.31153321266174,higher
glossy_synthetic,train,potion,rc,reflective_ssim,0.9798827692866324,higher
glossy_synthetic,train,potion,rc,reflective_lpips,0.0320936947495543,lower
glossy_synthetic,train,potion,rc,reflective_region_psnr,29.33946208953857,higher
glossy_synthetic,train,potion,rc,full_psnr,35.19222099440439,higher
glossy_synthetic,train,potion,rc,full_ssim,0.9750580276761736,higher
glossy_synthetic,train,potion,rc,full_lpips,0.048408713856978,lower
glossy_synthetic,train,potion,wo_ref,mean_reflection_consistency,0.0920600324869155,lower
glossy_synthetic,train,potion,wo_ref,reflective_psnr,36.04801133700779,higher
glossy_synthetic,train,potion,wo_ref,reflective_ssim,0.979314211755991,higher
glossy_synthetic,train,potion,wo_ref,reflective_lpips,0.0327925332322982,lower
glossy_synthetic,train,potion,wo_ref,reflective_region_psnr,29.271531105041504,higher
glossy_synthetic,train,potion,wo_ref,full_psnr,34.98601012570517,higher
glossy_synthetic,train,potion,wo_ref,full_ssim,0.9742263864193644,higher
glossy_synthetic,train,potion,wo_ref,full_lpips,0.0499258520347731,lower
glossy_synthetic,train,potion,wo_conf,mean_reflection_consistency,0.0823602281510829,lower
glossy_synthetic,train,potion,wo_conf,reflective_psnr,36.03151154518128,higher
glossy_synthetic,train,potion,wo_conf,reflective_ssim,0.9786900973745756,higher
glossy_synthetic,train,potion,wo_conf,reflective_lpips,0.0349031836127064,lower
glossy_synthetic,train,potion,wo_conf,reflective_region_psnr,29.058702087402345,higher
glossy_synthetic,train,potion,wo_conf,full_psnr,34.90818759373256,higher
glossy_synthetic,train,potion,wo_conf,full_ssim,0.9732388550681728,higher
glossy_synthetic,train,potion,wo_conf,full_lpips,0.0520599087633724,lower
glossy_synthetic,train,potion,rough_only,mean_reflection_consistency,0.0931119829416275,lower
glossy_synthetic,train,potion,rough_only,reflective_psnr,36.101957593645366,higher
glossy_synthetic,train,potion,rough_only,reflective_ssim,0.9794507777052266,higher
glossy_synthetic,train,potion,rough_only,reflective_lpips,0.033674003190494,lower
glossy_synthetic,train,potion,rough_only,reflective_region_psnr,29.025543212890625,higher
glossy_synthetic,train,potion,rough_only,full_psnr,35.05583388464792,higher
glossy_synthetic,train,potion,rough_only,full_ssim,0.9739726835063526,higher
glossy_synthetic,train,potion,rough_only,full_lpips,0.0515643032600304,lower
glossy_synthetic,train,tbell,base,mean_reflection_consistency,0.2808011561632156,lower
glossy_synthetic,train,tbell,base,reflective_psnr,34.00247841221945,higher
glossy_synthetic,train,tbell,base,reflective_ssim,0.9790906640035766,higher
glossy_synthetic,train,tbell,base,reflective_lpips,0.0259363891922735,lower
glossy_synthetic,train,tbell,base,reflective_region_psnr,27.632582473754884,higher
glossy_synthetic,train,tbell,base,full_psnr,33.503919754709514,higher
glossy_synthetic,train,tbell,base,full_ssim,0.9773495623043604,higher
glossy_synthetic,train,tbell,base,full_lpips,0.0321990284802658,lower
glossy_synthetic,train,tbell,rc,mean_reflection_consistency,0.2262924328446388,lower
glossy_synthetic,train,tbell,rc,reflective_psnr,33.86807264600481,higher
glossy_synthetic,train,tbell,rc,reflective_ssim,0.9787795426590102,higher
glossy_synthetic,train,tbell,rc,reflective_lpips,0.0262398487123261,lower
glossy_synthetic,train,tbell,rc,reflective_region_psnr,27.312349319458008,higher
glossy_synthetic,train,tbell,rc,full_psnr,33.58587271826608,higher
glossy_synthetic,train,tbell,rc,full_ssim,0.977724187608276,higher
glossy_synthetic,train,tbell,rc,full_lpips,0.0312498442695609,lower
glossy_synthetic,train,tbell,wo_ref,mean_reflection_consistency,0.2685814380645752,lower
glossy_synthetic,train,tbell,wo_ref,reflective_psnr,33.75583803653717,higher
glossy_synthetic,train,tbell,wo_ref,reflective_ssim,0.9776400088199548,higher
glossy_synthetic,train,tbell,wo_ref,reflective_lpips,0.0281978097544716,lower
glossy_synthetic,train,tbell,wo_ref,reflective_region_psnr,27.079141235351564,higher
glossy_synthetic,train,tbell,wo_ref,full_psnr,33.35816713741848,higher
glossy_synthetic,train,tbell,wo_ref,full_ssim,0.976229769310781,higher
glossy_synthetic,train,tbell,wo_ref,full_lpips,0.0341686506123681,lower
glossy_synthetic,train,tbell,wo_conf,mean_reflection_consistency,0.2394204065203666,lower
glossy_synthetic,train,tbell,wo_conf,reflective_psnr,33.845629589898245,higher
glossy_synthetic,train,tbell,wo_conf,reflective_ssim,0.9785033932753971,higher
glossy_synthetic,train,tbell,wo_conf,reflective_lpips,0.0266861217761678,lower
glossy_synthetic,train,tbell,wo_conf,reflective_region_psnr,27.229942321777344,higher
glossy_synthetic,train,tbell,wo_conf,full_psnr,33.460986154420034,higher
glossy_synthetic,train,tbell,wo_conf,full_ssim,0.9771923848560878,higher
glossy_synthetic,train,tbell,wo_conf,full_lpips,0.032538780194175,lower
glossy_synthetic,train,tbell,rough_only,mean_reflection_consistency,0.2776206701993942,lower
glossy_synthetic,train,tbell,rough_only,reflective_psnr,33.65329018660954,higher
glossy_synthetic,train,tbell,rough_only,reflective_ssim,0.9782428789351668,higher
glossy_synthetic,train,tbell,rough_only,reflective_lpips,0.0271110051876998,lower
glossy_synthetic,train,tbell,rough_only,reflective_region_psnr,27.06384391784668,higher
glossy_synthetic,train,tbell,rough_only,full_psnr,33.399973443576265,higher
glossy_synthetic,train,tbell,rough_only,full_ssim,0.976953015795776,higher
glossy_synthetic,train,tbell,rough_only,full_lpips,0.0327598777366802,lower
glossy_synthetic,train,teapot,base,mean_reflection_consistency,0.3351043462753296,lower
glossy_synthetic,train,teapot,base,reflective_psnr,30.510475516319275,higher
glossy_synthetic,train,teapot,base,reflective_ssim,0.9712742785257952,higher
glossy_synthetic,train,teapot,base,reflective_lpips,0.0329098770328398,lower
glossy_synthetic,train,teapot,base,reflective_region_psnr,23.052289962768555,higher
glossy_synthetic,train,teapot,base,full_psnr,29.86964590208871,higher
glossy_synthetic,train,teapot,base,full_ssim,0.9682701075715678,higher
glossy_synthetic,train,teapot,base,full_lpips,0.0385867910060499,lower
glossy_synthetic,train,teapot,rc,mean_reflection_consistency,0.2942800536751747,lower
glossy_synthetic,train,teapot,rc,reflective_psnr,30.47585414137159,higher
glossy_synthetic,train,teapot,rc,reflective_ssim,0.971477758139372,higher
glossy_synthetic,train,teapot,rc,reflective_lpips,0.0330767084877671,lower
glossy_synthetic,train,teapot,rc,reflective_region_psnr,22.8585039138794,higher
glossy_synthetic,train,teapot,rc,full_psnr,30.01481435980116,higher
glossy_synthetic,train,teapot,rc,full_ssim,0.9691854135266372,higher
glossy_synthetic,train,teapot,rc,full_lpips,0.0383540912797408,lower
glossy_synthetic,train,teapot,wo_ref,mean_reflection_consistency,0.3273869693279266,lower
glossy_synthetic,train,teapot,wo_ref,reflective_psnr,30.72246822289058,higher
glossy_synthetic,train,teapot,wo_ref,reflective_ssim,0.9718835917966706,higher
glossy_synthetic,train,teapot,wo_ref,reflective_lpips,0.0325506400882399,lower
glossy_synthetic,train,teapot,wo_ref,reflective_region_psnr,22.96704692840576,higher
glossy_synthetic,train,teapot,wo_ref,full_psnr,29.997337307248795,higher
glossy_synthetic,train,teapot,wo_ref,full_ssim,0.968896571546793,higher
glossy_synthetic,train,teapot,wo_ref,full_lpips,0.0379285584536514,lower
glossy_synthetic,train,teapot,wo_conf,mean_reflection_consistency,0.2990034148097038,lower
glossy_synthetic,train,teapot,wo_conf,reflective_psnr,30.74776879378728,higher
glossy_synthetic,train,teapot,wo_conf,reflective_ssim,0.9716809998665538,higher
glossy_synthetic,train,teapot,wo_conf,reflective_lpips,0.0331449955369212,lower
glossy_synthetic,train,teapot,wo_conf,reflective_region_psnr,23.02075500488281,higher
glossy_synthetic,train,teapot,wo_conf,full_psnr,29.825058221817017,higher
glossy_synthetic,train,teapot,wo_conf,full_ssim,0.9682536875563008,higher
glossy_synthetic,train,teapot,wo_conf,full_lpips,0.0389804316884172,lower
glossy_synthetic,train,teapot,rough_only,mean_reflection_consistency,0.3256653338670731,lower
glossy_synthetic,train,teapot,rough_only,reflective_psnr,30.47533690929413,higher
glossy_synthetic,train,teapot,rough_only,reflective_ssim,0.971174660537924,higher
glossy_synthetic,train,teapot,rough_only,reflective_lpips,0.0333432874675574,lower
glossy_synthetic,train,teapot,rough_only,reflective_region_psnr,22.86170864105225,higher
glossy_synthetic,train,teapot,rough_only,full_psnr,29.88680076599121,higher
glossy_synthetic,train,teapot,rough_only,full_ssim,0.9683523417583534,higher
glossy_synthetic,train,teapot,rough_only,full_lpips,0.0388040693110919,lower
glossy_synthetic,test,angel,base,mean_reflection_consistency,0.1224045969545841,lower
glossy_synthetic,test,angel,base,reflective_psnr,31.02737820148468,higher
glossy_synthetic,test,angel,base,reflective_ssim,0.9697593972086906,higher
glossy_synthetic,test,angel,base,reflective_lpips,0.0227484803763218,lower
glossy_synthetic,test,angel,base,reflective_region_psnr,22.186219787597658,higher
glossy_synthetic,test,angel,base,full_psnr,29.736383318901066,higher
glossy_synthetic,test,angel,base,full_ssim,0.9514805562794209,higher
glossy_synthetic,test,angel,base,full_lpips,0.0395800936967134,lower
glossy_synthetic,test,angel,rc,mean_reflection_consistency,0.1077954076230525,lower
glossy_synthetic,test,angel,rc,reflective_psnr,31.093984007835388,higher
glossy_synthetic,test,angel,rc,reflective_ssim,0.9696534723043442,higher
glossy_synthetic,test,angel,rc,reflective_lpips,0.022523145424202,lower
glossy_synthetic,test,angel,rc,reflective_region_psnr,22.699249267578125,higher
glossy_synthetic,test,angel,rc,full_psnr,29.881834983825684,higher
glossy_synthetic,test,angel,rc,full_ssim,0.9524393528699876,higher
glossy_synthetic,test,angel,rc,full_lpips,0.0393520023208111,lower
glossy_synthetic,test,angel,wo_ref,mean_reflection_consistency,0.1236945025622844,lower
glossy_synthetic,test,angel,wo_ref,reflective_psnr,31.33213770389557,higher
glossy_synthetic,test,angel,wo_ref,reflective_ssim,0.971696510910988,higher
glossy_synthetic,test,angel,wo_ref,reflective_lpips,0.0216047034482471,lower
glossy_synthetic,test,angel,wo_ref,reflective_region_psnr,22.452810096740723,higher
glossy_synthetic,test,angel,wo_ref,full_psnr,29.867521286010746,higher
glossy_synthetic,test,angel,wo_ref,full_ssim,0.952394612133503,higher
glossy_synthetic,test,angel,wo_ref,full_lpips,0.0393029106780886,lower
glossy_synthetic,test,angel,wo_conf,mean_reflection_consistency,0.1122384257614612,lower
glossy_synthetic,test,angel,wo_conf,reflective_psnr,31.226865768432617,higher
glossy_synthetic,test,angel,wo_conf,reflective_ssim,0.9701294265687466,higher
glossy_synthetic,test,angel,wo_conf,reflective_lpips,0.0225639516720548,lower
glossy_synthetic,test,angel,wo_conf,reflective_region_psnr,22.418060111999512,higher
glossy_synthetic,test,angel,wo_conf,full_psnr,29.8094334602356,higher
glossy_synthetic,test,angel,wo_conf,full_ssim,0.9516350738704203,higher
glossy_synthetic,test,angel,wo_conf,full_lpips,0.0394022548571229,lower
glossy_synthetic,test,angel,rough_only,mean_reflection_consistency,0.1221361257135868,lower
glossy_synthetic,test,angel,rough_only,reflective_psnr,30.950470328331,higher
glossy_synthetic,test,angel,rough_only,reflective_ssim,0.9699157811701298,higher
glossy_synthetic,test,angel,rough_only,reflective_lpips,0.0225148928002454,lower
glossy_synthetic,test,angel,rough_only,reflective_region_psnr,22.239760971069337,higher
glossy_synthetic,test,angel,rough_only,full_psnr,29.72672843933105,higher
glossy_synthetic,test,angel,rough_only,full_ssim,0.9512455835938454,higher
glossy_synthetic,test,angel,rough_only,full_lpips,0.0400116737000644,lower
glossy_synthetic,test,bell,base,mean_reflection_consistency,0.109719630330801,lower
glossy_synthetic,test,bell,base,reflective_psnr,32.164868116378784,higher
glossy_synthetic,test,bell,base,reflective_ssim,0.9666688106954098,higher
glossy_synthetic,test,bell,base,reflective_lpips,0.0347917609615251,lower
glossy_synthetic,test,bell,base,reflective_region_psnr,25.546735572814946,higher
glossy_synthetic,test,bell,base,full_psnr,31.637834668159485,higher
glossy_synthetic,test,bell,base,full_ssim,0.9630710706114768,higher
glossy_synthetic,test,bell,base,full_lpips,0.0417090912815183,lower
glossy_synthetic,test,bell,rc,mean_reflection_consistency,0.1077431581914424,lower
glossy_synthetic,test,bell,rc,reflective_psnr,32.3101943731308,higher
glossy_synthetic,test,bell,rc,reflective_ssim,0.9678541906177998,higher
glossy_synthetic,test,bell,rc,reflective_lpips,0.0321149375522509,lower
glossy_synthetic,test,bell,rc,reflective_region_psnr,25.735924339294435,higher
glossy_synthetic,test,bell,rc,full_psnr,31.77191960811615,higher
glossy_synthetic,test,bell,rc,full_ssim,0.964034728705883,higher
glossy_synthetic,test,bell,rc,full_lpips,0.0390872552525252,lower
glossy_synthetic,test,bell,wo_ref,mean_reflection_consistency,0.1117969542741775,lower
glossy_synthetic,test,bell,wo_ref,reflective_psnr,32.21199142932892,higher
glossy_synthetic,test,bell,wo_ref,reflective_ssim,0.9672134891152382,higher
glossy_synthetic,test,bell,wo_ref,reflective_lpips,0.0345979082630947,lower
glossy_synthetic,test,bell,wo_ref,reflective_region_psnr,25.678668403625487,higher
glossy_synthetic,test,bell,wo_ref,full_psnr,31.574255228042603,higher
glossy_synthetic,test,bell,wo_ref,full_ssim,0.962655782699585,higher
glossy_synthetic,test,bell,wo_ref,full_lpips,0.0421106903813779,lower
glossy_synthetic,test,bell,wo_conf,mean_reflection_consistency,0.1128917135298252,lower
glossy_synthetic,test,bell,wo_conf,reflective_psnr,32.16130459308624,higher
glossy_synthetic,test,bell,wo_conf,reflective_ssim,0.9663661271333694,higher
glossy_synthetic,test,bell,wo_conf,reflective_lpips,0.0350380272138863,lower
glossy_synthetic,test,bell,wo_conf,reflective_region_psnr,25.57769222259521,higher
glossy_synthetic,test,bell,wo_conf,full_psnr,31.643195748329163,higher
glossy_synthetic,test,bell,wo_conf,full_ssim,0.9627358689904212,higher
glossy_synthetic,test,bell,wo_conf,full_lpips,0.0418135710060596,lower
glossy_synthetic,test,bell,rough_only,mean_reflection_consistency,0.1119254238903522,lower
glossy_synthetic,test,bell,rough_only,reflective_psnr,32.194119930267334,higher
glossy_synthetic,test,bell,rough_only,reflective_ssim,0.9673179164528848,higher
glossy_synthetic,test,bell,rough_only,reflective_lpips,0.0348353659501299,lower
glossy_synthetic,test,bell,rough_only,reflective_region_psnr,25.62972640991211,higher
glossy_synthetic,test,bell,rough_only,full_psnr,31.678028106689453,higher
glossy_synthetic,test,bell,rough_only,full_ssim,0.9633947797119616,higher
glossy_synthetic,test,bell,rough_only,full_lpips,0.0416685105301439,lower
glossy_synthetic,test,cat,base,mean_reflection_consistency,0.156605814397335,lower
glossy_synthetic,test,cat,base,reflective_psnr,34.4962375164032,higher
glossy_synthetic,test,cat,base,reflective_ssim,0.9824726916849612,higher
glossy_synthetic,test,cat,base,reflective_lpips,0.0237028880510479,lower
glossy_synthetic,test,cat,base,reflective_region_psnr,27.2645055770874,higher
glossy_synthetic,test,cat,base,full_psnr,33.29552483558655,higher
glossy_synthetic,test,cat,base,full_ssim,0.974674727767706,higher
glossy_synthetic,test,cat,base,full_lpips,0.0384301677113398,lower
glossy_synthetic,test,cat,rc,mean_reflection_consistency,0.1497700244188308,lower
glossy_synthetic,test,cat,rc,reflective_psnr,33.952213168144226,higher
glossy_synthetic,test,cat,rc,reflective_ssim,0.9805249124765396,higher
glossy_synthetic,test,cat,rc,reflective_lpips,0.0251582667697221,lower
glossy_synthetic,test,cat,rc,reflective_region_psnr,26.788152313232423,higher
glossy_synthetic,test,cat,rc,full_psnr,33.0527685880661,higher
glossy_synthetic,test,cat,rc,full_ssim,0.974432148039341,higher
glossy_synthetic,test,cat,rc,full_lpips,0.0385905808070674,lower
glossy_synthetic,test,cat,wo_ref,mean_reflection_consistency,0.1589445292949676,lower
glossy_synthetic,test,cat,wo_ref,reflective_psnr,34.25523626804352,higher
glossy_synthetic,test,cat,wo_ref,reflective_ssim,0.9826172217726707,higher
glossy_synthetic,test,cat,wo_ref,reflective_lpips,0.0236771934432908,lower
glossy_synthetic,test,cat,wo_ref,reflective_region_psnr,26.87231731414795,higher
glossy_synthetic,test,cat,wo_ref,full_psnr,32.86723029613495,higher
glossy_synthetic,test,cat,wo_ref,full_ssim,0.9736723229289056,higher
glossy_synthetic,test,cat,wo_ref,full_lpips,0.0398700373480096,lower
glossy_synthetic,test,cat,wo_conf,mean_reflection_consistency,0.1544108361005783,lower
glossy_synthetic,test,cat,wo_conf,reflective_psnr,34.46707510948181,higher
glossy_synthetic,test,cat,wo_conf,reflective_ssim,0.9831671379506588,higher
glossy_synthetic,test,cat,wo_conf,reflective_lpips,0.0223840569378808,lower
glossy_synthetic,test,cat,wo_conf,reflective_region_psnr,27.06930446624756,higher
glossy_synthetic,test,cat,wo_conf,full_psnr,32.92733561992645,higher
glossy_synthetic,test,cat,wo_conf,full_ssim,0.9739789329469204,higher
glossy_synthetic,test,cat,wo_conf,full_lpips,0.0390330023365095,lower
glossy_synthetic,test,cat,rough_only,mean_reflection_consistency,0.1579545751214027,lower
glossy_synthetic,test,cat,rough_only,reflective_psnr,34.3738865852356,higher
glossy_synthetic,test,cat,rough_only,reflective_ssim,0.9822088107466698,higher
glossy_synthetic,test,cat,rough_only,reflective_lpips,0.0241583411116153,lower
glossy_synthetic,test,cat,rough_only,reflective_region_psnr,27.137519454956056,higher
glossy_synthetic,test,cat,rough_only,full_psnr,33.098987460136414,higher
glossy_synthetic,test,cat,rough_only,full_ssim,0.9745397232472895,higher
glossy_synthetic,test,cat,rough_only,full_lpips,0.0388774899765849,lower
glossy_synthetic,test,horse,base,mean_reflection_consistency,0.2250296831130981,lower
glossy_synthetic,test,horse,base,reflective_psnr,30.423553824424744,higher
glossy_synthetic,test,horse,base,reflective_ssim,0.9688311144709588,higher
glossy_synthetic,test,horse,base,reflective_lpips,0.0251725682755932,lower
glossy_synthetic,test,horse,base,reflective_region_psnr,22.16110363006592,higher
glossy_synthetic,test,horse,base,full_psnr,27.62704145908356,higher
glossy_synthetic,test,horse,base,full_ssim,0.9448911026120186,higher
glossy_synthetic,test,horse,base,full_lpips,0.0380590773420408,lower
glossy_synthetic,test,horse,rc,mean_reflection_consistency,0.1946511507034301,lower
glossy_synthetic,test,horse,rc,reflective_psnr,30.55985558032989,higher
glossy_synthetic,test,horse,rc,reflective_ssim,0.9683698453009127,higher
glossy_synthetic,test,horse,rc,reflective_lpips,0.0254740713280625,lower
glossy_synthetic,test,horse,rc,reflective_region_psnr,22.394418716430664,higher
glossy_synthetic,test,horse,rc,full_psnr,27.702359437942505,higher
glossy_synthetic,test,horse,rc,full_ssim,0.9454795122146606,higher
glossy_synthetic,test,horse,rc,full_lpips,0.0376860084943473,lower
glossy_synthetic,test,horse,wo_ref,mean_reflection_consistency,0.2232219293713569,lower
glossy_synthetic,test,horse,wo_ref,reflective_psnr,30.09772682189941,higher
glossy_synthetic,test,horse,wo_ref,reflective_ssim,0.9682388231158257,higher
glossy_synthetic,test,horse,wo_ref,reflective_lpips,0.0273149516433477,lower
glossy_synthetic,test,horse,wo_ref,reflective_region_psnr,22.0252893447876,higher
glossy_synthetic,test,horse,wo_ref,full_psnr,27.470797419548035,higher
glossy_synthetic,test,horse,wo_ref,full_ssim,0.9444305635988712,higher
glossy_synthetic,test,horse,wo_ref,full_lpips,0.0398575395811349,lower
glossy_synthetic,test,horse,wo_conf,mean_reflection_consistency,0.2074032217264175,lower
glossy_synthetic,test,horse,wo_conf,reflective_psnr,30.356438159942627,higher
glossy_synthetic,test,horse,wo_conf,reflective_ssim,0.9686231166124344,higher
glossy_synthetic,test,horse,wo_conf,reflective_lpips,0.025958523270674,lower
glossy_synthetic,test,horse,wo_conf,reflective_region_psnr,22.150599098205568,higher
glossy_synthetic,test,horse,wo_conf,full_psnr,27.64814138412476,higher
glossy_synthetic,test,horse,wo_conf,full_ssim,0.945021454244852,higher
glossy_synthetic,test,horse,wo_conf,full_lpips,0.0387174085481092,lower
glossy_synthetic,test,horse,rough_only,mean_reflection_consistency,0.2221041172742843,lower
glossy_synthetic,test,horse,rough_only,reflective_psnr,30.05325877666473,higher
glossy_synthetic,test,horse,rough_only,reflective_ssim,0.9693291038274764,higher
glossy_synthetic,test,horse,rough_only,reflective_lpips,0.0243693813681602,lower
glossy_synthetic,test,horse,rough_only,reflective_region_psnr,22.025045585632324,higher
glossy_synthetic,test,horse,rough_only,full_psnr,27.683650493621823,higher
glossy_synthetic,test,horse,rough_only,full_ssim,0.9451914578676224,higher
glossy_synthetic,test,horse,rough_only,full_lpips,0.0381889099953696,lower
glossy_synthetic,test,luyu,base,mean_reflection_consistency,0.1244205117225647,lower
glossy_synthetic,test,luyu,base,reflective_psnr,31.369457006454468,higher
glossy_synthetic,test,luyu,base,reflective_ssim,0.9687906429171562,higher
glossy_synthetic,test,luyu,base,reflective_lpips,0.0247649874072521,lower
glossy_synthetic,test,luyu,base,reflective_region_psnr,23.33660182952881,higher
glossy_synthetic,test,luyu,base,full_psnr,29.47779715061188,higher
glossy_synthetic,test,luyu,base,full_ssim,0.947934940457344,higher
glossy_synthetic,test,luyu,base,full_lpips,0.037568500265479,lower
glossy_synthetic,test,luyu,rc,mean_reflection_consistency,0.1195022352039814,lower
glossy_synthetic,test,luyu,rc,reflective_psnr,30.713675141334534,higher
glossy_synthetic,test,luyu,rc,reflective_ssim,0.9677977859973907,higher
glossy_synthetic,test,luyu,rc,reflective_lpips,0.0271824040682986,lower
glossy_synthetic,test,luyu,rc,reflective_region_psnr,22.59705638885498,higher
glossy_synthetic,test,luyu,rc,full_psnr,29.056204080581665,higher
glossy_synthetic,test,luyu,rc,full_ssim,0.9479799754917622,higher
glossy_synthetic,test,luyu,rc,full_lpips,0.0391065921867266,lower
glossy_synthetic,test,luyu,wo_ref,mean_reflection_consistency,0.1295338213443756,lower
glossy_synthetic,test,luyu,wo_ref,reflective_psnr,31.42476427555084,higher
glossy_synthetic,test,luyu,wo_ref,reflective_ssim,0.9692122228443624,higher
glossy_synthetic,test,luyu,wo_ref,reflective_lpips,0.0244530991185456,lower
glossy_synthetic,test,luyu,wo_ref,reflective_region_psnr,23.29527187347412,higher
glossy_synthetic,test,luyu,wo_ref,full_psnr,29.47066342830658,higher
glossy_synthetic,test,luyu,wo_ref,full_ssim,0.9482258781790732,higher
glossy_synthetic,test,luyu,wo_ref,full_lpips,0.0372335811844095,lower
glossy_synthetic,test,luyu,wo_conf,mean_reflection_consistency,0.1201612651348114,lower
glossy_synthetic,test,luyu,wo_conf,reflective_psnr,31.102599024772644,higher
glossy_synthetic,test,luyu,wo_conf,reflective_ssim,0.9676886014640332,higher
glossy_synthetic,test,luyu,wo_conf,reflective_lpips,0.0262510775355622,lower
glossy_synthetic,test,luyu,wo_conf,reflective_region_psnr,22.987455940246583,higher
glossy_synthetic,test,luyu,wo_conf,full_psnr,29.30137956142425,higher
glossy_synthetic,test,luyu,wo_conf,full_ssim,0.9474608153104782,higher
glossy_synthetic,test,luyu,wo_conf,full_lpips,0.0384625310543924,lower
glossy_synthetic,test,luyu,rough_only,mean_reflection_consistency,0.1268406495451927,lower
glossy_synthetic,test,luyu,rough_only,reflective_psnr,31.206926226615906,higher
glossy_synthetic,test,luyu,rough_only,reflective_ssim,0.9683474078774452,higher
glossy_synthetic,test,luyu,rough_only,reflective_lpips,0.0256731513654813,lower
glossy_synthetic,test,luyu,rough_only,reflective_region_psnr,23.070027923583982,higher
glossy_synthetic,test,luyu,rough_only,full_psnr,29.3167017698288,higher
glossy_synthetic,test,luyu,rough_only,full_ssim,0.9471549428999424,higher
glossy_synthetic,test,luyu,rough_only,full_lpips,0.0384924695827066,lower
glossy_synthetic,test,potion,base,mean_reflection_consistency,0.0858457002788782,lower
glossy_synthetic,test,potion,base,reflective_psnr,34.02612376213074,higher
glossy_synthetic,test,potion,base,reflective_ssim,0.9720447063446044,higher
glossy_synthetic,test,potion,base,reflective_lpips,0.0395058401627466,lower
glossy_synthetic,test,potion,base,reflective_region_psnr,27.773388862609863,higher
glossy_synthetic,test,potion,base,full_psnr,32.73419630527496,higher
glossy_synthetic,test,potion,base,full_ssim,0.9625495113432408,higher
glossy_synthetic,test,potion,base,full_lpips,0.0588522602338343,lower
glossy_synthetic,test,potion,rc,mean_reflection_consistency,0.08339374512434,lower
glossy_synthetic,test,potion,rc,reflective_psnr,34.19976258277893,higher
glossy_synthetic,test,potion,rc,reflective_ssim,0.9723633788526058,higher
glossy_synthetic,test,potion,rc,reflective_lpips,0.0392893520183861,lower
glossy_synthetic,test,potion,rc,reflective_region_psnr,28.10766887664795,higher
glossy_synthetic,test,potion,rc,full_psnr,32.87587833404541,higher
glossy_synthetic,test,potion,rc,full_ssim,0.9635882936418056,higher
glossy_synthetic,test,potion,rc,full_lpips,0.0569856108631938,lower
glossy_synthetic,test,potion,wo_ref,mean_reflection_consistency,0.0851301420480012,lower
glossy_synthetic,test,potion,wo_ref,reflective_psnr,33.807382225990295,higher
glossy_synthetic,test,potion,wo_ref,reflective_ssim,0.9710056222975254,higher
glossy_synthetic,test,potion,wo_ref,reflective_lpips,0.0393853562418371,lower
glossy_synthetic,test,potion,wo_ref,reflective_region_psnr,27.63684673309326,higher
glossy_synthetic,test,potion,wo_ref,full_psnr,32.6298588514328,higher
glossy_synthetic,test,potion,wo_ref,full_ssim,0.962023414671421,higher
glossy_synthetic,test,potion,wo_ref,full_lpips,0.0590314082801342,lower
glossy_synthetic,test,potion,wo_conf,mean_reflection_consistency,0.0783917885273695,lower
glossy_synthetic,test,potion,wo_conf,reflective_psnr,33.85101044178009,higher
glossy_synthetic,test,potion,wo_conf,reflective_ssim,0.970986545085907,higher
glossy_synthetic,test,potion,wo_conf,reflective_lpips,0.0415460877120494,lower
glossy_synthetic,test,potion,wo_conf,reflective_region_psnr,27.70726585388184,higher
glossy_synthetic,test,potion,wo_conf,full_psnr,32.64493119716644,higher
glossy_synthetic,test,potion,wo_conf,full_ssim,0.9612923823297024,higher
glossy_synthetic,test,potion,wo_conf,full_lpips,0.0612347039859741,lower
glossy_synthetic,test,potion,rough_only,mean_reflection_consistency,0.0853285644203424,lower
glossy_synthetic,test,potion,rough_only,reflective_psnr,33.911728858947754,higher
glossy_synthetic,test,potion,rough_only,reflective_ssim,0.9716345518827438,higher
glossy_synthetic,test,potion,rough_only,reflective_lpips,0.0394600396975874,lower
glossy_synthetic,test,potion,rough_only,reflective_region_psnr,27.66260795593261,higher
glossy_synthetic,test,potion,rough_only,full_psnr,32.74109601974487,higher
glossy_synthetic,test,potion,rough_only,full_ssim,0.9621234461665154,higher
glossy_synthetic,test,potion,rough_only,full_lpips,0.0601726914756,lower
glossy_synthetic,test,tbell,base,mean_reflection_consistency,0.3169427782297134,lower
glossy_synthetic,test,tbell,base,reflective_psnr,30.948215126991272,higher
glossy_synthetic,test,tbell,base,reflective_ssim,0.9675749987363816,higher
glossy_synthetic,test,tbell,base,reflective_lpips,0.0350554075557738,lower
glossy_synthetic,test,tbell,base,reflective_region_psnr,25.76476020812988,higher
glossy_synthetic,test,tbell,base,full_psnr,30.423270106315613,higher
glossy_synthetic,test,tbell,base,full_ssim,0.9641860984265804,higher
glossy_synthetic,test,tbell,base,full_lpips,0.0423441501334309,lower
glossy_synthetic,test,tbell,rc,mean_reflection_consistency,0.2604417517781258,lower
glossy_synthetic,test,tbell,rc,reflective_psnr,30.97561180591584,higher
glossy_synthetic,test,tbell,rc,reflective_ssim,0.967334058135748,higher
glossy_synthetic,test,tbell,rc,reflective_lpips,0.0351045749848708,lower
glossy_synthetic,test,tbell,rc,reflective_region_psnr,25.88907070159912,higher
glossy_synthetic,test,tbell,rc,full_psnr,30.662683725357056,higher
glossy_synthetic,test,tbell,rc,full_ssim,0.964991107583046,higher
glossy_synthetic,test,tbell,rc,full_lpips,0.0412571588531136,lower
glossy_synthetic,test,tbell,wo_ref,mean_reflection_consistency,0.3090794920921326,lower
glossy_synthetic,test,tbell,wo_ref,reflective_psnr,31.15042698383332,higher
glossy_synthetic,test,tbell,wo_ref,reflective_ssim,0.9670906402170658,higher
glossy_synthetic,test,tbell,wo_ref,reflective_lpips,0.0360396899050101,lower
glossy_synthetic,test,tbell,wo_ref,reflective_region_psnr,25.925282859802245,higher
glossy_synthetic,test,tbell,wo_ref,full_psnr,30.67112278938293,higher
glossy_synthetic,test,tbell,wo_ref,full_ssim,0.9641624055802822,higher
glossy_synthetic,test,tbell,wo_ref,full_lpips,0.0432726014405489,lower
glossy_synthetic,test,tbell,wo_conf,mean_reflection_consistency,0.2782286584377288,lower
glossy_synthetic,test,tbell,wo_conf,reflective_psnr,30.98583495616913,higher
glossy_synthetic,test,tbell,wo_conf,reflective_ssim,0.9678497165441512,higher
glossy_synthetic,test,tbell,wo_conf,reflective_lpips,0.0338687777984887,lower
glossy_synthetic,test,tbell,wo_conf,reflective_region_psnr,25.87096767425537,higher
glossy_synthetic,test,tbell,wo_conf,full_psnr,30.59528350830078,higher
glossy_synthetic,test,tbell,wo_conf,full_ssim,0.9648824259638786,higher
glossy_synthetic,test,tbell,wo_conf,full_lpips,0.0412438341882079,lower
glossy_synthetic,test,tbell,rough_only,mean_reflection_consistency,0.3186626702547073,lower
glossy_synthetic,test,tbell,rough_only,reflective_psnr,30.96902620792389,higher
glossy_synthetic,test,tbell,rough_only,reflective_ssim,0.9671381674706936,higher
glossy_synthetic,test,tbell,rough_only,reflective_lpips,0.0351635989500209,lower
glossy_synthetic,test,tbell,rough_only,reflective_region_psnr,25.775622177124024,higher
glossy_synthetic,test,tbell,rough_only,full_psnr,30.67210412025452,higher
glossy_synthetic,test,tbell,rough_only,full_ssim,0.9646560847759248,higher
glossy_synthetic,test,tbell,rough_only,full_lpips,0.0421135777141898,lower
glossy_synthetic,test,teapot,base,mean_reflection_consistency,0.2959328785538673,lower
glossy_synthetic,test,teapot,base,reflective_psnr,27.20156443119049,higher
glossy_synthetic,test,teapot,base,reflective_ssim,0.9512129202485085,higher
glossy_synthetic,test,teapot,base,reflective_lpips,0.0438581835478544,lower
glossy_synthetic,test,teapot,base,reflective_region_psnr,20.463845634460448,higher
glossy_synthetic,test,teapot,base,full_psnr,26.58281433582306,higher
glossy_synthetic,test,teapot,base,full_ssim,0.9448713436722757,higher
glossy_synthetic,test,teapot,base,full_lpips,0.0511018079705536,lower
glossy_synthetic,test,teapot,rc,mean_reflection_consistency,0.2524333536624908,lower
glossy_synthetic,test,teapot,rc,reflective_psnr,27.20884656906128,higher
glossy_synthetic,test,teapot,rc,reflective_ssim,0.951549157500267,higher
glossy_synthetic,test,teapot,rc,reflective_lpips,0.0430140802636742,lower
glossy_synthetic,test,teapot,rc,reflective_region_psnr,20.661319732666016,higher
glossy_synthetic,test,teapot,rc,full_psnr,26.751352787017822,higher
glossy_synthetic,test,teapot,rc,full_ssim,0.9467399902641772,higher
glossy_synthetic,test,teapot,rc,full_lpips,0.0500873576384037,lower
glossy_synthetic,test,teapot,wo_ref,mean_reflection_consistency,0.2975952297449112,lower
glossy_synthetic,test,teapot,wo_ref,reflective_psnr,27.44669091701508,higher
glossy_synthetic,test,teapot,wo_ref,reflective_ssim,0.9529455937445164,higher
glossy_synthetic,test,teapot,wo_ref,reflective_lpips,0.042050453601405,lower
glossy_synthetic,test,teapot,wo_ref,reflective_region_psnr,20.604636192321777,higher
glossy_synthetic,test,teapot,wo_ref,full_psnr,26.75736463069916,higher
glossy_synthetic,test,teapot,wo_ref,full_ssim,0.9463091604411602,higher
glossy_synthetic,test,teapot,wo_ref,full_lpips,0.0496351581532508,lower
glossy_synthetic,test,teapot,wo_conf,mean_reflection_consistency,0.2744048878550529,lower
glossy_synthetic,test,teapot,wo_conf,reflective_psnr,27.287578344345093,higher
glossy_synthetic,test,teapot,wo_conf,reflective_ssim,0.9514516703784466,higher
glossy_synthetic,test,teapot,wo_conf,reflective_lpips,0.0442615810316056,lower
glossy_synthetic,test,teapot,wo_conf,reflective_region_psnr,20.54795684814453,higher
glossy_synthetic,test,teapot,wo_conf,full_psnr,26.50543546676636,higher
glossy_synthetic,test,teapot,wo_conf,full_ssim,0.944457359611988,higher
glossy_synthetic,test,teapot,wo_conf,full_lpips,0.0516890345606952,lower
glossy_synthetic,test,teapot,rough_only,mean_reflection_consistency,0.3004218071699142,lower
glossy_synthetic,test,teapot,rough_only,reflective_psnr,27.080671072006226,higher
glossy_synthetic,test,teapot,rough_only,reflective_ssim,0.9500642381608486,higher
glossy_synthetic,test,teapot,rough_only,reflective_lpips,0.0452048419974744,lower
glossy_synthetic,test,teapot,rough_only,reflective_region_psnr,20.39924659729004,higher
glossy_synthetic,test,teapot,rough_only,full_psnr,26.576650261878967,higher
glossy_synthetic,test,teapot,rough_only,full_ssim,0.9443917833268642,higher
glossy_synthetic,test,teapot,rough_only,full_lpips,0.0521035690326243,lower
shiny_blender_synthetic,train,ball,base,mean_reflection_consistency,0.1712649494409561,lower
shiny_blender_synthetic,train,ball,base,reflective_psnr,41.106985206604,higher
shiny_blender_synthetic,train,ball,base,reflective_ssim,0.9923985570669174,higher
shiny_blender_synthetic,train,ball,base,reflective_lpips,0.0228039968013763,lower
shiny_blender_synthetic,train,ball,base,reflective_region_psnr,37.80105285644531,higher
shiny_blender_synthetic,train,ball,base,full_psnr,40.85372295379639,higher
shiny_blender_synthetic,train,ball,base,full_ssim,0.9917829132080078,higher
shiny_blender_synthetic,train,ball,base,full_lpips,0.0318296349048614,lower
shiny_blender_synthetic,train,ball,rc,mean_reflection_consistency,0.1663990885019302,lower
shiny_blender_synthetic,train,ball,rc,reflective_psnr,41.21255100250245,higher
shiny_blender_synthetic,train,ball,rc,reflective_ssim,0.9922647655010224,higher
shiny_blender_synthetic,train,ball,rc,reflective_lpips,0.0255917888786643,lower
shiny_blender_synthetic,train,ball,rc,reflective_region_psnr,38.0914852142334,higher
shiny_blender_synthetic,train,ball,rc,full_psnr,40.98823234558105,higher
shiny_blender_synthetic,train,ball,rc,full_ssim,0.99187539935112,higher
shiny_blender_synthetic,train,ball,rc,full_lpips,0.0314202127419412,lower
shiny_blender_synthetic,train,ball,wo_ref,mean_reflection_consistency,0.1700018443167209,lower
shiny_blender_synthetic,train,ball,wo_ref,reflective_psnr,40.86597549438476,higher
shiny_blender_synthetic,train,ball,wo_ref,reflective_ssim,0.9920967197418212,higher
shiny_blender_synthetic,train,ball,wo_ref,reflective_lpips,0.0256662590336054,lower
shiny_blender_synthetic,train,ball,wo_ref,reflective_region_psnr,37.65805702209472,higher
shiny_blender_synthetic,train,ball,wo_ref,full_psnr,40.64434589385986,higher
shiny_blender_synthetic,train,ball,wo_ref,full_ssim,0.9916635847091676,higher
shiny_blender_synthetic,train,ball,wo_ref,full_lpips,0.0322284650057554,lower
shiny_blender_synthetic,train,ball,wo_conf,mean_reflection_consistency,0.1672966547310352,lower
shiny_blender_synthetic,train,ball,wo_conf,reflective_psnr,40.71862602233887,higher
shiny_blender_synthetic,train,ball,wo_conf,reflective_ssim,0.9925452488660812,higher
shiny_blender_synthetic,train,ball,wo_conf,reflective_lpips,0.0220677410438656,lower
shiny_blender_synthetic,train,ball,wo_conf,reflective_region_psnr,37.18550491333008,higher
shiny_blender_synthetic,train,ball,wo_conf,full_psnr,40.4266792678833,higher
shiny_blender_synthetic,train,ball,wo_conf,full_ssim,0.9917367428541184,higher
shiny_blender_synthetic,train,ball,wo_conf,full_lpips,0.0323078977502882,lower
shiny_blender_synthetic,train,ball,rough_only,mean_reflection_consistency,0.169089861959219,lower
shiny_blender_synthetic,train,ball,rough_only,reflective_psnr,41.13626712799072,higher
shiny_blender_synthetic,train,ball,rough_only,reflective_ssim,0.9921992123126984,higher
shiny_blender_synthetic,train,ball,rough_only,reflective_lpips,0.0250911054667085,lower
shiny_blender_synthetic,train,ball,rough_only,reflective_region_psnr,38.079153060913086,higher
shiny_blender_synthetic,train,ball,rough_only,full_psnr,40.90653297424316,higher
shiny_blender_synthetic,train,ball,rough_only,full_ssim,0.9917780125141143,higher
shiny_blender_synthetic,train,ball,rough_only,full_lpips,0.0320588070526719,lower
shiny_blender_synthetic,train,car,base,mean_reflection_consistency,0.3124761778861284,lower
shiny_blender_synthetic,train,car,base,reflective_psnr,38.13613090515137,higher
shiny_blender_synthetic,train,car,base,reflective_ssim,0.9891319018602373,higher
shiny_blender_synthetic,train,car,base,reflective_lpips,0.005930654965341,lower
shiny_blender_synthetic,train,car,base,reflective_region_psnr,31.03232326507568,higher
shiny_blender_synthetic,train,car,base,full_psnr,36.740454483032224,higher
shiny_blender_synthetic,train,car,base,full_ssim,0.985656060576439,higher
shiny_blender_synthetic,train,car,base,full_lpips,0.0090611342014744,lower
shiny_blender_synthetic,train,car,rc,mean_reflection_consistency,0.1426708940416574,lower
shiny_blender_synthetic,train,car,rc,reflective_psnr,37.908733406066894,higher
shiny_blender_synthetic,train,car,rc,reflective_ssim,0.9888956397771836,higher
shiny_blender_synthetic,train,car,rc,reflective_lpips,0.0063235793309286,lower
shiny_blender_synthetic,train,car,rc,reflective_region_psnr,30.99400882720948,higher
shiny_blender_synthetic,train,car,rc,full_psnr,36.506158142089845,higher
shiny_blender_synthetic,train,car,rc,full_ssim,0.985535243153572,higher
shiny_blender_synthetic,train,car,rc,full_lpips,0.0090828548045828,lower
shiny_blender_synthetic,train,car,wo_ref,mean_reflection_consistency,0.3498593010008335,lower
shiny_blender_synthetic,train,car,wo_ref,reflective_psnr,38.34574028015137,higher
shiny_blender_synthetic,train,car,wo_ref,reflective_ssim,0.989543439745903,higher
shiny_blender_synthetic,train,car,wo_ref,reflective_lpips,0.0056727218278683,lower
shiny_blender_synthetic,train,car,wo_ref,reflective_region_psnr,31.029361152648924,higher
shiny_blender_synthetic,train,car,wo_ref,full_psnr,36.85416862487793,higher
shiny_blender_synthetic,train,car,wo_ref,full_ssim,0.9858781731128692,higher
shiny_blender_synthetic,train,car,wo_ref,full_lpips,0.0087959435395896,lower
shiny_blender_synthetic,train,car,wo_conf,mean_reflection_consistency,0.1872521694749593,lower
shiny_blender_synthetic,train,car,wo_conf,reflective_psnr,38.19850826263428,higher
shiny_blender_synthetic,train,car,wo_conf,reflective_ssim,0.989311665892601,higher
shiny_blender_synthetic,train,car,wo_conf,reflective_lpips,0.0056999484379775,lower
shiny_blender_synthetic,train,car,wo_conf,reflective_region_psnr,30.91968936920166,higher
shiny_blender_synthetic,train,car,wo_conf,full_psnr,36.74820766448975,higher
shiny_blender_synthetic,train,car,wo_conf,full_ssim,0.985584386587143,higher
shiny_blender_synthetic,train,car,wo_conf,full_lpips,0.0089572398038581,lower
shiny_blender_synthetic,train,car,rough_only,mean_reflection_consistency,0.329224394261837,lower
shiny_blender_synthetic,train,car,rough_only,reflective_psnr,37.97784103393555,higher
shiny_blender_synthetic,train,car,rough_only,reflective_ssim,0.9888836109638214,higher
shiny_blender_synthetic,train,car,rough_only,reflective_lpips,0.0063340073521248,lower
shiny_blender_synthetic,train,car,rough_only,reflective_region_psnr,31.09470157623291,higher
shiny_blender_synthetic,train,car,rough_only,full_psnr,36.83535648345947,higher
shiny_blender_synthetic,train,car,rough_only,full_ssim,0.9856621325016022,higher
shiny_blender_synthetic,train,car,rough_only,full_lpips,0.0089817107003182,lower
shiny_blender_synthetic,train,coffee,base,mean_reflection_consistency,0.0538857832551002,lower
shiny_blender_synthetic,train,coffee,base,reflective_psnr,42.35140979766846,higher
shiny_blender_synthetic,train,coffee,base,reflective_ssim,0.9916090375185012,higher
shiny_blender_synthetic,train,coffee,base,reflective_lpips,0.0098210799996741,lower
shiny_blender_synthetic,train,coffee,base,reflective_region_psnr,35.920494079589844,higher
shiny_blender_synthetic,train,coffee,base,full_psnr,39.01282356262207,higher
shiny_blender_synthetic,train,coffee,base,full_ssim,0.9834073233604432,higher
shiny_blender_synthetic,train,coffee,base,full_lpips,0.0344631484150886,lower
shiny_blender_synthetic,train,coffee,rc,mean_reflection_consistency,0.0222299552522599,lower
shiny_blender_synthetic,train,coffee,rc,reflective_psnr,41.19879467010498,higher
shiny_blender_synthetic,train,coffee,rc,reflective_ssim,0.9904482960700988,higher
shiny_blender_synthetic,train,coffee,rc,reflective_lpips,0.0110690743150189,lower
shiny_blender_synthetic,train,coffee,rc,reflective_region_psnr,35.814023399353026,higher
shiny_blender_synthetic,train,coffee,rc,full_psnr,38.845851249694825,higher
shiny_blender_synthetic,train,coffee,rc,full_ssim,0.9832272011041642,higher
shiny_blender_synthetic,train,coffee,rc,full_lpips,0.0353838243335485,lower
shiny_blender_synthetic,train,coffee,wo_ref,mean_reflection_consistency,0.0507707157172262,lower
shiny_blender_synthetic,train,coffee,wo_ref,reflective_psnr,42.65813148498536,higher
shiny_blender_synthetic,train,coffee,wo_ref,reflective_ssim,0.9913387393951416,higher
shiny_blender_synthetic,train,coffee,wo_ref,reflective_lpips,0.0100726486323401,lower
shiny_blender_synthetic,train,coffee,wo_ref,reflective_region_psnr,36.59847717285156,higher
shiny_blender_synthetic,train,coffee,wo_ref,full_psnr,38.89383190155029,higher
shiny_blender_synthetic,train,coffee,wo_ref,full_ssim,0.9832212567329408,higher
shiny_blender_synthetic,train,coffee,wo_ref,full_lpips,0.0347800683043897,lower
shiny_blender_synthetic,train,coffee,wo_conf,mean_reflection_consistency,0.0284632290247827,lower
shiny_blender_synthetic,train,coffee,wo_conf,reflective_psnr,42.57434902191162,higher
shiny_blender_synthetic,train,coffee,wo_conf,reflective_ssim,0.9913648015260696,higher
shiny_blender_synthetic,train,coffee,wo_conf,reflective_lpips,0.0100301041221246,lower
shiny_blender_synthetic,train,coffee,wo_conf,reflective_region_psnr,36.55188903808594,higher
shiny_blender_synthetic,train,coffee,wo_conf,full_psnr,39.01072010040284,higher
shiny_blender_synthetic,train,coffee,wo_conf,full_ssim,0.9833093690872192,higher
shiny_blender_synthetic,train,coffee,wo_conf,full_lpips,0.0345479083806276,lower
shiny_blender_synthetic,train,coffee,rough_only,mean_reflection_consistency,0.0530368885025382,lower
shiny_blender_synthetic,train,coffee,rough_only,reflective_psnr,42.25932460784912,higher
shiny_blender_synthetic,train,coffee,rough_only,reflective_ssim,0.991818020939827,higher
shiny_blender_synthetic,train,coffee,rough_only,reflective_lpips,0.0093772396724671,lower
shiny_blender_synthetic,train,coffee,rough_only,reflective_region_psnr,35.97505683898926,higher
shiny_blender_synthetic,train,coffee,rough_only,full_psnr,39.12667953491211,higher
shiny_blender_synthetic,train,coffee,rough_only,full_ssim,0.9836577814817428,higher
shiny_blender_synthetic,train,coffee,rough_only,full_lpips,0.0340741444937884,lower
shiny_blender_synthetic,train,helmet,base,mean_reflection_consistency,0.6405774474143981,lower
shiny_blender_synthetic,train,helmet,base,reflective_psnr,40.846081199646,higher
shiny_blender_synthetic,train,helmet,base,reflective_ssim,0.9941075021028518,higher
shiny_blender_synthetic,train,helmet,base,reflective_lpips,0.0049971154029481,lower
shiny_blender_synthetic,train,helmet,base,reflective_region_psnr,36.69405632019043,higher
shiny_blender_synthetic,train,helmet,base,full_psnr,40.14170768737793,higher
shiny_blender_synthetic,train,helmet,base,full_ssim,0.9934892982244492,higher
shiny_blender_synthetic,train,helmet,base,full_lpips,0.0063313777325674,lower
shiny_blender_synthetic,train,helmet,rc,mean_reflection_consistency,0.0895418930798769,lower
shiny_blender_synthetic,train,helmet,rc,reflective_psnr,40.7701453781128,higher
shiny_blender_synthetic,train,helmet,rc,reflective_ssim,0.993927591443062,higher
shiny_blender_synthetic,train,helmet,rc,reflective_lpips,0.0051138574187643,lower
shiny_blender_synthetic,train,helmet,rc,reflective_region_psnr,36.785546112060544,higher
shiny_blender_synthetic,train,helmet,rc,full_psnr,40.051305541992186,higher
shiny_blender_synthetic,train,helmet,rc,full_ssim,0.9932921969890596,higher
shiny_blender_synthetic,train,helmet,rc,full_lpips,0.0064590676967054,lower
shiny_blender_synthetic,train,helmet,wo_ref,mean_reflection_consistency,0.3578144133090973,lower
shiny_blender_synthetic,train,helmet,wo_ref,reflective_psnr,40.83029758453369,higher
shiny_blender_synthetic,train,helmet,wo_ref,reflective_ssim,0.994104980826378,higher
shiny_blender_synthetic,train,helmet,wo_ref,reflective_lpips,0.0050172709720209,lower
shiny_blender_synthetic,train,helmet,wo_ref,reflective_region_psnr,37.10995674133301,higher
shiny_blender_synthetic,train,helmet,wo_ref,full_psnr,40.08034572601319,higher
shiny_blender_synthetic,train,helmet,wo_ref,full_ssim,0.99345099568367,higher
shiny_blender_synthetic,train,helmet,wo_ref,full_lpips,0.0064006493985652,lower
shiny_blender_synthetic,train,helmet,wo_conf,mean_reflection_consistency,0.0956112124025821,lower
shiny_blender_synthetic,train,helmet,wo_conf,reflective_psnr,40.93510696411133,higher
shiny_blender_synthetic,train,helmet,wo_conf,reflective_ssim,0.9941192424297332,higher
shiny_blender_synthetic,train,helmet,wo_conf,reflective_lpips,0.0050817839382216,lower
shiny_blender_synthetic,train,helmet,wo_conf,reflective_region_psnr,37.15206108093262,higher
shiny_blender_synthetic,train,helmet,wo_conf,full_psnr,40.16455848693848,higher
shiny_blender_synthetic,train,helmet,wo_conf,full_ssim,0.9934597831964492,higher
shiny_blender_synthetic,train,helmet,wo_conf,full_lpips,0.0064877544273622,lower
shiny_blender_synthetic,train,helmet,rough_only,mean_reflection_consistency,0.3079697206616402,lower
shiny_blender_synthetic,train,helmet,rough_only,reflective_psnr,40.91071655273438,higher
shiny_blender_synthetic,train,helmet,rough_only,reflective_ssim,0.994114094376564,higher
shiny_blender_synthetic,train,helmet,rough_only,reflective_lpips,0.0051385109871625,lower
shiny_blender_synthetic,train,helmet,rough_only,reflective_region_psnr,36.85917778015137,higher
shiny_blender_synthetic,train,helmet,rough_only,full_psnr,40.15184597015381,higher
shiny_blender_synthetic,train,helmet,rough_only,full_ssim,0.9934530931711196,higher
shiny_blender_synthetic,train,helmet,rough_only,full_lpips,0.0065242734644562,lower
shiny_blender_synthetic,train,teapot,base,mean_reflection_consistency,0.0217622350435704,lower
shiny_blender_synthetic,train,teapot,base,reflective_psnr,50.34840847015381,higher
shiny_blender_synthetic,train,teapot,base,reflective_ssim,0.9993279641866684,higher
shiny_blender_synthetic,train,teapot,base,reflective_lpips,0.0007178935914998,lower
shiny_blender_synthetic,train,teapot,base,reflective_region_psnr,39.03930854797363,higher
shiny_blender_synthetic,train,teapot,base,full_psnr,49.087399368286135,higher
shiny_blender_synthetic,train,teapot,base,full_ssim,0.998963303565979,higher
shiny_blender_synthetic,train,teapot,base,full_lpips,0.0016857076023006,lower
shiny_blender_synthetic,train,teapot,rc,mean_reflection_consistency,0.0124828554224222,lower
shiny_blender_synthetic,train,teapot,rc,reflective_psnr,51.13564716339111,higher
shiny_blender_synthetic,train,teapot,rc,reflective_ssim,0.9994064688682556,higher
shiny_blender_synthetic,train,teapot,rc,reflective_lpips,0.0006102736102184,lower
shiny_blender_synthetic,train,teapot,rc,reflective_region_psnr,39.777783966064455,higher
shiny_blender_synthetic,train,teapot,rc,full_psnr,49.77710113525391,higher
shiny_blender_synthetic,train,teapot,rc,full_ssim,0.999070611000061,higher
shiny_blender_synthetic,train,teapot,rc,full_lpips,0.0014377997926203,lower
shiny_blender_synthetic,train,teapot,wo_ref,mean_reflection_consistency,0.0219285699538886,lower
shiny_blender_synthetic,train,teapot,wo_ref,reflective_psnr,50.78903415679932,higher
shiny_blender_synthetic,train,teapot,wo_ref,reflective_ssim,0.999377063512802,higher
shiny_blender_synthetic,train,teapot,wo_ref,reflective_lpips,0.0006547610781854,lower
shiny_blender_synthetic,train,teapot,wo_ref,reflective_region_psnr,39.366471481323245,higher
shiny_blender_synthetic,train,teapot,wo_ref,full_psnr,49.5283540725708,higher
shiny_blender_synthetic,train,teapot,wo_ref,full_ssim,0.9990234237909316,higher
shiny_blender_synthetic,train,teapot,wo_ref,full_lpips,0.0015530376712558,lower
shiny_blender_synthetic,train,teapot,wo_conf,mean_reflection_consistency,0.0160822139121592,lower
shiny_blender_synthetic,train,teapot,wo_conf,reflective_psnr,50.628013076782224,higher
shiny_blender_synthetic,train,teapot,wo_conf,reflective_ssim,0.999374794960022,higher
shiny_blender_synthetic,train,teapot,wo_conf,reflective_lpips,0.0006586430838797,lower
shiny_blender_synthetic,train,teapot,wo_conf,reflective_region_psnr,38.9260555267334,higher
shiny_blender_synthetic,train,teapot,wo_conf,full_psnr,49.347146110534666,higher
shiny_blender_synthetic,train,teapot,wo_conf,full_ssim,0.9990009480714798,higher
shiny_blender_synthetic,train,teapot,wo_conf,full_lpips,0.001625773118576,lower
shiny_blender_synthetic,train,teapot,rough_only,mean_reflection_consistency,0.0220735813025385,lower
shiny_blender_synthetic,train,teapot,rough_only,reflective_psnr,50.06737133026123,higher
shiny_blender_synthetic,train,teapot,rough_only,reflective_ssim,0.9993851572275162,higher
shiny_blender_synthetic,train,teapot,rough_only,reflective_lpips,0.0005814892670605,lower
shiny_blender_synthetic,train,teapot,rough_only,reflective_region_psnr,38.82027359008789,higher
shiny_blender_synthetic,train,teapot,rough_only,full_psnr,49.03115406036377,higher
shiny_blender_synthetic,train,teapot,rough_only,full_ssim,0.9989748108386992,higher
shiny_blender_synthetic,train,teapot,rough_only,full_lpips,0.0016511587979039,lower
shiny_blender_synthetic,train,toaster,base,mean_reflection_consistency,0.278150674700737,lower
shiny_blender_synthetic,train,toaster,base,reflective_psnr,35.976572589874266,higher
shiny_blender_synthetic,train,toaster,base,reflective_ssim,0.9911238890886308,higher
shiny_blender_synthetic,train,toaster,base,reflective_lpips,0.0120208596438169,lower
shiny_blender_synthetic,train,toaster,base,reflective_region_psnr,31.09833469390869,higher
shiny_blender_synthetic,train,toaster,base,full_psnr,33.75893051147461,higher
shiny_blender_synthetic,train,toaster,base,full_ssim,0.9781747549772264,higher
shiny_blender_synthetic,train,toaster,base,full_lpips,0.0240752092283219,lower
shiny_blender_synthetic,train,toaster,rc,mean_reflection_consistency,0.162093286216259,lower
shiny_blender_synthetic,train,toaster,rc,reflective_psnr,36.20748571395874,higher
shiny_blender_synthetic,train,toaster,rc,reflective_ssim,0.9914644241333008,higher
shiny_blender_synthetic,train,toaster,rc,reflective_lpips,0.0117870551627129,lower
shiny_blender_synthetic,train,toaster,rc,reflective_region_psnr,31.214613723754884,higher
shiny_blender_synthetic,train,toaster,rc,full_psnr,33.81546375274658,higher
shiny_blender_synthetic,train,toaster,rc,full_ssim,0.9781374567747116,higher
shiny_blender_synthetic,train,toaster,rc,full_lpips,0.0245723131392151,lower
shiny_blender_synthetic,train,toaster,wo_ref,mean_reflection_consistency,0.3204560697078705,lower
shiny_blender_synthetic,train,toaster,wo_ref,reflective_psnr,36.12780712127685,higher
shiny_blender_synthetic,train,toaster,wo_ref,reflective_ssim,0.9911269927024842,higher
shiny_blender_synthetic,train,toaster,wo_ref,reflective_lpips,0.0122704723943024,lower
shiny_blender_synthetic,train,toaster,wo_ref,reflective_region_psnr,31.24959201812744,higher
shiny_blender_synthetic,train,toaster,wo_ref,full_psnr,33.84375856399536,higher
shiny_blender_synthetic,train,toaster,wo_ref,full_ssim,0.9780819725990296,higher
shiny_blender_synthetic,train,toaster,wo_ref,full_lpips,0.0244769062846899,lower
shiny_blender_synthetic,train,toaster,wo_conf,mean_reflection_consistency,0.1619801864027977,lower
shiny_blender_synthetic,train,toaster,wo_conf,reflective_psnr,35.93707513809204,higher
shiny_blender_synthetic,train,toaster,wo_conf,reflective_ssim,0.9910556900501252,higher
shiny_blender_synthetic,train,toaster,wo_conf,reflective_lpips,0.0122245711460709,lower
shiny_blender_synthetic,train,toaster,wo_conf,reflective_region_psnr,30.84795398712158,higher
shiny_blender_synthetic,train,toaster,wo_conf,full_psnr,33.765475807189944,higher
shiny_blender_synthetic,train,toaster,wo_conf,full_ssim,0.9779509127140044,higher
shiny_blender_synthetic,train,toaster,wo_conf,full_lpips,0.0246473284903913,lower
shiny_blender_synthetic,train,toaster,rough_only,mean_reflection_consistency,0.2777551025152206,lower
shiny_blender_synthetic,train,toaster,rough_only,reflective_psnr,35.83319200515747,higher
shiny_blender_synthetic,train,toaster,rough_only,reflective_ssim,0.9909725689888,higher
shiny_blender_synthetic,train,toaster,rough_only,reflective_lpips,0.0121964410226792,lower
shiny_blender_synthetic,train,toaster,rough_only,reflective_region_psnr,31.0521598815918,higher
shiny_blender_synthetic,train,toaster,rough_only,full_psnr,33.7249150466919,higher
shiny_blender_synthetic,train,toaster,rough_only,full_ssim,0.9779911643266678,higher
shiny_blender_synthetic,train,toaster,rough_only,full_lpips,0.0246456513553857,lower
shiny_blender_synthetic,test,ball,base,mean_reflection_consistency,0.0495509508997201,lower
shiny_blender_synthetic,test,ball,base,reflective_psnr,38.670911960601806,higher
shiny_blender_synthetic,test,ball,base,reflective_ssim,0.9886962255835532,higher
shiny_blender_synthetic,test,ball,base,reflective_lpips,0.0266809061681851,lower
shiny_blender_synthetic,test,ball,base,reflective_region_psnr,32.91583442687988,higher
shiny_blender_synthetic,test,ball,base,full_psnr,38.510990924835205,higher
shiny_blender_synthetic,test,ball,base,full_ssim,0.987964893579483,higher
shiny_blender_synthetic,test,ball,base,full_lpips,0.0366052108351141,lower
shiny_blender_synthetic,test,ball,rc,mean_reflection_consistency,0.0481533735990524,lower
shiny_blender_synthetic,test,ball,rc,reflective_psnr,38.69281721115112,higher
shiny_blender_synthetic,test,ball,rc,reflective_ssim,0.9884553492069243,higher
shiny_blender_synthetic,test,ball,rc,reflective_lpips,0.0309876635763794,lower
shiny_blender_synthetic,test,ball,rc,reflective_region_psnr,32.86421661376953,higher
shiny_blender_synthetic,test,ball,rc,full_psnr,38.56738069534302,higher
shiny_blender_synthetic,test,ball,rc,full_ssim,0.9880351668596268,higher
shiny_blender_synthetic,test,ball,rc,full_lpips,0.0363157899118959,lower
shiny_blender_synthetic,test,ball,wo_ref,mean_reflection_consistency,0.0485579725354909,lower
shiny_blender_synthetic,test,ball,wo_ref,reflective_psnr,38.439133434295655,higher
shiny_blender_synthetic,test,ball,wo_ref,reflective_ssim,0.9882521271705628,higher
shiny_blender_synthetic,test,ball,wo_ref,reflective_lpips,0.0306451641861349,lower
shiny_blender_synthetic,test,ball,wo_ref,reflective_region_psnr,32.37107181549072,higher
shiny_blender_synthetic,test,ball,wo_ref,full_psnr,38.31283218383789,higher
shiny_blender_synthetic,test,ball,wo_ref,full_ssim,0.9878258275985716,higher
shiny_blender_synthetic,test,ball,wo_ref,full_lpips,0.0366775471530854,lower
shiny_blender_synthetic,test,ball,wo_conf,mean_reflection_consistency,0.0471486095339059,lower
shiny_blender_synthetic,test,ball,wo_conf,reflective_psnr,38.53511009216309,higher
shiny_blender_synthetic,test,ball,wo_conf,reflective_ssim,0.989069338142872,higher
shiny_blender_synthetic,test,ball,wo_conf,reflective_lpips,0.0253172619128599,lower
shiny_blender_synthetic,test,ball,wo_conf,reflective_region_psnr,33.35659484863281,higher
shiny_blender_synthetic,test,ball,wo_conf,full_psnr,38.35246768951416,higher
shiny_blender_synthetic,test,ball,wo_conf,full_ssim,0.988108543753624,higher
shiny_blender_synthetic,test,ball,wo_conf,full_lpips,0.036764082275331,lower
shiny_blender_synthetic,test,ball,rough_only,mean_reflection_consistency,0.0486237172037363,lower
shiny_blender_synthetic,test,ball,rough_only,reflective_psnr,38.69833808898926,higher
shiny_blender_synthetic,test,ball,rough_only,reflective_ssim,0.9885399156808852,higher
shiny_blender_synthetic,test,ball,rough_only,reflective_lpips,0.0291259030345827,lower
shiny_blender_synthetic,test,ball,rough_only,reflective_region_psnr,34.015917205810545,higher
shiny_blender_synthetic,test,ball,rough_only,full_psnr,38.56359674453736,higher
shiny_blender_synthetic,test,ball,rough_only,full_ssim,0.9880595237016678,higher
shiny_blender_synthetic,test,ball,rough_only,full_lpips,0.0365031374059617,lower
shiny_blender_synthetic,test,car,base,mean_reflection_consistency,0.0860734429210424,lower
shiny_blender_synthetic,test,car,base,reflective_psnr,32.816805353164675,higher
shiny_blender_synthetic,test,car,base,reflective_ssim,0.9758946678042412,higher
shiny_blender_synthetic,test,car,base,reflective_lpips,0.0131234041810967,lower
shiny_blender_synthetic,test,car,base,reflective_region_psnr,27.51102466583252,higher
shiny_blender_synthetic,test,car,base,full_psnr,31.46817236900329,higher
shiny_blender_synthetic,test,car,base,full_ssim,0.967081052660942,higher
shiny_blender_synthetic,test,car,base,full_lpips,0.0188420040858909,lower
shiny_blender_synthetic,test,car,rc,mean_reflection_consistency,0.0482423964887857,lower
shiny_blender_synthetic,test,car,rc,reflective_psnr,32.916545209884646,higher
shiny_blender_synthetic,test,car,rc,reflective_ssim,0.9761832144856452,higher
shiny_blender_synthetic,test,car,rc,reflective_lpips,0.0138054104242473,lower
shiny_blender_synthetic,test,car,rc,reflective_region_psnr,27.84440536499024,higher
shiny_blender_synthetic,test,car,rc,full_psnr,31.449704580307007,higher
shiny_blender_synthetic,test,car,rc,full_ssim,0.9674327671527864,higher
shiny_blender_synthetic,test,car,rc,full_lpips,0.018566444418393,lower
shiny_blender_synthetic,test,car,wo_ref,mean_reflection_consistency,0.0875024583190679,lower
shiny_blender_synthetic,test,car,wo_ref,reflective_psnr,33.09063928604126,higher
shiny_blender_synthetic,test,car,wo_ref,reflective_ssim,0.9769742891192436,higher
shiny_blender_synthetic,test,car,wo_ref,reflective_lpips,0.0127500054589472,lower
shiny_blender_synthetic,test,car,wo_ref,reflective_region_psnr,27.554748153686525,higher
shiny_blender_synthetic,test,car,wo_ref,full_psnr,31.58259790420532,higher
shiny_blender_synthetic,test,car,wo_ref,full_ssim,0.9674293464422226,higher
shiny_blender_synthetic,test,car,wo_ref,full_lpips,0.0185138156684115,lower
shiny_blender_synthetic,test,car,wo_conf,mean_reflection_consistency,0.0709311157464981,lower
shiny_blender_synthetic,test,car,wo_conf,reflective_psnr,32.98028678894043,higher
shiny_blender_synthetic,test,car,wo_conf,reflective_ssim,0.9764485362172128,higher
shiny_blender_synthetic,test,car,wo_conf,reflective_lpips,0.0128800659556873,lower
shiny_blender_synthetic,test,car,wo_conf,reflective_region_psnr,27.5822566986084,higher
shiny_blender_synthetic,test,car,wo_conf,full_psnr,31.54154126167297,higher
shiny_blender_synthetic,test,car,wo_conf,full_ssim,0.967037899196148,higher
shiny_blender_synthetic,test,car,wo_conf,full_lpips,0.0187422158336266,lower
shiny_blender_synthetic,test,car,rough_only,mean_reflection_consistency,0.0896367944777011,lower
shiny_blender_synthetic,test,car,rough_only,reflective_psnr,32.61608051300049,higher
shiny_blender_synthetic,test,car,rough_only,reflective_ssim,0.9751848185062408,higher
shiny_blender_synthetic,test,car,rough_only,reflective_lpips,0.0141695288335904,lower
shiny_blender_synthetic,test,car,rough_only,reflective_region_psnr,27.8279525756836,higher
shiny_blender_synthetic,test,car,rough_only,full_psnr,31.557480535507203,higher
shiny_blender_synthetic,test,car,rough_only,full_ssim,0.967195815742016,higher
shiny_blender_synthetic,test,car,rough_only,full_lpips,0.0187261709244921,lower
shiny_blender_synthetic,test,coffee,base,mean_reflection_consistency,0.0069127775728702,lower
shiny_blender_synthetic,test,coffee,base,reflective_psnr,37.00081950187683,higher
shiny_blender_synthetic,test,coffee,base,reflective_ssim,0.9853902697563172,higher
shiny_blender_synthetic,test,coffee,base,reflective_lpips,0.0134853238495998,lower
shiny_blender_synthetic,test,coffee,base,reflective_region_psnr,29.41759090423584,higher
shiny_blender_synthetic,test,coffee,base,full_psnr,34.61283143043518,higher
shiny_blender_synthetic,test,coffee,base,full_ssim,0.9741970217227937,higher
shiny_blender_synthetic,test,coffee,base,full_lpips,0.0460944677796214,lower
shiny_blender_synthetic,test,coffee,rc,mean_reflection_consistency,0.0092514680698513,lower
shiny_blender_synthetic,test,coffee,rc,reflective_psnr,36.74956224441528,higher
shiny_blender_synthetic,test,coffee,rc,reflective_ssim,0.9842551305890084,higher
shiny_blender_synthetic,test,coffee,rc,reflective_lpips,0.0143551868409849,lower
shiny_blender_synthetic,test,coffee,rc,reflective_region_psnr,28.612015342712404,higher
shiny_blender_synthetic,test,coffee,rc,full_psnr,34.87388124465942,higher
shiny_blender_synthetic,test,coffee,rc,full_ssim,0.9749140587449072,higher
shiny_blender_synthetic,test,coffee,rc,full_lpips,0.0458372793998569,lower
shiny_blender_synthetic,test,coffee,wo_ref,mean_reflection_consistency,0.0074028920382261,lower
shiny_blender_synthetic,test,coffee,wo_ref,reflective_psnr,37.21630874633789,higher
shiny_blender_synthetic,test,coffee,wo_ref,reflective_ssim,0.9850527361035348,higher
shiny_blender_synthetic,test,coffee,wo_ref,reflective_lpips,0.0140531189343892,lower
shiny_blender_synthetic,test,coffee,wo_ref,reflective_region_psnr,30.352484893798827,higher
shiny_blender_synthetic,test,coffee,wo_ref,full_psnr,34.538765602111816,higher
shiny_blender_synthetic,test,coffee,wo_ref,full_ssim,0.974239036142826,higher
shiny_blender_synthetic,test,coffee,wo_ref,full_lpips,0.04688316706568,lower
shiny_blender_synthetic,test,coffee,wo_conf,mean_reflection_consistency,0.0063940855674445,lower
shiny_blender_synthetic,test,coffee,wo_conf,reflective_psnr,37.38252042770386,higher
shiny_blender_synthetic,test,coffee,wo_conf,reflective_ssim,0.9856696113944052,higher
shiny_blender_synthetic,test,coffee,wo_conf,reflective_lpips,0.0131575775751844,lower
shiny_blender_synthetic,test,coffee,wo_conf,reflective_region_psnr,30.762211036682128,higher
shiny_blender_synthetic,test,coffee,wo_conf,full_psnr,34.82175147056579,higher
shiny_blender_synthetic,test,coffee,wo_conf,full_ssim,0.97482027053833,higher
shiny_blender_synthetic,test,coffee,wo_conf,full_lpips,0.0458341726940125,lower
shiny_blender_synthetic,test,coffee,rough_only,mean_reflection_consistency,0.007932955538854,lower
shiny_blender_synthetic,test,coffee,rough_only,reflective_psnr,36.68429746627808,higher
shiny_blender_synthetic,test,coffee,rough_only,reflective_ssim,0.9852867868542672,higher
shiny_blender_synthetic,test,coffee,rough_only,reflective_lpips,0.0137482392368838,lower
shiny_blender_synthetic,test,coffee,rough_only,reflective_region_psnr,30.968200302124025,higher
shiny_blender_synthetic,test,coffee,rough_only,full_psnr,34.57540648460388,higher
shiny_blender_synthetic,test,coffee,rough_only,full_ssim,0.9745379665493964,higher
shiny_blender_synthetic,test,coffee,rough_only,full_lpips,0.0461195198725909,lower
shiny_blender_synthetic,test,helmet,base,mean_reflection_consistency,0.2168389335274696,lower
shiny_blender_synthetic,test,helmet,base,reflective_psnr,36.46292031288147,higher
shiny_blender_synthetic,test,helmet,base,reflective_ssim,0.9869083300232888,higher
shiny_blender_synthetic,test,helmet,base,reflective_lpips,0.0113525103149004,lower
shiny_blender_synthetic,test,helmet,base,reflective_region_psnr,35.91402015686035,higher
shiny_blender_synthetic,test,helmet,base,full_psnr,35.8392297744751,higher
shiny_blender_synthetic,test,helmet,base,full_ssim,0.9850164332985878,higher
shiny_blender_synthetic,test,helmet,base,full_lpips,0.014634082862176,lower
shiny_blender_synthetic,test,helmet,rc,mean_reflection_consistency,0.0359569136053323,lower
shiny_blender_synthetic,test,helmet,rc,reflective_psnr,36.55509870529175,higher
shiny_blender_synthetic,test,helmet,rc,reflective_ssim,0.9869203695654868,higher
shiny_blender_synthetic,test,helmet,rc,reflective_lpips,0.0113222172972746,lower
shiny_blender_synthetic,test,helmet,rc,reflective_region_psnr,35.57592620849609,higher
shiny_blender_synthetic,test,helmet,rc,full_psnr,35.91236875534057,higher
shiny_blender_synthetic,test,helmet,rc,full_ssim,0.9850048306584358,higher
shiny_blender_synthetic,test,helmet,rc,full_lpips,0.014668049220927,lower
shiny_blender_synthetic,test,helmet,wo_ref,mean_reflection_consistency,0.1689216241240501,lower
shiny_blender_synthetic,test,helmet,wo_ref,reflective_psnr,36.36951149940491,higher
shiny_blender_synthetic,test,helmet,wo_ref,reflective_ssim,0.9870846459269524,higher
shiny_blender_synthetic,test,helmet,wo_ref,reflective_lpips,0.0112676450028084,lower
shiny_blender_synthetic,test,helmet,wo_ref,reflective_region_psnr,35.8431396484375,higher
shiny_blender_synthetic,test,helmet,wo_ref,full_psnr,35.72310401916504,higher
shiny_blender_synthetic,test,helmet,wo_ref,full_ssim,0.9851257902383804,higher
shiny_blender_synthetic,test,helmet,wo_ref,full_lpips,0.0146890003303997,lower
shiny_blender_synthetic,test,helmet,wo_conf,mean_reflection_consistency,0.0363847307860851,lower
shiny_blender_synthetic,test,helmet,wo_conf,reflective_psnr,36.57219030380249,higher
shiny_blender_synthetic,test,helmet,wo_conf,reflective_ssim,0.987289719581604,higher
shiny_blender_synthetic,test,helmet,wo_conf,reflective_lpips,0.0112373662670142,lower
shiny_blender_synthetic,test,helmet,wo_conf,reflective_region_psnr,36.1205493927002,higher
shiny_blender_synthetic,test,helmet,wo_conf,full_psnr,35.9322752571106,higher
shiny_blender_synthetic,test,helmet,wo_conf,full_ssim,0.9853404074907304,higher
shiny_blender_synthetic,test,helmet,wo_conf,full_lpips,0.0146492218622006,lower
shiny_blender_synthetic,test,helmet,rough_only,mean_reflection_consistency,0.1554280206561088,lower
shiny_blender_synthetic,test,helmet,rough_only,reflective_psnr,36.49383394241333,higher
shiny_blender_synthetic,test,helmet,rough_only,reflective_ssim,0.9873621127009392,higher
shiny_blender_synthetic,test,helmet,rough_only,reflective_lpips,0.0111152664059773,lower
shiny_blender_synthetic,test,helmet,rough_only,reflective_region_psnr,36.006968307495114,higher
shiny_blender_synthetic,test,helmet,rough_only,full_psnr,35.84266832351685,higher
shiny_blender_synthetic,test,helmet,rough_only,full_ssim,0.9853764662146568,higher
shiny_blender_synthetic,test,helmet,rough_only,full_lpips,0.0144674034882336,lower
shiny_blender_synthetic,test,teapot,base,mean_reflection_consistency,0.0038960183504968,lower
shiny_blender_synthetic,test,teapot,base,reflective_psnr,47.423567085266114,higher
shiny_blender_synthetic,test,teapot,base,reflective_ssim,0.9985236877202988,higher
shiny_blender_synthetic,test,teapot,base,reflective_lpips,0.0013740400169626,lower
shiny_blender_synthetic,test,teapot,base,reflective_region_psnr,39.41321983337402,higher
shiny_blender_synthetic,test,teapot,base,full_psnr,46.16682685852051,higher
shiny_blender_synthetic,test,teapot,base,full_ssim,0.9975094693899156,higher
shiny_blender_synthetic,test,teapot,base,full_lpips,0.0034660034548141,lower
shiny_blender_synthetic,test,teapot,rc,mean_reflection_consistency,0.0026982672978192,lower
shiny_blender_synthetic,test,teapot,rc,reflective_psnr,47.71374229431152,higher
shiny_blender_synthetic,test,teapot,rc,reflective_ssim,0.9985905739665032,higher
shiny_blender_synthetic,test,teapot,rc,reflective_lpips,0.001337305807101,lower
shiny_blender_synthetic,test,teapot,rc,reflective_region_psnr,39.78558082580567,higher
shiny_blender_synthetic,test,teapot,rc,full_psnr,46.420437297821046,higher
shiny_blender_synthetic,test,teapot,rc,full_ssim,0.9976196816563606,higher
shiny_blender_synthetic,test,teapot,rc,full_lpips,0.003229380918492,lower
shiny_blender_synthetic,test,teapot,wo_ref,mean_reflection_consistency,0.0042457673233002,lower
shiny_blender_synthetic,test,teapot,wo_ref,reflective_psnr,47.63656396865845,higher
shiny_blender_synthetic,test,teapot,wo_ref,reflective_ssim,0.998547584414482,higher
shiny_blender_synthetic,test,teapot,wo_ref,reflective_lpips,0.0013358622857776,lower
shiny_blender_synthetic,test,teapot,wo_ref,reflective_region_psnr,39.846435928344725,higher
shiny_blender_synthetic,test,teapot,wo_ref,full_psnr,46.38084032058716,higher
shiny_blender_synthetic,test,teapot,wo_ref,full_ssim,0.9975651583075524,higher
shiny_blender_synthetic,test,teapot,wo_ref,full_lpips,0.0032931741609354,lower
shiny_blender_synthetic,test,teapot,wo_conf,mean_reflection_consistency,0.0038279443979263,lower
shiny_blender_synthetic,test,teapot,wo_conf,reflective_psnr,47.63831825256348,higher
shiny_blender_synthetic,test,teapot,wo_conf,reflective_ssim,0.998628890812397,higher
shiny_blender_synthetic,test,teapot,wo_conf,reflective_lpips,0.0013113412530219,lower
shiny_blender_synthetic,test,teapot,wo_conf,reflective_region_psnr,39.253265380859375,higher
shiny_blender_synthetic,test,teapot,wo_conf,full_psnr,46.29697006225586,higher
shiny_blender_synthetic,test,teapot,wo_conf,full_ssim,0.9975512826442718,higher
shiny_blender_synthetic,test,teapot,wo_conf,full_lpips,0.0033843434703885,lower
shiny_blender_synthetic,test,teapot,rough_only,mean_reflection_consistency,0.0039735382888466,lower
shiny_blender_synthetic,test,teapot,rough_only,reflective_psnr,47.279160861969,higher
shiny_blender_synthetic,test,teapot,rough_only,reflective_ssim,0.9986021715402604,higher
shiny_blender_synthetic,test,teapot,rough_only,reflective_lpips,0.0011491330778517,lower
shiny_blender_synthetic,test,teapot,rough_only,reflective_region_psnr,39.31751365661621,higher
shiny_blender_synthetic,test,teapot,rough_only,full_psnr,46.19289987564087,higher
shiny_blender_synthetic,test,teapot,rough_only,full_ssim,0.9975529009103776,higher
shiny_blender_synthetic,test,teapot,rough_only,full_lpips,0.0033447947711101,lower
shiny_blender_synthetic,test,toaster,base,mean_reflection_consistency,0.1054574780166149,lower
shiny_blender_synthetic,test,toaster,base,reflective_psnr,28.69510087013245,higher
shiny_blender_synthetic,test,toaster,base,reflective_ssim,0.970665411055088,higher
shiny_blender_synthetic,test,toaster,base,reflective_lpips,0.0377001940226182,lower
shiny_blender_synthetic,test,toaster,base,reflective_region_psnr,22.386799240112303,higher
shiny_blender_synthetic,test,toaster,base,full_psnr,27.33903795242309,higher
shiny_blender_synthetic,test,toaster,base,full_ssim,0.9499877572059632,higher
shiny_blender_synthetic,test,toaster,base,full_lpips,0.0569001308642327,lower
shiny_blender_synthetic,test,toaster,rc,mean_reflection_consistency,0.0572132058441638,lower
shiny_blender_synthetic,test,toaster,rc,reflective_psnr,28.54051815032959,higher
shiny_blender_synthetic,test,toaster,rc,reflective_ssim,0.9706967735290528,higher
shiny_blender_synthetic,test,toaster,rc,reflective_lpips,0.0377627966739237,lower
shiny_blender_synthetic,test,toaster,rc,reflective_region_psnr,22.110078430175783,higher
shiny_blender_synthetic,test,toaster,rc,full_psnr,27.163185234069825,higher
shiny_blender_synthetic,test,toaster,rc,full_ssim,0.9491659086942672,higher
shiny_blender_synthetic,test,toaster,rc,full_lpips,0.0584307136479765,lower
shiny_blender_synthetic,test,toaster,wo_ref,mean_reflection_consistency,0.1361053086817264,lower
shiny_blender_synthetic,test,toaster,wo_ref,reflective_psnr,28.57568362236023,higher
shiny_blender_synthetic,test,toaster,wo_ref,reflective_ssim,0.9706491005420684,higher
shiny_blender_synthetic,test,toaster,wo_ref,reflective_lpips,0.0376972170826047,lower
shiny_blender_synthetic,test,toaster,wo_ref,reflective_region_psnr,22.40520915985108,higher
shiny_blender_synthetic,test,toaster,wo_ref,full_psnr,27.315858478546144,higher
shiny_blender_synthetic,test,toaster,wo_ref,full_ssim,0.9500480517745018,higher
shiny_blender_synthetic,test,toaster,wo_ref,full_lpips,0.0571282803080976,lower
shiny_blender_synthetic,test,toaster,wo_conf,mean_reflection_consistency,0.0671816974878311,lower
shiny_blender_synthetic,test,toaster,wo_conf,reflective_psnr,28.13719407081604,higher
shiny_blender_synthetic,test,toaster,wo_conf,reflective_ssim,0.969327735900879,higher
shiny_blender_synthetic,test,toaster,wo_conf,reflective_lpips,0.0391170453559607,lower
shiny_blender_synthetic,test,toaster,wo_conf,reflective_region_psnr,21.731643295288087,higher
shiny_blender_synthetic,test,toaster,wo_conf,full_psnr,26.95472375869751,higher
shiny_blender_synthetic,test,toaster,wo_conf,full_ssim,0.9486081233620643,higher
shiny_blender_synthetic,test,toaster,wo_conf,full_lpips,0.0590239151380956,lower
shiny_blender_synthetic,test,toaster,rough_only,mean_reflection_consistency,0.1118257388472557,lower
shiny_blender_synthetic,test,toaster,rough_only,reflective_psnr,28.116705493927,higher
shiny_blender_synthetic,test,toaster,rough_only,reflective_ssim,0.9689448875188827,higher
shiny_blender_synthetic,test,toaster,rough_only,reflective_lpips,0.0393702985532581,lower
shiny_blender_synthetic,test,toaster,rough_only,reflective_region_psnr,21.566389274597167,higher
shiny_blender_synthetic,test,toaster,rough_only,full_psnr,26.967208614349364,higher
shiny_blender_synthetic,test,toaster,rough_only,full_ssim,0.948246913254261,higher
shiny_blender_synthetic,test,toaster,rough_only,full_lpips,0.0592478354461491,lower
