dataset,split,scene,metric,base_value,rc_value,metric_direction,improvement,winner,source_file
glossy_synthetic,train,angel,mean_reflection_consistency,0.1161050170660018,0.0997577019035816,lower,0.016347315162420203,RC,paper_assets/data/main_full_metrics_by_dataset_wide.csv
glossy_synthetic,train,angel,reflective_region_psnr,25.86960678100586,26.09582443237305,higher,0.22621765136718963,RC,paper_assets/data/main_full_metrics_by_dataset_wide.csv
glossy_synthetic,train,angel,reflective_psnr,34.376462493624004,34.23360657691956,higher,-0.1428559167044412,base,paper_assets/data/main_full_metrics_by_dataset_wide.csv
glossy_synthetic,train,angel,reflective_ssim,0.9835989932928768,0.9837508334645204,higher,0.00015184017164360242,RC,paper_assets/data/main_full_metrics_by_dataset_wide.csv
glossy_synthetic,train,angel,reflective_lpips,0.0160896331570776,0.0163719008227677,lower,-0.0002822676656900995,base,paper_assets/data/main_full_metrics_by_dataset_wide.csv
glossy_synthetic,train,angel,full_psnr,32.8659302847726,32.80772658756801,higher,-0.058203697204589844,base,paper_assets/data/main_full_metrics_by_dataset_wide.csv
glossy_synthetic,train,angel,full_ssim,0.9742000039134708,0.9744968760226456,higher,0.0002968721091747284,RC,paper_assets/data/main_full_metrics_by_dataset_wide.csv
glossy_synthetic,train,angel,full_lpips,0.0325455718141581,0.0324710208057825,lower,7.455100837559792e-05,RC,paper_assets/data/main_full_metrics_by_dataset_wide.csv
glossy_synthetic,train,bell,mean_reflection_consistency,0.1478155322372913,0.1433430403470993,lower,0.0044724918901919986,RC,paper_assets/data/main_full_metrics_by_dataset_wide.csv
glossy_synthetic,train,bell,reflective_region_psnr,28.298690032958984,28.27375888824463,higher,-0.024931144714354758,base,paper_assets/data/main_full_metrics_by_dataset_wide.csv
glossy_synthetic,train,bell,reflective_psnr,34.90486281258719,34.9207432610648,higher,0.015880448477609832,RC,paper_assets/data/main_full_metrics_by_dataset_wide.csv
glossy_synthetic,train,bell,reflective_ssim,0.9790980273059436,0.9798789471387864,higher,0.0007809198328427858,RC,paper_assets/data/main_full_metrics_by_dataset_wide.csv
glossy_synthetic,train,bell,reflective_lpips,0.0260024357786668,0.0244719251890533,lower,0.0015305105896134992,RC,paper_assets/data/main_full_metrics_by_dataset_wide.csv
glossy_synthetic,train,bell,full_psnr,34.258189473833355,34.27323712621416,higher,0.015047652380808074,RC,paper_assets/data/main_full_metrics_by_dataset_wide.csv
glossy_synthetic,train,bell,full_ssim,0.976869246257203,0.9775770684438092,higher,0.0007078221866062551,RC,paper_assets/data/main_full_metrics_by_dataset_wide.csv
glossy_synthetic,train,bell,full_lpips,0.032542489834928,0.0309785973846114,lower,0.0015638924503166042,RC,paper_assets/data/main_full_metrics_by_dataset_wide.csv
glossy_synthetic,train,cat,mean_reflection_consistency,0.1224585108458995,0.1153977930545806,lower,0.007060717791318893,RC,paper_assets/data/main_full_metrics_by_dataset_wide.csv
glossy_synthetic,train,cat,reflective_region_psnr,28.26777744293213,28.245301818847658,higher,-0.022475624084471235,base,paper_assets/data/main_full_metrics_by_dataset_wide.csv
glossy_synthetic,train,cat,reflective_psnr,36.98094197681972,36.875485352107454,higher,-0.10545662471226791,base,paper_assets/data/main_full_metrics_by_dataset_wide.csv
glossy_synthetic,train,cat,reflective_ssim,0.989677577146462,0.9890196302107402,higher,-0.0006579469357217427,base,paper_assets/data/main_full_metrics_by_dataset_wide.csv
glossy_synthetic,train,cat,reflective_lpips,0.0180683377298659,0.0188038112329585,lower,-0.0007354735030925992,base,paper_assets/data/main_full_metrics_by_dataset_wide.csv
glossy_synthetic,train,cat,full_psnr,36.00860548019409,36.03758927753994,higher,0.028983797345844664,RC,paper_assets/data/main_full_metrics_by_dataset_wide.csv
glossy_synthetic,train,cat,full_ssim,0.9855903860713754,0.9857039712369442,higher,0.00011358516556880804,RC,paper_assets/data/main_full_metrics_by_dataset_wide.csv
glossy_synthetic,train,cat,full_lpips,0.0293366401788911,0.0291747528826817,lower,0.0001618872962094002,RC,paper_assets/data/main_full_metrics_by_dataset_wide.csv
glossy_synthetic,train,horse,mean_reflection_consistency,0.1993733793497085,0.178480402380228,lower,0.020892976969480503,RC,paper_assets/data/main_full_metrics_by_dataset_wide.csv
glossy_synthetic,train,horse,reflective_region_psnr,24.13563022613525,24.25545234680176,higher,0.11982212066650888,RC,paper_assets/data/main_full_metrics_by_dataset_wide.csv
glossy_synthetic,train,horse,reflective_psnr,32.955077852521626,33.067918624196736,higher,0.11284077167510986,RC,paper_assets/data/main_full_metrics_by_dataset_wide.csv
glossy_synthetic,train,horse,reflective_ssim,0.980091870895454,0.980128502207143,higher,3.663131168896161e-05,RC,paper_assets/data/main_full_metrics_by_dataset_wide.csv
glossy_synthetic,train,horse,reflective_lpips,0.0174163100808592,0.0175319924850815,lower,-0.00011568240422230036,base,paper_assets/data/main_full_metrics_by_dataset_wide.csv
glossy_synthetic,train,horse,full_psnr,30.47383063180106,30.506667528833663,higher,0.03283689703260251,RC,paper_assets/data/main_full_metrics_by_dataset_wide.csv
glossy_synthetic,train,horse,full_ssim,0.9692279866763523,0.969814194632428,higher,0.0005862079560756683,RC,paper_assets/data/main_full_metrics_by_dataset_wide.csv
glossy_synthetic,train,horse,full_lpips,0.0293434990702995,0.0291160381498879,lower,0.00022746092041159988,RC,paper_assets/data/main_full_metrics_by_dataset_wide.csv
glossy_synthetic,train,luyu,mean_reflection_consistency,0.1188806600868701,0.1100398741662502,lower,0.00884078592061989,RC,paper_assets/data/main_full_metrics_by_dataset_wide.csv
glossy_synthetic,train,luyu,reflective_region_psnr,25.514339637756347,24.71407489776612,higher,-0.8002647399902258,base,paper_assets/data/main_full_metrics_by_dataset_wide.csv
glossy_synthetic,train,luyu,reflective_psnr,33.95423786980765,33.3053354876382,higher,-0.648902382169446,base,paper_assets/data/main_full_metrics_by_dataset_wide.csv
glossy_synthetic,train,luyu,reflective_ssim,0.9796441426234586,0.9789685202496392,higher,-0.0006756223738193512,base,paper_assets/data/main_full_metrics_by_dataset_wide.csv
glossy_synthetic,train,luyu,reflective_lpips,0.0195913613008867,0.0212975137983448,lower,-0.0017061524974581015,base,paper_assets/data/main_full_metrics_by_dataset_wide.csv
glossy_synthetic,train,luyu,full_psnr,32.07533998148782,31.61531347887857,higher,-0.46002650260925293,base,paper_assets/data/main_full_metrics_by_dataset_wide.csv
glossy_synthetic,train,luyu,full_ssim,0.966454624065331,0.9660793345953737,higher,-0.0003752894699573517,base,paper_assets/data/main_full_metrics_by_dataset_wide.csv
glossy_synthetic,train,luyu,full_lpips,0.0314378451855321,0.0326743896751265,lower,-0.0012365444895943989,base,paper_assets/data/main_full_metrics_by_dataset_wide.csv
glossy_synthetic,train,potion,mean_reflection_consistency,0.0924010790884494,0.0871635764837265,lower,0.005237502604722902,RC,paper_assets/data/main_full_metrics_by_dataset_wide.csv
glossy_synthetic,train,potion,reflective_region_psnr,29.079368019104,29.33946208953857,higher,0.26009407043457244,RC,paper_assets/data/main_full_metrics_by_dataset_wide.csv
glossy_synthetic,train,potion,reflective_psnr,36.19237075533186,36.31153321266174,higher,0.11916245732988529,RC,paper_assets/data/main_full_metrics_by_dataset_wide.csv
glossy_synthetic,train,potion,reflective_ssim,0.9797775681529728,0.9798827692866324,higher,0.00010520113365963812,RC,paper_assets/data/main_full_metrics_by_dataset_wide.csv
glossy_synthetic,train,potion,reflective_lpips,0.0328107241408101,0.0320936947495543,lower,0.0007170293912557996,RC,paper_assets/data/main_full_metrics_by_dataset_wide.csv
glossy_synthetic,train,potion,full_psnr,34.99247983523777,35.19222099440439,higher,0.1997411591666136,RC,paper_assets/data/main_full_metrics_by_dataset_wide.csv
glossy_synthetic,train,potion,full_ssim,0.9744603293282644,0.9750580276761736,higher,0.0005976983479091258,RC,paper_assets/data/main_full_metrics_by_dataset_wide.csv
glossy_synthetic,train,potion,full_lpips,0.0493946124333888,0.048408713856978,lower,0.0009858985764108,RC,paper_assets/data/main_full_metrics_by_dataset_wide.csv
glossy_synthetic,train,tbell,mean_reflection_consistency,0.2808011561632156,0.2262924328446388,lower,0.05450872331857681,RC,paper_assets/data/main_full_metrics_by_dataset_wide.csv
glossy_synthetic,train,tbell,reflective_region_psnr,27.632582473754884,27.312349319458008,higher,-0.3202331542968757,base,paper_assets/data/main_full_metrics_by_dataset_wide.csv
glossy_synthetic,train,tbell,reflective_psnr,34.00247841221945,33.86807264600481,higher,-0.13440576621464118,base,paper_assets/data/main_full_metrics_by_dataset_wide.csv
glossy_synthetic,train,tbell,reflective_ssim,0.9790906640035766,0.9787795426590102,higher,-0.0003111213445663452,base,paper_assets/data/main_full_metrics_by_dataset_wide.csv
glossy_synthetic,train,tbell,reflective_lpips,0.0259363891922735,0.0262398487123261,lower,-0.00030345952005260066,base,paper_assets/data/main_full_metrics_by_dataset_wide.csv
glossy_synthetic,train,tbell,full_psnr,33.503919754709514,33.58587271826608,higher,0.08195296355656723,RC,paper_assets/data/main_full_metrics_by_dataset_wide.csv
glossy_synthetic,train,tbell,full_ssim,0.9773495623043604,0.977724187608276,higher,0.0003746253039155212,RC,paper_assets/data/main_full_metrics_by_dataset_wide.csv
glossy_synthetic,train,tbell,full_lpips,0.0321990284802658,0.0312498442695609,lower,0.0009491842107048967,RC,paper_assets/data/main_full_metrics_by_dataset_wide.csv
glossy_synthetic,train,teapot,mean_reflection_consistency,0.3351043462753296,0.2942800536751747,lower,0.04082429260015491,RC,paper_assets/data/main_full_metrics_by_dataset_wide.csv
glossy_synthetic,train,teapot,reflective_region_psnr,23.052289962768555,22.8585039138794,higher,-0.19378604888915518,base,paper_assets/data/main_full_metrics_by_dataset_wide.csv
glossy_synthetic,train,teapot,reflective_psnr,30.510475516319275,30.47585414137159,higher,-0.03462137494768314,base,paper_assets/data/main_full_metrics_by_dataset_wide.csv
glossy_synthetic,train,teapot,reflective_ssim,0.9712742785257952,0.971477758139372,higher,0.00020347961357680688,RC,paper_assets/data/main_full_metrics_by_dataset_wide.csv
glossy_synthetic,train,teapot,reflective_lpips,0.0329098770328398,0.0330767084877671,lower,-0.0001668314549273034,base,paper_assets/data/main_full_metrics_by_dataset_wide.csv
glossy_synthetic,train,teapot,full_psnr,29.86964590208871,30.01481435980116,higher,0.14516845771245102,RC,paper_assets/data/main_full_metrics_by_dataset_wide.csv
glossy_synthetic,train,teapot,full_ssim,0.9682701075715678,0.9691854135266372,higher,0.0009153059550693898,RC,paper_assets/data/main_full_metrics_by_dataset_wide.csv
glossy_synthetic,train,teapot,full_lpips,0.0385867910060499,0.0383540912797408,lower,0.00023269972630909908,RC,paper_assets/data/main_full_metrics_by_dataset_wide.csv
glossy_synthetic,test,angel,mean_reflection_consistency,0.1224045969545841,0.1077954076230525,lower,0.014609189331531602,RC,paper_assets/data/main_full_metrics_by_dataset_wide.csv
glossy_synthetic,test,angel,reflective_region_psnr,22.186219787597658,22.699249267578125,higher,0.5130294799804673,RC,paper_assets/data/main_full_metrics_by_dataset_wide.csv
glossy_synthetic,test,angel,reflective_psnr,31.02737820148468,31.093984007835388,higher,0.06660580635070801,RC,paper_assets/data/main_full_metrics_by_dataset_wide.csv
glossy_synthetic,test,angel,reflective_ssim,0.9697593972086906,0.9696534723043442,higher,-0.00010592490434646606,base,paper_assets/data/main_full_metrics_by_dataset_wide.csv
glossy_synthetic,test,angel,reflective_lpips,0.0227484803763218,0.022523145424202,lower,0.00022533495211980031,RC,paper_assets/data/main_full_metrics_by_dataset_wide.csv
glossy_synthetic,test,angel,full_psnr,29.736383318901066,29.881834983825684,higher,0.14545166492461803,RC,paper_assets/data/main_full_metrics_by_dataset_wide.csv
glossy_synthetic,test,angel,full_ssim,0.9514805562794209,0.9524393528699876,higher,0.0009587965905667462,RC,paper_assets/data/main_full_metrics_by_dataset_wide.csv
glossy_synthetic,test,angel,full_lpips,0.0395800936967134,0.0393520023208111,lower,0.00022809137590230205,RC,paper_assets/data/main_full_metrics_by_dataset_wide.csv
glossy_synthetic,test,bell,mean_reflection_consistency,0.109719630330801,0.1077431581914424,lower,0.001976472139358601,RC,paper_assets/data/main_full_metrics_by_dataset_wide.csv
glossy_synthetic,test,bell,reflective_region_psnr,25.546735572814946,25.735924339294435,higher,0.18918876647948935,RC,paper_assets/data/main_full_metrics_by_dataset_wide.csv
glossy_synthetic,test,bell,reflective_psnr,32.164868116378784,32.3101943731308,higher,0.14532625675201416,RC,paper_assets/data/main_full_metrics_by_dataset_wide.csv
glossy_synthetic,test,bell,reflective_ssim,0.9666688106954098,0.9678541906177998,higher,0.0011853799223899841,RC,paper_assets/data/main_full_metrics_by_dataset_wide.csv
glossy_synthetic,test,bell,reflective_lpips,0.0347917609615251,0.0321149375522509,lower,0.0026768234092741996,RC,paper_assets/data/main_full_metrics_by_dataset_wide.csv
glossy_synthetic,test,bell,full_psnr,31.637834668159485,31.77191960811615,higher,0.13408493995666504,RC,paper_assets/data/main_full_metrics_by_dataset_wide.csv
glossy_synthetic,test,bell,full_ssim,0.9630710706114768,0.964034728705883,higher,0.000963658094406239,RC,paper_assets/data/main_full_metrics_by_dataset_wide.csv
glossy_synthetic,test,bell,full_lpips,0.0417090912815183,0.0390872552525252,lower,0.002621836028993095,RC,paper_assets/data/main_full_metrics_by_dataset_wide.csv
glossy_synthetic,test,cat,mean_reflection_consistency,0.156605814397335,0.1497700244188308,lower,0.006835789978504203,RC,paper_assets/data/main_full_metrics_by_dataset_wide.csv
glossy_synthetic,test,cat,reflective_region_psnr,27.2645055770874,26.788152313232423,higher,-0.47635326385497834,base,paper_assets/data/main_full_metrics_by_dataset_wide.csv
glossy_synthetic,test,cat,reflective_psnr,34.4962375164032,33.952213168144226,higher,-0.5440243482589722,base,paper_assets/data/main_full_metrics_by_dataset_wide.csv
glossy_synthetic,test,cat,reflective_ssim,0.9824726916849612,0.9805249124765396,higher,-0.0019477792084215961,base,paper_assets/data/main_full_metrics_by_dataset_wide.csv
glossy_synthetic,test,cat,reflective_lpips,0.0237028880510479,0.0251582667697221,lower,-0.0014553787186742002,base,paper_assets/data/main_full_metrics_by_dataset_wide.csv
glossy_synthetic,test,cat,full_psnr,33.29552483558655,33.0527685880661,higher,-0.24275624752044678,base,paper_assets/data/main_full_metrics_by_dataset_wide.csv
glossy_synthetic,test,cat,full_ssim,0.974674727767706,0.974432148039341,higher,-0.00024257972836505548,base,paper_assets/data/main_full_metrics_by_dataset_wide.csv
glossy_synthetic,test,cat,full_lpips,0.0384301677113398,0.0385905808070674,lower,-0.0001604130957275976,base,paper_assets/data/main_full_metrics_by_dataset_wide.csv
glossy_synthetic,test,horse,mean_reflection_consistency,0.2250296831130981,0.1946511507034301,lower,0.030378532409668008,RC,paper_assets/data/main_full_metrics_by_dataset_wide.csv
glossy_synthetic,test,horse,reflective_region_psnr,22.16110363006592,22.394418716430664,higher,0.23331508636474396,RC,paper_assets/data/main_full_metrics_by_dataset_wide.csv
glossy_synthetic,test,horse,reflective_psnr,30.423553824424744,30.55985558032989,higher,0.13630175590514781,RC,paper_assets/data/main_full_metrics_by_dataset_wide.csv
glossy_synthetic,test,horse,reflective_ssim,0.9688311144709588,0.9683698453009127,higher,-0.0004612691700460747,base,paper_assets/data/main_full_metrics_by_dataset_wide.csv
glossy_synthetic,test,horse,reflective_lpips,0.0251725682755932,0.0254740713280625,lower,-0.0003015030524693013,base,paper_assets/data/main_full_metrics_by_dataset_wide.csv
glossy_synthetic,test,horse,full_psnr,27.62704145908356,27.702359437942505,higher,0.0753179788589442,RC,paper_assets/data/main_full_metrics_by_dataset_wide.csv
glossy_synthetic,test,horse,full_ssim,0.9448911026120186,0.9454795122146606,higher,0.0005884096026420593,RC,paper_assets/data/main_full_metrics_by_dataset_wide.csv
glossy_synthetic,test,horse,full_lpips,0.0380590773420408,0.0376860084943473,lower,0.0003730688476935029,RC,paper_assets/data/main_full_metrics_by_dataset_wide.csv
glossy_synthetic,test,luyu,mean_reflection_consistency,0.1244205117225647,0.1195022352039814,lower,0.0049182765185833005,RC,paper_assets/data/main_full_metrics_by_dataset_wide.csv
glossy_synthetic,test,luyu,reflective_region_psnr,23.33660182952881,22.59705638885498,higher,-0.7395454406738295,base,paper_assets/data/main_full_metrics_by_dataset_wide.csv
glossy_synthetic,test,luyu,reflective_psnr,31.369457006454468,30.713675141334534,higher,-0.6557818651199341,base,paper_assets/data/main_full_metrics_by_dataset_wide.csv
glossy_synthetic,test,luyu,reflective_ssim,0.9687906429171562,0.9677977859973907,higher,-0.0009928569197654724,base,paper_assets/data/main_full_metrics_by_dataset_wide.csv
glossy_synthetic,test,luyu,reflective_lpips,0.0247649874072521,0.0271824040682986,lower,-0.002417416661046501,base,paper_assets/data/main_full_metrics_by_dataset_wide.csv
glossy_synthetic,test,luyu,full_psnr,29.47779715061188,29.056204080581665,higher,-0.42159307003021596,base,paper_assets/data/main_full_metrics_by_dataset_wide.csv
glossy_synthetic,test,luyu,full_ssim,0.947934940457344,0.9479799754917622,higher,4.503503441810608e-05,RC,paper_assets/data/main_full_metrics_by_dataset_wide.csv
glossy_synthetic,test,luyu,full_lpips,0.037568500265479,0.0391065921867266,lower,-0.0015380919212476044,base,paper_assets/data/main_full_metrics_by_dataset_wide.csv
glossy_synthetic,test,potion,mean_reflection_consistency,0.0858457002788782,0.08339374512434,lower,0.0024519551545381935,RC,paper_assets/data/main_full_metrics_by_dataset_wide.csv
glossy_synthetic,test,potion,reflective_region_psnr,27.773388862609863,28.10766887664795,higher,0.33428001403808594,RC,paper_assets/data/main_full_metrics_by_dataset_wide.csv
glossy_synthetic,test,potion,reflective_psnr,34.02612376213074,34.19976258277893,higher,0.17363882064819336,RC,paper_assets/data/main_full_metrics_by_dataset_wide.csv
glossy_synthetic,test,potion,reflective_ssim,0.9720447063446044,0.9723633788526058,higher,0.00031867250800143854,RC,paper_assets/data/main_full_metrics_by_dataset_wide.csv
glossy_synthetic,test,potion,reflective_lpips,0.0395058401627466,0.0392893520183861,lower,0.0002164881443605035,RC,paper_assets/data/main_full_metrics_by_dataset_wide.csv
glossy_synthetic,test,potion,full_psnr,32.73419630527496,32.87587833404541,higher,0.14168202877044678,RC,paper_assets/data/main_full_metrics_by_dataset_wide.csv
glossy_synthetic,test,potion,full_ssim,0.9625495113432408,0.9635882936418056,higher,0.0010387822985647999,RC,paper_assets/data/main_full_metrics_by_dataset_wide.csv
glossy_synthetic,test,potion,full_lpips,0.0588522602338343,0.0569856108631938,lower,0.0018666493706405024,RC,paper_assets/data/main_full_metrics_by_dataset_wide.csv
glossy_synthetic,test,tbell,mean_reflection_consistency,0.3169427782297134,0.2604417517781258,lower,0.05650102645158761,RC,paper_assets/data/main_full_metrics_by_dataset_wide.csv
glossy_synthetic,test,tbell,reflective_region_psnr,25.76476020812988,25.88907070159912,higher,0.12431049346924183,RC,paper_assets/data/main_full_metrics_by_dataset_wide.csv
glossy_synthetic,test,tbell,reflective_psnr,30.948215126991272,30.97561180591584,higher,0.027396678924567652,RC,paper_assets/data/main_full_metrics_by_dataset_wide.csv
glossy_synthetic,test,tbell,reflective_ssim,0.9675749987363816,0.967334058135748,higher,-0.00024094060063362122,base,paper_assets/data/main_full_metrics_by_dataset_wide.csv
glossy_synthetic,test,tbell,reflective_lpips,0.0350554075557738,0.0351045749848708,lower,-4.916742909700372e-05,base,paper_assets/data/main_full_metrics_by_dataset_wide.csv
glossy_synthetic,test,tbell,full_psnr,30.423270106315613,30.662683725357056,higher,0.23941361904144287,RC,paper_assets/data/main_full_metrics_by_dataset_wide.csv
glossy_synthetic,test,tbell,full_ssim,0.9641860984265804,0.964991107583046,higher,0.0008050091564655304,RC,paper_assets/data/main_full_metrics_by_dataset_wide.csv
glossy_synthetic,test,tbell,full_lpips,0.0423441501334309,0.0412571588531136,lower,0.0010869912803172996,RC,paper_assets/data/main_full_metrics_by_dataset_wide.csv
glossy_synthetic,test,teapot,mean_reflection_consistency,0.2959328785538673,0.2524333536624908,lower,0.043499524891376484,RC,paper_assets/data/main_full_metrics_by_dataset_wide.csv
glossy_synthetic,test,teapot,reflective_region_psnr,20.463845634460448,20.661319732666016,higher,0.19747409820556783,RC,paper_assets/data/main_full_metrics_by_dataset_wide.csv
glossy_synthetic,test,teapot,reflective_psnr,27.20156443119049,27.20884656906128,higher,0.007282137870788574,RC,paper_assets/data/main_full_metrics_by_dataset_wide.csv
glossy_synthetic,test,teapot,reflective_ssim,0.9512129202485085,0.951549157500267,higher,0.00033623725175857544,RC,paper_assets/data/main_full_metrics_by_dataset_wide.csv
glossy_synthetic,test,teapot,reflective_lpips,0.0438581835478544,0.0430140802636742,lower,0.000844103284180206,RC,paper_assets/data/main_full_metrics_by_dataset_wide.csv
glossy_synthetic,test,teapot,full_psnr,26.58281433582306,26.751352787017822,higher,0.16853845119476318,RC,paper_assets/data/main_full_metrics_by_dataset_wide.csv
glossy_synthetic,test,teapot,full_ssim,0.9448713436722757,0.9467399902641772,higher,0.0018686465919015571,RC,paper_assets/data/main_full_metrics_by_dataset_wide.csv
glossy_synthetic,test,teapot,full_lpips,0.0511018079705536,0.0500873576384037,lower,0.0010144503321499049,RC,paper_assets/data/main_full_metrics_by_dataset_wide.csv
shiny_blender_synthetic,train,ball,mean_reflection_consistency,0.1712649494409561,0.1663990885019302,lower,0.004865860939025912,RC,paper_assets/data/main_full_metrics_by_dataset_wide.csv
shiny_blender_synthetic,train,ball,reflective_region_psnr,37.80105285644531,38.0914852142334,higher,0.2904323577880916,RC,paper_assets/data/main_full_metrics_by_dataset_wide.csv
shiny_blender_synthetic,train,ball,reflective_psnr,41.106985206604,41.21255100250245,higher,0.10556579589844972,RC,paper_assets/data/main_full_metrics_by_dataset_wide.csv
shiny_blender_synthetic,train,ball,reflective_ssim,0.9923985570669174,0.9922647655010224,higher,-0.00013379156589499175,base,paper_assets/data/main_full_metrics_by_dataset_wide.csv
shiny_blender_synthetic,train,ball,reflective_lpips,0.0228039968013763,0.0255917888786643,lower,-0.0027877920772879997,base,paper_assets/data/main_full_metrics_by_dataset_wide.csv
shiny_blender_synthetic,train,ball,full_psnr,40.85372295379639,40.98823234558105,higher,0.13450939178466115,RC,paper_assets/data/main_full_metrics_by_dataset_wide.csv
shiny_blender_synthetic,train,ball,full_ssim,0.9917829132080078,0.99187539935112,higher,9.24861431121915e-05,RC,paper_assets/data/main_full_metrics_by_dataset_wide.csv
shiny_blender_synthetic,train,ball,full_lpips,0.0318296349048614,0.0314202127419412,lower,0.00040942216292019773,RC,paper_assets/data/main_full_metrics_by_dataset_wide.csv
shiny_blender_synthetic,train,car,mean_reflection_consistency,0.3124761778861284,0.1426708940416574,lower,0.16980528384447102,RC,paper_assets/data/main_full_metrics_by_dataset_wide.csv
shiny_blender_synthetic,train,car,reflective_region_psnr,31.03232326507568,30.99400882720948,higher,-0.03831443786619815,base,paper_assets/data/main_full_metrics_by_dataset_wide.csv
shiny_blender_synthetic,train,car,reflective_psnr,38.13613090515137,37.908733406066894,higher,-0.22739749908447493,base,paper_assets/data/main_full_metrics_by_dataset_wide.csv
shiny_blender_synthetic,train,car,reflective_ssim,0.9891319018602373,0.9888956397771836,higher,-0.00023626208305360663,base,paper_assets/data/main_full_metrics_by_dataset_wide.csv
shiny_blender_synthetic,train,car,reflective_lpips,0.005930654965341,0.0063235793309286,lower,-0.0003929243655875995,base,paper_assets/data/main_full_metrics_by_dataset_wide.csv
shiny_blender_synthetic,train,car,full_psnr,36.740454483032224,36.506158142089845,higher,-0.23429634094237883,base,paper_assets/data/main_full_metrics_by_dataset_wide.csv
shiny_blender_synthetic,train,car,full_ssim,0.985656060576439,0.985535243153572,higher,-0.00012081742286695896,base,paper_assets/data/main_full_metrics_by_dataset_wide.csv
shiny_blender_synthetic,train,car,full_lpips,0.0090611342014744,0.0090828548045828,lower,-2.1720603108399406e-05,base,paper_assets/data/main_full_metrics_by_dataset_wide.csv
shiny_blender_synthetic,train,coffee,mean_reflection_consistency,0.0538857832551002,0.0222299552522599,lower,0.031655828002840294,RC,paper_assets/data/main_full_metrics_by_dataset_wide.csv
shiny_blender_synthetic,train,coffee,reflective_region_psnr,35.920494079589844,35.814023399353026,higher,-0.10647068023681783,base,paper_assets/data/main_full_metrics_by_dataset_wide.csv
shiny_blender_synthetic,train,coffee,reflective_psnr,42.35140979766846,41.19879467010498,higher,-1.1526151275634788,base,paper_assets/data/main_full_metrics_by_dataset_wide.csv
shiny_blender_synthetic,train,coffee,reflective_ssim,0.9916090375185012,0.9904482960700988,higher,-0.0011607414484023915,base,paper_assets/data/main_full_metrics_by_dataset_wide.csv
shiny_blender_synthetic,train,coffee,reflective_lpips,0.0098210799996741,0.0110690743150189,lower,-0.0012479943153447994,base,paper_assets/data/main_full_metrics_by_dataset_wide.csv
shiny_blender_synthetic,train,coffee,full_psnr,39.01282356262207,38.845851249694825,higher,-0.16697231292724268,base,paper_assets/data/main_full_metrics_by_dataset_wide.csv
shiny_blender_synthetic,train,coffee,full_ssim,0.9834073233604432,0.9832272011041642,higher,-0.0001801222562790583,base,paper_assets/data/main_full_metrics_by_dataset_wide.csv
shiny_blender_synthetic,train,coffee,full_lpips,0.0344631484150886,0.0353838243335485,lower,-0.0009206759184599012,base,paper_assets/data/main_full_metrics_by_dataset_wide.csv
shiny_blender_synthetic,train,helmet,mean_reflection_consistency,0.6405774474143981,0.0895418930798769,lower,0.5510355543345212,RC,paper_assets/data/main_full_metrics_by_dataset_wide.csv
shiny_blender_synthetic,train,helmet,reflective_region_psnr,36.69405632019043,36.785546112060544,higher,0.09148979187011719,RC,paper_assets/data/main_full_metrics_by_dataset_wide.csv
shiny_blender_synthetic,train,helmet,reflective_psnr,40.846081199646,40.7701453781128,higher,-0.0759358215332,base,paper_assets/data/main_full_metrics_by_dataset_wide.csv
shiny_blender_synthetic,train,helmet,reflective_ssim,0.9941075021028518,0.993927591443062,higher,-0.00017991065978983922,base,paper_assets/data/main_full_metrics_by_dataset_wide.csv
shiny_blender_synthetic,train,helmet,reflective_lpips,0.0049971154029481,0.0051138574187643,lower,-0.00011674201581619945,base,paper_assets/data/main_full_metrics_by_dataset_wide.csv
shiny_blender_synthetic,train,helmet,full_psnr,40.14170768737793,40.051305541992186,higher,-0.09040214538574531,base,paper_assets/data/main_full_metrics_by_dataset_wide.csv
shiny_blender_synthetic,train,helmet,full_ssim,0.9934892982244492,0.9932921969890596,higher,-0.00019710123538962954,base,paper_assets/data/main_full_metrics_by_dataset_wide.csv
shiny_blender_synthetic,train,helmet,full_lpips,0.0063313777325674,0.0064590676967054,lower,-0.00012768996413799975,base,paper_assets/data/main_full_metrics_by_dataset_wide.csv
shiny_blender_synthetic,train,teapot,mean_reflection_consistency,0.0217622350435704,0.0124828554224222,lower,0.009279379621148198,RC,paper_assets/data/main_full_metrics_by_dataset_wide.csv
shiny_blender_synthetic,train,teapot,reflective_region_psnr,39.03930854797363,39.777783966064455,higher,0.7384754180908217,RC,paper_assets/data/main_full_metrics_by_dataset_wide.csv
shiny_blender_synthetic,train,teapot,reflective_psnr,50.34840847015381,51.13564716339111,higher,0.7872386932373061,RC,paper_assets/data/main_full_metrics_by_dataset_wide.csv
shiny_blender_synthetic,train,teapot,reflective_ssim,0.9993279641866684,0.9994064688682556,higher,7.850468158721036e-05,RC,paper_assets/data/main_full_metrics_by_dataset_wide.csv
shiny_blender_synthetic,train,teapot,reflective_lpips,0.0007178935914998,0.0006102736102184,lower,0.00010761998128139998,RC,paper_assets/data/main_full_metrics_by_dataset_wide.csv
shiny_blender_synthetic,train,teapot,full_psnr,49.087399368286135,49.77710113525391,higher,0.6897017669677723,RC,paper_assets/data/main_full_metrics_by_dataset_wide.csv
shiny_blender_synthetic,train,teapot,full_ssim,0.998963303565979,0.999070611000061,higher,0.00010730743408204901,RC,paper_assets/data/main_full_metrics_by_dataset_wide.csv
shiny_blender_synthetic,train,teapot,full_lpips,0.0016857076023006,0.0014377997926203,lower,0.00024790780968030014,RC,paper_assets/data/main_full_metrics_by_dataset_wide.csv
shiny_blender_synthetic,train,toaster,mean_reflection_consistency,0.278150674700737,0.162093286216259,lower,0.116057388484478,RC,paper_assets/data/main_full_metrics_by_dataset_wide.csv
shiny_blender_synthetic,train,toaster,reflective_region_psnr,31.09833469390869,31.214613723754884,higher,0.11627902984619354,RC,paper_assets/data/main_full_metrics_by_dataset_wide.csv
shiny_blender_synthetic,train,toaster,reflective_psnr,35.976572589874266,36.20748571395874,higher,0.2309131240844735,RC,paper_assets/data/main_full_metrics_by_dataset_wide.csv
shiny_blender_synthetic,train,toaster,reflective_ssim,0.9911238890886308,0.9914644241333008,higher,0.0003405350446700206,RC,paper_assets/data/main_full_metrics_by_dataset_wide.csv
shiny_blender_synthetic,train,toaster,reflective_lpips,0.0120208596438169,0.0117870551627129,lower,0.0002338044811039993,RC,paper_assets/data/main_full_metrics_by_dataset_wide.csv
shiny_blender_synthetic,train,toaster,full_psnr,33.75893051147461,33.81546375274658,higher,0.056533241271971235,RC,paper_assets/data/main_full_metrics_by_dataset_wide.csv
shiny_blender_synthetic,train,toaster,full_ssim,0.9781747549772264,0.9781374567747116,higher,-3.729820251474614e-05,base,paper_assets/data/main_full_metrics_by_dataset_wide.csv
shiny_blender_synthetic,train,toaster,full_lpips,0.0240752092283219,0.0245723131392151,lower,-0.0004971039108931999,base,paper_assets/data/main_full_metrics_by_dataset_wide.csv
shiny_blender_synthetic,test,ball,mean_reflection_consistency,0.0495509508997201,0.0481533735990524,lower,0.001397577300667703,RC,paper_assets/data/main_full_metrics_by_dataset_wide.csv
shiny_blender_synthetic,test,ball,reflective_region_psnr,32.91583442687988,32.86421661376953,higher,-0.051617813110354405,base,paper_assets/data/main_full_metrics_by_dataset_wide.csv
shiny_blender_synthetic,test,ball,reflective_psnr,38.670911960601806,38.69281721115112,higher,0.02190525054931669,RC,paper_assets/data/main_full_metrics_by_dataset_wide.csv
shiny_blender_synthetic,test,ball,reflective_ssim,0.9886962255835532,0.9884553492069243,higher,-0.0002408763766288402,base,paper_assets/data/main_full_metrics_by_dataset_wide.csv
shiny_blender_synthetic,test,ball,reflective_lpips,0.0266809061681851,0.0309876635763794,lower,-0.004306757408194303,base,paper_assets/data/main_full_metrics_by_dataset_wide.csv
shiny_blender_synthetic,test,ball,full_psnr,38.510990924835205,38.56738069534302,higher,0.05638977050781335,RC,paper_assets/data/main_full_metrics_by_dataset_wide.csv
shiny_blender_synthetic,test,ball,full_ssim,0.987964893579483,0.9880351668596268,higher,7.027328014375112e-05,RC,paper_assets/data/main_full_metrics_by_dataset_wide.csv
shiny_blender_synthetic,test,ball,full_lpips,0.0366052108351141,0.0363157899118959,lower,0.00028942092321820184,RC,paper_assets/data/main_full_metrics_by_dataset_wide.csv
shiny_blender_synthetic,test,car,mean_reflection_consistency,0.0860734429210424,0.0482423964887857,lower,0.037831046432256696,RC,paper_assets/data/main_full_metrics_by_dataset_wide.csv
shiny_blender_synthetic,test,car,reflective_region_psnr,27.51102466583252,27.84440536499024,higher,0.33338069915772195,RC,paper_assets/data/main_full_metrics_by_dataset_wide.csv
shiny_blender_synthetic,test,car,reflective_psnr,32.816805353164675,32.916545209884646,higher,0.09973985671997099,RC,paper_assets/data/main_full_metrics_by_dataset_wide.csv
shiny_blender_synthetic,test,car,reflective_ssim,0.9758946678042412,0.9761832144856452,higher,0.0002885466814039894,RC,paper_assets/data/main_full_metrics_by_dataset_wide.csv
shiny_blender_synthetic,test,car,reflective_lpips,0.0131234041810967,0.0138054104242473,lower,-0.0006820062431505992,base,paper_assets/data/main_full_metrics_by_dataset_wide.csv
shiny_blender_synthetic,test,car,full_psnr,31.46817236900329,31.449704580307007,higher,-0.018467788696284515,base,paper_assets/data/main_full_metrics_by_dataset_wide.csv
shiny_blender_synthetic,test,car,full_ssim,0.967081052660942,0.9674327671527864,higher,0.000351714491844346,RC,paper_assets/data/main_full_metrics_by_dataset_wide.csv
shiny_blender_synthetic,test,car,full_lpips,0.0188420040858909,0.018566444418393,lower,0.0002755596674979023,RC,paper_assets/data/main_full_metrics_by_dataset_wide.csv
shiny_blender_synthetic,test,coffee,mean_reflection_consistency,0.0069127775728702,0.0092514680698513,lower,-0.0023386904969811004,base,paper_assets/data/main_full_metrics_by_dataset_wide.csv
shiny_blender_synthetic,test,coffee,reflective_region_psnr,29.41759090423584,28.612015342712404,higher,-0.8055755615234368,base,paper_assets/data/main_full_metrics_by_dataset_wide.csv
shiny_blender_synthetic,test,coffee,reflective_psnr,37.00081950187683,36.74956224441528,higher,-0.25125725746155325,base,paper_assets/data/main_full_metrics_by_dataset_wide.csv
shiny_blender_synthetic,test,coffee,reflective_ssim,0.9853902697563172,0.9842551305890084,higher,-0.0011351391673087852,base,paper_assets/data/main_full_metrics_by_dataset_wide.csv
shiny_blender_synthetic,test,coffee,reflective_lpips,0.0134853238495998,0.0143551868409849,lower,-0.0008698629913850998,base,paper_assets/data/main_full_metrics_by_dataset_wide.csv
shiny_blender_synthetic,test,coffee,full_psnr,34.61283143043518,34.87388124465942,higher,0.26104981422424345,RC,paper_assets/data/main_full_metrics_by_dataset_wide.csv
shiny_blender_synthetic,test,coffee,full_ssim,0.9741970217227937,0.9749140587449072,higher,0.0007170370221135647,RC,paper_assets/data/main_full_metrics_by_dataset_wide.csv
shiny_blender_synthetic,test,coffee,full_lpips,0.0460944677796214,0.0458372793998569,lower,0.00025718837976450304,RC,paper_assets/data/main_full_metrics_by_dataset_wide.csv
shiny_blender_synthetic,test,helmet,mean_reflection_consistency,0.2168389335274696,0.0359569136053323,lower,0.18088201992213732,RC,paper_assets/data/main_full_metrics_by_dataset_wide.csv
shiny_blender_synthetic,test,helmet,reflective_region_psnr,35.91402015686035,35.57592620849609,higher,-0.33809394836426065,base,paper_assets/data/main_full_metrics_by_dataset_wide.csv
shiny_blender_synthetic,test,helmet,reflective_psnr,36.46292031288147,36.55509870529175,higher,0.09217839241027548,RC,paper_assets/data/main_full_metrics_by_dataset_wide.csv
shiny_blender_synthetic,test,helmet,reflective_ssim,0.9869083300232888,0.9869203695654868,higher,1.203954219797243e-05,RC,paper_assets/data/main_full_metrics_by_dataset_wide.csv
shiny_blender_synthetic,test,helmet,reflective_lpips,0.0113525103149004,0.0113222172972746,lower,3.0293017625800805e-05,RC,paper_assets/data/main_full_metrics_by_dataset_wide.csv
shiny_blender_synthetic,test,helmet,full_psnr,35.8392297744751,35.91236875534057,higher,0.07313898086547255,RC,paper_assets/data/main_full_metrics_by_dataset_wide.csv
shiny_blender_synthetic,test,helmet,full_ssim,0.9850164332985878,0.9850048306584358,higher,-1.160264015198642e-05,base,paper_assets/data/main_full_metrics_by_dataset_wide.csv
shiny_blender_synthetic,test,helmet,full_lpips,0.014634082862176,0.014668049220927,lower,-3.396635875099925e-05,base,paper_assets/data/main_full_metrics_by_dataset_wide.csv
shiny_blender_synthetic,test,teapot,mean_reflection_consistency,0.0038960183504968,0.0026982672978192,lower,0.0011977510526776,RC,paper_assets/data/main_full_metrics_by_dataset_wide.csv
shiny_blender_synthetic,test,teapot,reflective_region_psnr,39.41321983337402,39.78558082580567,higher,0.3723609924316449,RC,paper_assets/data/main_full_metrics_by_dataset_wide.csv
shiny_blender_synthetic,test,teapot,reflective_psnr,47.423567085266114,47.71374229431152,higher,0.29017520904540817,RC,paper_assets/data/main_full_metrics_by_dataset_wide.csv
shiny_blender_synthetic,test,teapot,reflective_ssim,0.9985236877202988,0.9985905739665032,higher,6.688624620443395e-05,RC,paper_assets/data/main_full_metrics_by_dataset_wide.csv
shiny_blender_synthetic,test,teapot,reflective_lpips,0.0013740400169626,0.001337305807101,lower,3.673420986159996e-05,RC,paper_assets/data/main_full_metrics_by_dataset_wide.csv
shiny_blender_synthetic,test,teapot,full_psnr,46.16682685852051,46.420437297821046,higher,0.2536104393005374,RC,paper_assets/data/main_full_metrics_by_dataset_wide.csv
shiny_blender_synthetic,test,teapot,full_ssim,0.9975094693899156,0.9976196816563606,higher,0.00011021226644503113,RC,paper_assets/data/main_full_metrics_by_dataset_wide.csv
shiny_blender_synthetic,test,teapot,full_lpips,0.0034660034548141,0.003229380918492,lower,0.00023662253632210015,RC,paper_assets/data/main_full_metrics_by_dataset_wide.csv
shiny_blender_synthetic,test,toaster,mean_reflection_consistency,0.1054574780166149,0.0572132058441638,lower,0.0482442721724511,RC,paper_assets/data/main_full_metrics_by_dataset_wide.csv
shiny_blender_synthetic,test,toaster,reflective_region_psnr,22.386799240112303,22.110078430175783,higher,-0.2767208099365206,base,paper_assets/data/main_full_metrics_by_dataset_wide.csv
shiny_blender_synthetic,test,toaster,reflective_psnr,28.69510087013245,28.54051815032959,higher,-0.15458271980286042,base,paper_assets/data/main_full_metrics_by_dataset_wide.csv
shiny_blender_synthetic,test,toaster,reflective_ssim,0.970665411055088,0.9706967735290528,higher,3.136247396484659e-05,RC,paper_assets/data/main_full_metrics_by_dataset_wide.csv
shiny_blender_synthetic,test,toaster,reflective_lpips,0.0377001940226182,0.0377627966739237,lower,-6.260265130550446e-05,base,paper_assets/data/main_full_metrics_by_dataset_wide.csv
shiny_blender_synthetic,test,toaster,full_psnr,27.33903795242309,27.163185234069825,higher,-0.17585271835326566,base,paper_assets/data/main_full_metrics_by_dataset_wide.csv
shiny_blender_synthetic,test,toaster,full_ssim,0.9499877572059632,0.9491659086942672,higher,-0.0008218485116959773,base,paper_assets/data/main_full_metrics_by_dataset_wide.csv
shiny_blender_synthetic,test,toaster,full_lpips,0.0569001308642327,0.0584307136479765,lower,-0.0015305827837438016,base,paper_assets/data/main_full_metrics_by_dataset_wide.csv
